-4.659194126725196838e-02 -4.550403356552124023e-02 -4.442030936479568481e-02 -4.334105923771858215e-02 -4.226649180054664612e-02 -4.119686037302017212e-02 -4.013244062662124634e-02 -3.907357901334762573e-02 -3.802020475268363953e-02 -3.697274625301361084e-02 -3.593138605356216431e-02 -3.489643335342407227e-02 -3.386780992150306702e-02 -3.284580260515213013e-02 -3.183069452643394470e-02 -3.082242421805858612e-02 -2.982123196125030518e-02 -2.882723696529865265e-02 -2.784049883484840393e-02 -2.686105668544769287e-02 -2.588895708322525024e-02 -2.492428198456764221e-02 -2.396700903773307800e-02 -2.301719412207603455e-02 -2.207461744546890259e-02 -2.113952860236167908e-02 -2.021158300340175629e-02 -1.929079927504062653e-02 -1.837712340056896210e-02 -1.747037470340728760e-02 -1.657040789723396301e-02 -1.567694917321205139e-02 -1.478988956660032272e-02 -1.390905678272247314e-02 -1.303417515009641647e-02 -1.216493640094995499e-02 -1.130114682018756866e-02 -1.044247858226299286e-02 -9.588623419404029846e-03 -8.739248849451541901e-03 -7.894024252891540527e-03 -7.052594795823097229e-03 -6.214622873812913895e-03 -5.379719194024801254e-03 -4.547488410025835037e-03 -3.717533079907298088e-03 -2.889463212341070175e-03 -2.062844345346093178e-03 -1.237284042872488499e-03 -4.123584949411451817e-04 4.123584949411451817e-04 1.237284042872488499e-03 2.062844345346093178e-03 2.889463212341070175e-03 3.717533079907298088e-03 4.547488410025835037e-03 5.379719194024801254e-03 6.214622873812913895e-03 7.052594795823097229e-03 7.894024252891540527e-03 8.739248849451541901e-03 9.588623419404029846e-03 1.044247858226299286e-02 1.130114682018756866e-02 1.216493640094995499e-02 1.303417515009641647e-02 1.390905678272247314e-02 1.478988956660032272e-02 1.567694917321205139e-02 1.657040789723396301e-02 1.747037470340728760e-02 1.837712340056896210e-02 1.929079927504062653e-02 2.021158300340175629e-02 2.113952860236167908e-02 2.207461744546890259e-02 2.301719412207603455e-02 2.396700903773307800e-02 2.492428198456764221e-02 2.588895708322525024e-02 2.686105668544769287e-02 2.784049883484840393e-02 2.882723696529865265e-02 2.982123196125030518e-02 3.082242421805858612e-02 3.183069452643394470e-02 3.284580260515213013e-02 3.386780992150306702e-02 3.489643335342407227e-02 3.593138605356216431e-02 3.697274625301361084e-02 3.802020475268363953e-02 3.907357901334762573e-02 4.013244062662124634e-02 4.119686037302017212e-02 4.226649180054664612e-02 4.334105923771858215e-02 4.442030936479568481e-02 4.550403356552124023e-02 4.659194126725196838e-02
-2.610763013362884521e-01 -3.141565322875976562e-01 -3.665156960487365723e-01 -4.180369079113006592e-01 -4.685979783535003662e-01 -5.180717110633850098e-01 -5.663300156593322754e-01 -6.132406592369079590e-01 -6.586667299270629883e-01 -7.024711966514587402e-01 -7.445146441459655762e-01 -7.846551537513732910e-01 -8.227498531341552734e-01 -8.586564064025878906e-01 -8.922322988510131836e-01 -9.233357310295104980e-01 -9.518267512321472168e-01 -9.775675535202026367e-01 -1.000424504280090332e+00 -1.020266890525817871e+00 -1.036970257759094238e+00 -1.050417304039001465e+00 -1.060495018959045410e+00 -1.067102313041687012e+00 -1.070145845413208008e+00 -1.069543123245239258e+00 -1.065225124359130859e+00 -1.057134628295898438e+00 -1.045229434967041016e+00 -1.029482841491699219e+00 -1.009885072708129883e+00 -9.864438176155090332e-01 -9.591855406761169434e-01 -9.281556606292724609e-01 -8.934193849563598633e-01 -8.550636768341064453e-01 -8.131949305534362793e-01 -7.679405808448791504e-01 -7.194485068321228027e-01 -6.678869724273681641e-01 -6.134436130523681641e-01 -5.563253760337829590e-01 -4.967564046382904053e-01 -4.349770545959472656e-01 -3.712432980537414551e-01 -3.058237135410308838e-01 -2.389987856149673462e-01 -1.710587739944458008e-01 -1.023013144731521606e-01 -3.302970528602600098e-02 3.644895926117897034e-02 1.058272868394851685e-01 1.747988164424896240e-01 2.430596649646759033e-01 3.103114068508148193e-01 3.762633800506591797e-01 4.406342804431915283e-01 5.031540989875793457e-01 5.635659098625183105e-01 6.216274499893188477e-01 6.771132946014404297e-01 7.298147082328796387e-01 7.795423269271850586e-01 8.261260390281677246e-01 8.694161176681518555e-01 9.092836976051330566e-01 9.456214308738708496e-01 9.783416390419006348e-01 1.007379412651062012e+00 1.032689452171325684e+00 1.054245948791503906e+00 1.072043538093566895e+00 1.086093425750732422e+00 1.096425414085388184e+00 1.103085160255432129e+00 1.106132507324218750e+00 1.105641365051269531e+00 1.101697206497192383e+00 1.094397068023681641e+00 1.083846330642700195e+00 1.070160031318664551e+00 1.053458809852600098e+00 1.033868670463562012e+00 1.011521220207214355e+00 9.865502715110778809e-01 9.590923786163330078e-01 9.292866587638854980e-01 8.972693085670471191e-01 8.631798624992370605e-01 8.271564841270446777e-01 7.893326878547668457e-01 7.498433589935302734e-01 7.088189721107482910e-01 6.663873195648193359e-01 6.226733922958374023e-01 5.777981281280517578e-01 5.318781137466430664e-01 4.850266277790069580e-01 4.373525977134704590e-01 3.889601528644561768e-01
2.665484696626663208e-02 -3.697317838668823242e-02 -1.002686396241188049e-01 -1.630278974771499634e-01 -2.250412553548812866e-01 -2.860902547836303711e-01 -3.459507524967193604e-01 -4.043954312801361084e-01 -4.611964225769042969e-01 -5.161269903182983398e-01 -5.689629316329956055e-01 -6.194858551025390625e-01 -6.674855947494506836e-01 -7.127598524093627930e-01 -7.551171779632568359e-01 -7.943789958953857422e-01 -8.303782939910888672e-01 -8.629633188247680664e-01 -8.919974565505981445e-01 -9.173579216003417969e-01 -9.389411211013793945e-01 -9.566566944122314453e-01 -9.704314470291137695e-01 -9.802106618881225586e-01 -9.859554767608642578e-01 -9.876428842544555664e-01 -9.852697849273681641e-01 -9.788478612899780273e-01 -9.684066772460937500e-01 -9.539916515350341797e-01 -9.356663227081298828e-01 -9.135093688964843750e-01 -8.876165151596069336e-01 -8.580983877182006836e-01 -8.250818252563476562e-01 -7.887066602706909180e-01 -7.491281032562255859e-01 -7.065140008926391602e-01 -6.610453128814697266e-01 -6.129132509231567383e-01 -5.623210072517395020e-01 -5.094800591468811035e-01 -4.546114802360534668e-01 -3.979431688785552979e-01 -3.397087752819061279e-01 -2.801480293273925781e-01 -2.195039689540863037e-01 -1.580221951007843018e-01 -9.595064073801040649e-02 -3.353777527809143066e-02 2.896824479103088379e-02 9.132044017314910889e-02 1.532731652259826660e-01 2.145838737487792969e-01 2.750129699707031250e-01 3.343251347541809082e-01 3.922876119613647461e-01 4.486741125583648682e-01 5.032616853713989258e-01 5.558345317840576172e-01 6.061807870864868164e-01 6.540961265563964844e-01 6.993831396102905273e-01 7.418510913848876953e-01 7.813178300857543945e-01 8.176113367080688477e-01 8.505687713623046875e-01 8.800386190414428711e-01 9.058825969696044922e-01 9.279758930206298828e-01 9.462088346481323242e-01 9.604883193969726562e-01 9.707387685775756836e-01 9.769035577774047852e-01 9.789446592330932617e-01 9.768459796905517578e-01 9.706116914749145508e-01 9.602670669555664062e-01 9.458576440811157227e-01 9.274526834487915039e-01 9.051373004913330078e-01 8.790191411972045898e-01 8.492221832275390625e-01 8.158886432647705078e-01 7.791734933853149414e-01 7.392473220825195312e-01 6.962908506393432617e-01 6.504956483840942383e-01 6.020592451095581055e-01 5.511856079101562500e-01 4.980824291706085205e-01 4.429603517055511475e-01 3.860285282135009766e-01 3.274953365325927734e-01 2.675661146640777588e-01 2.064429819583892822e-01 1.443204283714294434e-01 8.138789236545562744e-02 1.782674342393875122e-02 -4.618934169411659241e-02
6.248127669095993042e-03 -5.723478645086288452e-02 -1.204575896263122559e-01 -1.831887066364288330e-01 -2.451899498701095581e-01 -3.062148094177246094e-01 -3.660165965557098389e-01 -4.243490993976593018e-01 -4.809660017490386963e-01 -5.356307029724121094e-01 -5.881125330924987793e-01 -6.381907463073730469e-01 -6.856565475463867188e-01 -7.303154468536376953e-01 -7.719840407371520996e-01 -8.104971051216125488e-01 -8.457014560699462891e-01 -8.774611949920654297e-01 -9.056551456451416016e-01 -9.301772117614746094e-01 -9.509365558624267578e-01 -9.678571820259094238e-01 -9.808790683746337891e-01 -9.899553656578063965e-01 -9.950539469718933105e-01 -9.961598515510559082e-01 -9.932693839073181152e-01 -9.863950014114379883e-01 -9.755635261535644531e-01 -9.608169198036193848e-01 -9.422113299369812012e-01 -9.198175072669982910e-01 -8.937205672264099121e-01 -8.640215396881103516e-01 -8.308338522911071777e-01 -7.942872047424316406e-01 -7.545235753059387207e-01 -7.117000818252563477e-01 -6.659865379333496094e-01 -6.175650954246520996e-01 -5.666303634643554688e-01 -5.133882761001586914e-01 -4.580559432506561279e-01 -4.008587896823883057e-01 -3.420324027538299561e-01 -2.818188667297363281e-01 -2.204671353101730347e-01 -1.582307368516921997e-01 -9.536780416965484619e-02 -3.213772177696228027e-02 3.119802102446556091e-02 9.437882900238037109e-02 1.571457087993621826e-01 2.192429900169372559e-01 2.804183363914489746e-01 3.404252827167510986e-01 3.990232944488525391e-01 4.559799134731292725e-01 5.110691785812377930e-01 5.640754699707031250e-01 6.147908568382263184e-01 6.630184054374694824e-01 7.085708379745483398e-01 7.512701749801635742e-01 7.909513115882873535e-01 8.274568319320678711e-01 8.606437444686889648e-01 8.903778195381164551e-01 9.165386557579040527e-01 9.390164017677307129e-01 9.577145576477050781e-01 9.725502729415893555e-01 9.834525585174560547e-01 9.903668165206909180e-01 9.932535886764526367e-01 9.920876026153564453e-01 9.868624210357666016e-01 9.775879383087158203e-01 9.642922878265380859e-01 9.470218420028686523e-01 9.258418083190917969e-01 9.008376002311706543e-01 8.721113204956054688e-01 8.397856354713439941e-01 8.039997220039367676e-01 7.649096250534057617e-01 7.226884365081787109e-01 6.775223016738891602e-01 6.296103000640869141e-01 5.791615247726440430e-01 5.263947844505310059e-01 4.715356528759002686e-01 4.148125350475311279e-01 3.564566969871520996e-01 2.966998815536499023e-01 2.357703745365142822e-01 1.738929748535156250e-01 1.112862825393676758e-01 4.816112294793128967e-02 -1.528102904558181763e-02
3.634300082921981812e-03 -5.983371287584304810e-02 -1.230444088578224182e-01 -1.857606917619705200e-01 -2.477403283119201660e-01 -3.087351918220520020e-01 -3.684979677200317383e-01 -4.267811477184295654e-01 -4.833420217037200928e-01 -5.379455089569091797e-01 -5.903638005256652832e-01 -6.403799057006835938e-01 -6.877877712249755859e-01 -7.323946356773376465e-01 -7.740207314491271973e-01 -8.125007748603820801e-01 -8.476823568344116211e-01 -8.794288039207458496e-01 -9.076164364814758301e-01 -9.321371316909790039e-01 -9.528974890708923340e-01 -9.698182940483093262e-01 -9.828346371650695801e-01 -9.918978810310363770e-01 -9.969728589057922363e-01 -9.980401396751403809e-01 -9.950958490371704102e-01 -9.881519079208374023e-01 -9.772351980209350586e-01 -9.623879194259643555e-01 -9.436686635017395020e-01 -9.211509823799133301e-01 -8.949235081672668457e-01 -8.650905489921569824e-01 -8.317703604698181152e-01 -7.950959801673889160e-01 -7.552132606506347656e-01 -7.122821211814880371e-01 -6.664750576019287109e-01 -6.179748773574829102e-01 -5.669780969619750977e-01 -5.136879086494445801e-01 -4.583206772804260254e-01 -4.010992944240570068e-01 -3.422551155090332031e-01 -2.820265591144561768e-01 -2.206575125455856323e-01 -1.583976596593856812e-01 -9.549939632415771484e-02 -3.221885114908218384e-02 3.118617832660675049e-02 9.445799887180328369e-02 1.573384553194046021e-01 2.195713818073272705e-01 2.809045910835266113e-01 3.410884737968444824e-01 3.998798131942749023e-01 4.570401310920715332e-01 5.123401284217834473e-01 5.655568242073059082e-01 6.164783835411071777e-01 6.649010777473449707e-01 7.106329202651977539e-01 7.534927725791931152e-01 7.933111190795898438e-01 8.299317955970764160e-01 8.632102012634277344e-01 8.930144906044006348e-01 9.192284345626831055e-01 9.417470097541809082e-01 9.604796171188354492e-01 9.753504991531372070e-01 9.862973690032958984e-01 9.932724237442016602e-01 9.962437152862548828e-01 9.951921701431274414e-01 9.901161193847656250e-01 9.810287952423095703e-01 9.679590463638305664e-01 9.509522914886474609e-01 9.300701618194580078e-01 9.053922891616821289e-01 8.770135641098022461e-01 8.450465798377990723e-01 8.096216917037963867e-01 7.708846330642700195e-01 7.289972305297851562e-01 6.841360330581665039e-01 6.364930868148803711e-01 5.862720608711242676e-01 5.336875915527343750e-01 4.789643287658691406e-01 4.223342835903167725e-01 3.640346825122833252e-01 3.043045699596405029e-01 2.433851361274719238e-01 1.815136969089508057e-01 1.189256310462951660e-01 5.584708601236343384e-02 -7.502447813749313354e-03
2.077948302030563354e-03 -6.137452274560928345e-02 -1.245713382959365845e-01 -1.872727125883102417e-01 -2.492325901985168457e-01 -3.102009296417236328e-01 -3.699294626712799072e-01 -4.281704425811767578e-01 -4.846832752227783203e-01 -5.392341017723083496e-01 -5.915966629981994629e-01 -6.415572762489318848e-01 -6.889128088951110840e-01 -7.334720492362976074e-01 -7.750582695007324219e-01 -8.135062456130981445e-01 -8.486651182174682617e-01 -8.803978562355041504e-01 -9.085801839828491211e-01 -9.331024289131164551e-01 -9.538694620132446289e-01 -9.707986712455749512e-01 -9.838238358497619629e-01 -9.928927421569824219e-01 -9.979682564735412598e-01 -9.990279674530029297e-01 -9.960662722587585449e-01 -9.890931844711303711e-01 -9.781349301338195801e-01 -9.632344841957092285e-01 -9.444505572319030762e-01 -9.218577146530151367e-01 -8.955474495887756348e-01 -8.656249642372131348e-01 -8.322122693061828613e-01 -7.954449057579040527e-01 -7.554724216461181641e-01 -7.124568819999694824e-01 -6.665730476379394531e-01 -6.180070638656616211e-01 -5.669547915458679199e-01 -5.136224627494812012e-01 -4.582242965698242188e-01 -4.009841084480285645e-01 -3.421308100223541260e-01 -2.819009721279144287e-01 -2.205358743667602539e-01 -1.582815647125244141e-01 -9.538783878087997437e-02 -3.210733458399772644e-02 3.130568191409111023e-02 9.459564089775085449e-02 1.575070470571517944e-01 2.197858840227127075e-01 2.811805903911590576e-01 3.414412438869476318e-01 4.003238081932067871e-01 4.575891494750976562e-01 5.130048394203186035e-01 5.663452148437500000e-01 6.173947453498840332e-01 6.659458875656127930e-01 7.118033170700073242e-01 7.547814249992370605e-01 7.947081327438354492e-01 8.314234018325805664e-01 8.647815585136413574e-01 8.946496844291687012e-01 9.209104180335998535e-01 9.434607625007629395e-01 9.622127413749694824e-01 9.770923256874084473e-01 9.880416989326477051e-01 9.950185418128967285e-01 9.979941248893737793e-01 9.969570040702819824e-01 9.919082522392272949e-01 9.828662276268005371e-01 9.698626399040222168e-01 9.529464244842529297e-01 9.321791529655456543e-01 9.076394438743591309e-01 8.794219493865966797e-01 8.476346731185913086e-01 8.124022483825683594e-01 7.738651037216186523e-01 7.321783900260925293e-01 6.875119805335998535e-01 6.400497555732727051e-01 5.899903178215026855e-01 5.375424623489379883e-01 4.829277694225311279e-01 4.263781011104583740e-01 3.681282401084899902e-01 3.084227740764617920e-01 2.475079149007797241e-01 1.856288760900497437e-01 1.230297833681106567e-01 5.994853749871253967e-02 -3.383211791515350342e-03
1.012951135635375977e-03 -6.242677196860313416e-02 -1.256151050329208374e-01 -1.883077472448348999e-01 -2.502560913562774658e-01 -3.112090528011322021e-01 -3.709159493446350098e-01 -4.291301071643829346e-01 -4.856097400188446045e-01 -5.401222109794616699e-01 -5.924428701400756836e-01 -6.423594951629638672e-01 -6.896702051162719727e-01 -7.341856360435485840e-01 -7.757306694984436035e-01 -8.141409754753112793e-01 -8.492677807807922363e-01 -8.809729814529418945e-01 -9.091342687606811523e-01 -9.336406588554382324e-01 -9.543963074684143066e-01 -9.713191986083984375e-01 -9.843407869338989258e-01 -9.934067726135253906e-01 -9.984797835350036621e-01 -9.995366930961608887e-01 -9.965692758560180664e-01 -9.895873665809631348e-01 -9.786162972450256348e-01 -9.636980891227722168e-01 -9.448907375335693359e-01 -9.222686290740966797e-01 -8.959241509437561035e-01 -8.659631609916687012e-01 -8.325080275535583496e-01 -7.956961989402770996e-01 -7.556773424148559570e-01 -7.126159071922302246e-01 -6.666867733001708984e-01 -6.180773973464965820e-01 -5.669854879379272461e-01 -5.136178731918334961e-01 -4.581899046897888184e-01 -4.009244441986083984e-01 -3.420516848564147949e-01 -2.818072140216827393e-01 -2.204321920871734619e-01 -1.581716686487197876e-01 -9.527463465929031372e-02 -3.199241310358047485e-02 3.142231330275535583e-02 9.471489489078521729e-02 1.576326191425323486e-01 2.199207395315170288e-01 2.813297510147094727e-01 3.416109383106231689e-01 4.005202353000640869e-01 4.578190743923187256e-01 5.132747888565063477e-01 5.666612982749938965e-01 6.177616119384765625e-01 6.663677692413330078e-01 7.122821211814880371e-01 7.553185224533081055e-01 7.953028082847595215e-01 8.320723772048950195e-01 8.654810190200805664e-01 8.953940272331237793e-01 9.216926693916320801e-01 9.442733526229858398e-01 9.630478024482727051e-01 9.779426455497741699e-01 9.889014363288879395e-01 9.958818554878234863e-01 9.988581538200378418e-01 9.978194832801818848e-01 9.927704930305480957e-01 9.837322831153869629e-01 9.707378745079040527e-01 9.538390040397644043e-01 9.330991506576538086e-01 9.085981845855712891e-01 8.804301619529724121e-01 8.487038016319274902e-01 8.135425448417663574e-01 7.750838398933410645e-01 7.334815859794616699e-01 6.889021992683410645e-01 6.415253281593322754e-01 5.915459990501403809e-01 5.391706824302673340e-01 4.846168756484985352e-01 4.281130135059356689e-01 3.698962032794952393e-01 3.102083504199981689e-01 2.492980808019638062e-01 1.874133199453353882e-01 1.248022317886352539e-01 6.170975044369697571e-02 -1.627694815397262573e-03
1.424636691808700562e-03 -6.201141700148582458e-02 -1.252004355192184448e-01 -1.878971010446548462e-01 -2.498516738414764404e-01 -3.108114302158355713e-01 -3.705255091190338135e-01 -4.287466108798980713e-01 -4.852330684661865234e-01 -5.397527217864990234e-01 -5.920802950859069824e-01 -6.420046091079711914e-01 -6.893244981765747070e-01 -7.338514328002929688e-01 -7.754091620445251465e-01 -8.138349652290344238e-01 -8.489801287651062012e-01 -8.807068467140197754e-01 -9.088926315307617188e-01 -9.334261417388916016e-01 -9.542117714881896973e-01 -9.711666703224182129e-01 -9.842222332954406738e-01 -9.933236837387084961e-01 -9.984326958656311035e-01 -9.995254278182983398e-01 -9.965943098068237305e-01 -9.896469116210937500e-01 -9.787092208862304688e-01 -9.638220667839050293e-01 -9.450438022613525391e-01 -9.224486351013183594e-01 -8.961280584335327148e-01 -8.661887645721435547e-01 -8.327520489692687988e-01 -7.959553599357604980e-01 -7.559489607810974121e-01 -7.128969430923461914e-01 -6.669747829437255859e-01 -6.183705925941467285e-01 -5.672812461853027344e-01 -5.139141678810119629e-01 -4.584861397743225098e-01 -4.012189805507659912e-01 -3.423435091972351074e-01 -2.820959687232971191e-01 -2.207169681787490845e-01 -1.584523767232894897e-01 -9.555108100175857544e-02 -3.226350247859954834e-02 3.115697577595710754e-02 9.445688128471374512e-02 1.573824733495712280e-01 2.196810096502304077e-01 2.811023294925689697e-01 3.413989543914794922e-01 4.003269672393798828e-01 4.576488435268402100e-01 5.131306648254394531e-01 5.665486454963684082e-01 6.176849007606506348e-01 6.663315892219543457e-01 7.122903466224670410e-01 7.553750276565551758e-01 7.954103350639343262e-01 8.322336673736572266e-01 8.656970858573913574e-01 8.956654071807861328e-01 9.220191240310668945e-01 9.446536302566528320e-01 9.634790420532226562e-01 9.784223437309265137e-01 9.894257187843322754e-01 9.964472651481628418e-01 9.994615912437438965e-01 9.984580874443054199e-01 9.934416413307189941e-01 9.844339489936828613e-01 9.714705348014831543e-01 9.546022415161132812e-01 9.338946342468261719e-01 9.094290137290954590e-01 8.812996745109558105e-01 8.496155738830566406e-01 8.145000934600830078e-01 7.760916948318481445e-01 7.345417737960815430e-01 6.900160908699035645e-01 6.426935791969299316e-01 5.927665829658508301e-01 5.404394865036010742e-01 4.859284758567810059e-01 4.294603765010833740e-01 3.712698519229888916e-01 3.115995228290557861e-01 2.506968677043914795e-01 1.888115257024765015e-01 1.261930465698242188e-01 6.308959424495697021e-02 -2.596192061901092529e-04
-6.465204060077667236e-04 -6.407883763313293457e-02 -1.272575855255126953e-01 -1.899377554655075073e-01 -2.518685162067413330e-01 -3.127967119216918945e-01 -3.724734187126159668e-01 -4.306493103504180908e-01 -4.870852231979370117e-01 -5.415475368499755859e-01 -5.938138961791992188e-01 -6.436721086502075195e-01 -6.909221410751342773e-01 -7.353756427764892578e-01 -7.768578529357910156e-01 -8.152061700820922852e-01 -8.502715826034545898e-01 -8.819167613983154297e-01 -9.100199937820434570e-01 -9.344698190689086914e-01 -9.551712274551391602e-01 -9.720405340194702148e-01 -9.850100278854370117e-01 -9.940257072448730469e-01 -9.990487098693847656e-01 -1.000055789947509766e+00 -9.970396757125854492e-01 -9.900088310241699219e-01 -9.789890050888061523e-01 -9.640219211578369141e-01 -9.451649188995361328e-01 -9.224945306777954102e-01 -8.961005210876464844e-01 -8.660905361175537109e-01 -8.325870037078857422e-01 -7.957261800765991211e-01 -7.556589841842651367e-01 -7.125494480133056641e-01 -6.665736436843872070e-01 -6.179184913635253906e-01 -5.667819976806640625e-01 -5.133719444274902344e-01 -4.579025506973266602e-01 -4.006000757217407227e-01 -3.416924774646759033e-01 -2.814180850982666016e-01 -2.200167924165725708e-01 -1.577347218990325928e-01 -9.482115507125854492e-02 -3.152750059962272644e-02 3.189316391944885254e-02 9.518733620643615723e-02 1.581010371446609497e-01 2.203819751739501953e-01 2.817801833152770996e-01 3.420483469963073730e-01 4.009429216384887695e-01 4.582266211509704590e-01 5.136671066284179688e-01 5.670400857925415039e-01 6.181285381317138672e-01 6.667252779006958008e-01 7.126330137252807617e-01 7.556651830673217773e-01 7.956463098526000977e-01 8.324153423309326172e-01 8.658233880996704102e-01 8.957355022430419922e-01 9.220316410064697266e-01 9.446069002151489258e-01 9.633717536926269531e-01 9.782524108886718750e-01 9.891916513442993164e-01 9.961464405059814453e-01 9.990921020507812500e-01 9.980182647705078125e-01 9.929304122924804688e-01 9.838505983352661133e-01 9.708155393600463867e-01 9.538767337799072266e-01 9.331012964248657227e-01 9.085706472396850586e-01 8.803806304931640625e-01 8.486413955688476562e-01 8.134768009185791016e-01 7.750259637832641602e-01 7.334402799606323242e-01 6.888841390609741211e-01 6.415381431579589844e-01 5.915927886962890625e-01 5.392512083053588867e-01 4.847288429737091064e-01 4.282515645027160645e-01 3.700535595417022705e-01 3.103752434253692627e-01 2.494654655456542969e-01 1.875739246606826782e-01 1.249502152204513550e-01 6.184327602386474609e-02 -1.503834500908851624e-03
2.861022949218750000e-04 -6.314788758754730225e-02 -1.263315081596374512e-01 -1.890194565057754517e-01 -2.509600520133972168e-01 -3.119021058082580566e-01 -3.715939521789550781e-01 -4.297891259193420410e-01 -4.862459897994995117e-01 -5.407325029373168945e-01 -5.930258631706237793e-01 -6.429133415222167969e-01 -6.901953816413879395e-01 -7.346835732460021973e-01 -7.762026190757751465e-01 -8.145889043807983398e-01 -8.496938943862915039e-01 -8.813799619674682617e-01 -9.095242023468017578e-01 -9.340152740478515625e-01 -9.547580480575561523e-01 -9.716685414314270020e-01 -9.846779108047485352e-01 -9.937330484390258789e-01 -9.987956285476684570e-01 -9.998408555984497070e-01 -9.968622922897338867e-01 -9.898682832717895508e-01 -9.788844585418701172e-01 -9.639536142349243164e-01 -9.451327323913574219e-01 -9.224970936775207520e-01 -8.961384296417236328e-01 -8.661630153656005859e-01 -8.326926827430725098e-01 -7.958646416664123535e-01 -7.558287978172302246e-01 -7.127484083175659180e-01 -6.667994856834411621e-01 -6.181689500808715820e-01 -5.670546889305114746e-01 -5.136627554893493652e-01 -4.582098722457885742e-01 -4.009191393852233887e-01 -3.420209288597106934e-01 -2.817515134811401367e-01 -2.203529328107833862e-01 -1.580709666013717651e-01 -9.515450149774551392e-02 -3.185541182756423950e-02 3.157211095094680786e-02 9.487445652484893799e-02 1.577983349561691284e-01 2.200901061296463013e-01 2.815003395080566406e-01 3.417819738388061523e-01 4.006911516189575195e-01 4.579907059669494629e-01 5.134488344192504883e-01 5.668412446975708008e-01 6.179515719413757324e-01 6.665727496147155762e-01 7.125072479248046875e-01 7.555691003799438477e-01 7.955831885337829590e-01 8.323877453804016113e-01 8.658339381217956543e-01 8.957862257957458496e-01 9.221249818801879883e-01 9.447439908981323242e-01 9.635532498359680176e-01 9.784786701202392578e-01 9.894609451293945312e-01 9.964590072631835938e-01 9.994451999664306641e-01 9.984102249145507812e-01 9.933589696884155273e-01 9.843142032623291016e-01 9.713113307952880859e-01 9.544036984443664551e-01 9.336575269699096680e-01 9.091553688049316406e-01 8.809933662414550781e-01 8.492819666862487793e-01 8.141458034515380859e-01 7.757239341735839844e-01 7.341675162315368652e-01 6.896420121192932129e-01 6.423256993293762207e-01 5.924085378646850586e-01 5.400950908660888672e-01 4.855982065200805664e-01 4.291422367095947266e-01 3.709613680839538574e-01 3.112956285476684570e-01 2.503929734230041504e-01 1.885027438402175903e-01 1.258758604526519775e-01 6.276242434978485107e-02 -5.946848541498184204e-04
4.195906221866607666e-04 -6.301462650299072266e-02 -1.261994540691375732e-01 -1.888877004384994507e-01 -2.508296668529510498e-01 -3.117716610431671143e-01 -3.714641034603118896e-01 -4.296603500843048096e-01 -4.861189126968383789e-01 -5.406076908111572266e-01 -5.929044485092163086e-01 -6.427963972091674805e-01 -6.900836229324340820e-01 -7.345783710479736328e-01 -7.761044502258300781e-01 -8.144991397857666016e-01 -8.496118783950805664e-01 -8.813066482543945312e-01 -9.094585180282592773e-01 -9.339579343795776367e-01 -9.547072649002075195e-01 -9.716243743896484375e-01 -9.846390485763549805e-01 -9.936987161636352539e-01 -9.987641572952270508e-01 -9.998120069503784180e-01 -9.968358278274536133e-01 -9.898440837860107422e-01 -9.788621664047241211e-01 -9.639329910278320312e-01 -9.451147317886352539e-01 -9.224823713302612305e-01 -8.961279392242431641e-01 -8.661574125289916992e-01 -8.326922655105590820e-01 -7.958698272705078125e-01 -7.558401823043823242e-01 -7.127662897109985352e-01 -6.668237447738647461e-01 -6.181991100311279297e-01 -5.670892000198364258e-01 -5.137012600898742676e-01 -4.582511484622955322e-01 -4.009615480899810791e-01 -3.420630991458892822e-01 -2.817926406860351562e-01 -2.203912883996963501e-01 -1.581054329872131348e-01 -9.518463164567947388e-02 -3.188066184520721436e-02 3.155177831649780273e-02 9.485931694507598877e-02 1.577871888875961304e-01 2.200825512409210205e-01 2.814956009387969971e-01 3.417788743972778320e-01 4.006889760494232178e-01 4.579890668392181396e-01 5.134471654891967773e-01 5.668395757675170898e-01 6.179500818252563477e-01 6.665722131729125977e-01 7.125083208084106445e-01 7.555730342864990234e-01 7.955915927886962891e-01 8.324023485183715820e-01 8.658550977706909180e-01 8.958170413970947266e-01 9.221652746200561523e-01 9.447950124740600586e-01 9.636154174804687500e-01 9.785522222518920898e-01 9.895459413528442383e-01 9.965535402297973633e-01 9.995491504669189453e-01 9.985221624374389648e-01 9.934777021408081055e-01 9.844365119934082031e-01 9.714375734329223633e-01 9.545320272445678711e-01 9.337873458862304688e-01 9.092862606048583984e-01 8.811256885528564453e-01 8.494161367416381836e-01 8.142831325531005859e-01 7.758657932281494141e-01 7.343153953552246094e-01 6.897976398468017578e-01 6.424902677536010742e-01 5.925841331481933594e-01 5.402809381484985352e-01 4.857942163944244385e-01 4.293479323387145996e-01 3.711742460727691650e-01 3.115141689777374268e-01 2.506140768527984619e-01 1.887233406305313110e-01 1.260940879583358765e-01 6.297526508569717407e-02 -3.870408982038497925e-04
8.210483938455581665e-04 -6.261383742094039917e-02 -1.258001625537872314e-01 -1.884912997484207153e-01 -2.504369318485260010e-01 -3.113835752010345459e-01 -3.710808455944061279e-01 -4.292831718921661377e-01 -4.857482612133026123e-01 -5.402461886405944824e-01 -5.925527215003967285e-01 -6.424567103385925293e-01 -6.897575259208679199e-01 -7.342673540115356445e-01 -7.758095264434814453e-01 -8.142212629318237305e-01 -8.493526577949523926e-01 -8.810660839080810547e-01 -9.092367291450500488e-01 -9.337547421455383301e-01 -9.545221924781799316e-01 -9.714558720588684082e-01 -9.844871163368225098e-01 -9.935615658760070801e-01 -9.986411929130554199e-01 -9.997024536132812500e-01 -9.967383742332458496e-01 -9.897583127021789551e-01 -9.787881970405578613e-01 -9.638697504997253418e-01 -9.450629949569702148e-01 -9.224424958229064941e-01 -8.960999250411987305e-01 -8.661409616470336914e-01 -8.326891660690307617e-01 -7.958797216415405273e-01 -7.558634281158447266e-01 -7.128023505210876465e-01 -6.668716669082641602e-01 -6.182586550712585449e-01 -5.671593546867370605e-01 -5.137804746627807617e-01 -4.583373665809631348e-01 -4.010535776615142822e-01 -3.421584069728851318e-01 -2.818893492221832275e-01 -2.204870432615280151e-01 -1.581993550062179565e-01 -9.527495503425598145e-02 -3.196706250309944153e-02 3.147118538618087769e-02 9.478481113910675049e-02 1.577190160751342773e-01 2.200211584568023682e-01 2.814402282238006592e-01 3.417294621467590332e-01 4.006453454494476318e-01 4.579509496688842773e-01 5.134148001670837402e-01 5.668129920959472656e-01 6.179296374320983887e-01 6.665586829185485840e-01 7.125025987625122070e-01 7.555766701698303223e-01 7.956058979034423828e-01 8.324285149574279785e-01 8.658961653709411621e-01 8.958727717399597168e-01 9.222376346588134766e-01 9.448853135108947754e-01 9.637243747711181641e-01 9.786795377731323242e-01 9.896917343139648438e-01 9.967175722122192383e-01 9.997305870056152344e-01 9.987192153930664062e-01 9.936892986297607422e-01 9.846619367599487305e-01 9.716743230819702148e-01 9.547790288925170898e-01 9.340438246726989746e-01 9.095510840415954590e-01 8.813982009887695312e-01 8.496969938278198242e-01 8.145731687545776367e-01 7.761647701263427734e-01 7.346247434616088867e-01 6.901181936264038086e-01 6.428226232528686523e-01 5.929288864135742188e-01 5.406382083892822266e-01 4.861631095409393311e-01 4.297268688678741455e-01 3.715615272521972656e-01 3.119072020053863525e-01 2.510096430778503418e-01 1.891186386346817017e-01 1.264857649803161621e-01 6.336252391338348389e-02 -6.003305315971374512e-06
-7.221654057502746582e-03 -7.064008712768554688e-02 -1.337841600179672241e-01 -1.964062750339508057e-01 -2.582561969757080078e-01 -3.190816342830657959e-01 -3.786344826221466064e-01 -4.366686046123504639e-01 -4.929453432559967041e-01 -5.472351312637329102e-01 -5.993164181709289551e-01 -6.489799618721008301e-01 -6.960271000862121582e-01 -7.402706742286682129e-01 -7.815372347831726074e-01 -8.196644783020019531e-01 -8.545037508010864258e-01 -8.859179615974426270e-01 -9.137849807739257812e-01 -9.379940629005432129e-01 -9.584491252899169922e-01 -9.750682115554809570e-01 -9.877831339836120605e-01 -9.965406656265258789e-01 -1.001304149627685547e+00 -1.002050518989562988e+00 -9.987753033638000488e-01 -9.914886355400085449e-01 -9.802172780036926270e-01 -9.650059938430786133e-01 -9.459131360054016113e-01 -9.230171442031860352e-01 -8.964098095893859863e-01 -8.661987781524658203e-01 -8.325069546699523926e-01 -7.954713702201843262e-01 -7.552429437637329102e-01 -7.119848728179931641e-01 -6.658723950386047363e-01 -6.170929074287414551e-01 -5.658430457115173340e-01 -5.123295187950134277e-01 -4.567678868770599365e-01 -3.993819057941436768e-01 -3.404015600681304932e-01 -2.800639569759368896e-01 -2.186105847358703613e-01 -1.562882959842681885e-01 -9.334725141525268555e-02 -3.003987111151218414e-02 3.337937220931053162e-02 9.665617346763610840e-02 1.595356613397598267e-01 2.217652350664138794e-01 2.830945551395416260e-01 3.432763814926147461e-01 4.020685851573944092e-01 4.592338204383850098e-01 5.145420432090759277e-01 5.677704215049743652e-01 6.187040209770202637e-01 6.671373248100280762e-01 7.128751873970031738e-01 7.557319998741149902e-01 7.955355644226074219e-01 8.321245908737182617e-01 8.653520345687866211e-01 8.950831294059753418e-01 9.211981892585754395e-01 9.435915946960449219e-01 9.621737003326416016e-01 9.768706560134887695e-01 9.876236915588378906e-01 9.943903684616088867e-01 9.971438646316528320e-01 9.958759546279907227e-01 9.905916452407836914e-01 9.813134670257568359e-01 9.680809378623962402e-01 9.509461522102355957e-01 9.299789071083068848e-01 9.052633643150329590e-01 8.768982887268066406e-01 8.449954390525817871e-01 8.096832633018493652e-01 7.711002230644226074e-01 7.294005155563354492e-01 6.847487688064575195e-01 6.373254060745239258e-01 5.873185992240905762e-01 5.349318981170654297e-01 4.803777933120727539e-01 4.238776862621307373e-01 3.656641244888305664e-01 3.059771358966827393e-01 2.450618892908096313e-01 1.831676065921783447e-01 1.205467134714126587e-01 5.744903162121772766e-02 -5.878213793039321899e-03
2.662315964698791504e-04 -6.316705048084259033e-02 -1.263499259948730469e-01 -1.890355348587036133e-01 -2.509721815586090088e-01 -3.119070529937744141e-01 -3.715913295745849609e-01 -4.297765493392944336e-01 -4.862251877784729004e-01 -5.407052636146545410e-01 -5.929934978485107422e-01 -6.428796648979187012e-01 -6.901637315750122070e-01 -7.346573472023010254e-01 -7.761846780776977539e-01 -8.145826458930969238e-01 -8.497007489204406738e-01 -8.814003467559814453e-01 -9.095577001571655273e-01 -9.340603351593017578e-01 -9.548115730285644531e-01 -9.717274308204650879e-01 -9.847387671470642090e-01 -9.937921166419982910e-01 -9.988477230072021484e-01 -9.998840689659118652e-01 -9.968935251235961914e-01 -9.898864626884460449e-01 -9.788894653320312500e-01 -9.639456272125244141e-01 -9.451140165328979492e-01 -9.224706292152404785e-01 -8.961070179939270020e-01 -8.661309480667114258e-01 -8.326637148857116699e-01 -7.958416938781738281e-01 -7.558147311210632324e-01 -7.127454876899719238e-01 -6.668091416358947754e-01 -6.181905865669250488e-01 -5.670870542526245117e-01 -5.137040019035339355e-01 -4.582563340663909912e-01 -4.009668827056884766e-01 -3.420661985874176025e-01 -2.817901074886322021e-01 -2.203810513019561768e-01 -1.580854654312133789e-01 -9.515368938446044922e-02 -3.183802217245101929e-02 3.160623833537101746e-02 9.492459893226623535e-02 1.578616499900817871e-01 2.201640307903289795e-01 2.815811932086944580e-01 3.418650329113006592e-01 4.007731080055236816e-01 4.580681920051574707e-01 5.135188102722167969e-01 5.669017434120178223e-01 6.180021166801452637e-01 6.666135191917419434e-01 7.125404477119445801e-01 7.555968761444091797e-01 7.956097126007080078e-01 8.324170708656311035e-01 8.658709526062011719e-01 8.958354592323303223e-01 9.221897721290588379e-01 9.448276758193969727e-01 9.636582732200622559e-01 9.786053895950317383e-01 9.896093606948852539e-01 9.966269731521606445e-01 9.996298551559448242e-01 9.986073970794677734e-01 9.935646057128906250e-01 9.845222234725952148e-01 9.715182781219482422e-01 9.546049237251281738e-01 9.338507056236267090e-01 9.093395471572875977e-01 8.811683058738708496e-01 8.494502902030944824e-01 8.143115639686584473e-01 7.758908271789550781e-01 7.343421578407287598e-01 6.898300051689147949e-01 6.425323486328125000e-01 5.926398038864135742e-01 5.403523445129394531e-01 4.858819544315338135e-01 4.294511973857879639e-01 3.712908327579498291e-01 3.116396069526672363e-01 2.507435679435729980e-01 1.888517290353775024e-01 1.262157261371612549e-01 6.308762729167938232e-02 -2.849027514457702637e-04
-9.239464998245239258e-05 -6.352136284112930298e-02 -1.266993284225463867e-01 -1.893776357173919678e-01 -2.513049542903900146e-01 -3.122296631336212158e-01 -3.719010353088378906e-01 -4.300734102725982666e-01 -4.865079522132873535e-01 -5.409725308418273926e-01 -5.932461619377136230e-01 -6.431178450584411621e-01 -6.903874874114990234e-01 -7.348675727844238281e-01 -7.763824462890625000e-01 -8.147686123847961426e-01 -8.498744368553161621e-01 -8.815625905990600586e-01 -9.097079634666442871e-01 -9.341989755630493164e-01 -9.549379944801330566e-01 -9.718411564826965332e-01 -9.848387241363525391e-01 -9.938771128654479980e-01 -9.989172816276550293e-01 -9.999375939369201660e-01 -9.969304203987121582e-01 -9.899066090583801270e-01 -9.788928627967834473e-01 -9.639322757720947266e-01 -9.450847506523132324e-01 -9.224267005920410156e-01 -8.960498571395874023e-01 -8.660610914230346680e-01 -8.325826525688171387e-01 -7.957516312599182129e-01 -7.557169795036315918e-01 -7.126410007476806641e-01 -6.666983962059020996e-01 -6.180754303932189941e-01 -5.669671893119812012e-01 -5.135803222656250000e-01 -4.581293165683746338e-01 -4.008359611034393311e-01 -3.419315218925476074e-01 -2.816518843173980713e-01 -2.202389687299728394e-01 -1.579392999410629272e-01 -9.500363469123840332e-02 -3.168462216854095459e-02 3.176276758313179016e-02 9.508264064788818359e-02 1.580207794904708862e-01 2.203229516744613647e-01 2.817378938198089600e-01 3.420187830924987793e-01 4.009220004081726074e-01 4.582104980945587158e-01 5.136532783508300781e-01 5.670272111892700195e-01 6.181170344352722168e-01 6.667176485061645508e-01 7.126327753067016602e-01 7.556774616241455078e-01 7.956780195236206055e-01 8.324741721153259277e-01 8.659158945083618164e-01 8.958693742752075195e-01 9.222129583358764648e-01 9.448406696319580078e-01 9.636608362197875977e-01 9.785986542701721191e-01 9.895928502082824707e-01 9.966002106666564941e-01 9.995924830436706543e-01 9.985590577125549316e-01 9.935047030448913574e-01 9.844503998756408691e-01 9.714338183403015137e-01 9.545080065727233887e-01 9.337406754493713379e-01 9.092162251472473145e-01 8.810326457023620605e-01 8.493031263351440430e-01 8.141530156135559082e-01 7.757224440574645996e-01 7.341663241386413574e-01 6.896475553512573242e-01 6.423451900482177734e-01 5.924484729766845703e-01 5.401589274406433105e-01 4.856875240802764893e-01 4.292553365230560303e-01 3.710947930812835693e-01 3.114427626132965088e-01 2.505451440811157227e-01 1.886512935161590576e-01 1.260127574205398560e-01 6.288251280784606934e-02 -4.930645227432250977e-04
2.962574362754821777e-04 -6.313554197549819946e-02 -1.263176500797271729e-01 -1.890015602111816406e-01 -2.509359717369079590e-01 -3.118679523468017578e-01 -3.715480268001556396e-01 -4.297296404838562012e-01 -4.861739873886108398e-01 -5.406501889228820801e-01 -5.929362177848815918e-01 -6.428213715553283691e-01 -6.901066899299621582e-01 -7.346028685569763184e-01 -7.761350274085998535e-01 -8.145393133163452148e-01 -8.496645689010620117e-01 -8.813728094100952148e-01 -9.095376133918762207e-01 -9.340485930442810059e-01 -9.548065066337585449e-01 -9.717277884483337402e-01 -9.847436547279357910e-01 -9.937987923622131348e-01 -9.988548755645751953e-01 -9.998898506164550781e-01 -9.968969225883483887e-01 -9.898865222930908203e-01 -9.788858294486999512e-01 -9.639378786087036133e-01 -9.451028108596801758e-01 -9.224569201469421387e-01 -8.960925936698913574e-01 -8.661164045333862305e-01 -8.326512575149536133e-01 -7.958326935768127441e-01 -7.558110356330871582e-01 -7.127482295036315918e-01 -6.668177843093872070e-01 -6.182063221931457520e-01 -5.671087503433227539e-01 -5.137313008308410645e-01 -4.582880139350891113e-01 -4.010014832019805908e-01 -3.421017825603485107e-01 -2.818250358104705811e-01 -2.204135358333587646e-01 -1.581138670444488525e-01 -9.517651051282882690e-02 -3.185494616627693176e-02 3.159622102975845337e-02 9.492143243551254272e-02 1.578650176525115967e-01 2.201730012893676758e-01 2.815944254398345947e-01 3.418815433979034424e-01 4.007918536663055420e-01 4.580873250961303711e-01 5.135375261306762695e-01 5.669191479682922363e-01 6.180176734924316406e-01 6.666273474693298340e-01 7.125521302223205566e-01 7.556080222129821777e-01 7.956205010414123535e-01 8.324300050735473633e-01 8.658865690231323242e-01 8.958557844161987305e-01 9.222164750099182129e-01 9.448615908622741699e-01 9.637013077735900879e-01 9.786573648452758789e-01 9.896707534790039062e-01 9.966965913772583008e-01 9.997082948684692383e-01 9.986927509307861328e-01 9.936555624008178711e-01 9.846179485321044922e-01 9.716161489486694336e-01 9.547041058540344238e-01 9.339498877525329590e-01 9.094368219375610352e-01 8.812645077705383301e-01 8.495455384254455566e-01 8.144059777259826660e-01 7.759857177734375000e-01 7.344394326210021973e-01 6.899313330650329590e-01 6.426395177841186523e-01 5.927537083625793457e-01 5.404737591743469238e-01 4.860118925571441650e-01 4.295886754989624023e-01 3.714348971843719482e-01 3.117890655994415283e-01 2.508947551250457764e-01 1.890023350715637207e-01 1.263639926910400391e-01 6.323047727346420288e-02 -1.477859914302825928e-04
3.007557243108749390e-03 -6.043192744255065918e-02 -1.236299723386764526e-01 -1.863392740488052368e-01 -2.483060359954833984e-01 -3.092783689498901367e-01 -3.690063655376434326e-01 -4.272436797618865967e-01 -4.837505221366882324e-01 -5.382958650588989258e-01 -5.906575322151184082e-01 -6.406247019767761230e-01 -6.879966855049133301e-01 -7.325851917266845703e-01 -7.742144465446472168e-01 -8.127189874649047852e-01 -8.479480743408203125e-01 -8.797621130943298340e-01 -9.080355167388916016e-01 -9.326555728912353516e-01 -9.535232186317443848e-01 -9.705539345741271973e-01 -9.836781024932861328e-01 -9.928411245346069336e-01 -9.980031847953796387e-01 -9.991424679756164551e-01 -9.962514638900756836e-01 -9.893414378166198730e-01 -9.784380793571472168e-01 -9.635858535766601562e-01 -9.448434114456176758e-01 -9.222877621650695801e-01 -8.960109353065490723e-01 -8.661187887191772461e-01 -8.327349424362182617e-01 -7.959937453269958496e-01 -7.560456991195678711e-01 -7.130520343780517578e-01 -6.671865582466125488e-01 -6.186341047286987305e-01 -5.675908923149108887e-01 -5.142615437507629395e-01 -4.588600099086761475e-01 -4.016090333461761475e-01 -3.427380919456481934e-01 -2.824834287166595459e-01 -2.210866808891296387e-01 -1.587949693202972412e-01 -9.585961699485778809e-02 -3.253287449479103088e-02 3.092934563755989075e-02 9.427179396152496338e-02 1.572384387254714966e-01 2.195747345685958862e-01 2.810298204421997070e-01 3.413558006286621094e-01 4.003086984157562256e-01 4.576520621776580811e-01 5.131536722183227539e-01 5.665913224220275879e-01 6.177496910095214844e-01 6.664227247238159180e-01 7.124152183532714844e-01 7.555420398712158203e-01 7.956288456916809082e-01 8.325157165527343750e-01 8.660529851913452148e-01 8.961054086685180664e-01 9.225514531135559082e-01 9.452850222587585449e-01 9.642125964164733887e-01 9.792594909667968750e-01 9.903631210327148438e-01 9.974802732467651367e-01 1.000581264495849609e+00 9.996547698974609375e-01 9.947042465209960938e-01 9.857511520385742188e-01 9.728322029113769531e-01 9.559995532035827637e-01 9.353219270706176758e-01 9.108826518058776855e-01 8.827797770500183105e-01 8.511265516281127930e-01 8.160498142242431641e-01 7.776889204978942871e-01 7.361969947814941406e-01 6.917392015457153320e-01 6.444937586784362793e-01 5.946494936943054199e-01 5.424068570137023926e-01 4.879760444164276123e-01 4.315792322158813477e-01 3.734456598758697510e-01 3.138132691383361816e-01 2.529264390468597412e-01 1.910350471735000610e-01 1.283909827470779419e-01 6.524680554866790771e-02 1.851748675107955933e-03
2.434141933917999268e-04 -6.318761408329010010e-02 -1.263681948184967041e-01 -1.890501379966735840e-01 -2.509815990924835205e-01 -3.119102716445922852e-01 -3.715854883193969727e-01 -4.297617077827453613e-01 -4.862006008625030518e-01 -5.406714081764221191e-01 -5.929533839225769043e-01 -6.428350806236267090e-01 -6.901181340217590332e-01 -7.346143722534179688e-01 -7.761476635932922363e-01 -8.145543932914733887e-01 -8.496830463409423828e-01 -8.813945651054382324e-01 -9.095635414123535156e-01 -9.340782165527343750e-01 -9.548394680023193359e-01 -9.717620611190795898e-01 -9.847782254219055176e-01 -9.938318729400634766e-01 -9.988859295845031738e-01 -9.999171495437622070e-01 -9.969191551208496094e-01 -9.899030923843383789e-01 -9.788962602615356445e-01 -9.639428257942199707e-01 -9.451023340225219727e-01 -9.224523305892944336e-01 -8.960844278335571289e-01 -8.661071658134460449e-01 -8.326414227485656738e-01 -7.958240509033203125e-01 -7.558040618896484375e-01 -7.127439975738525391e-01 -6.668171882629394531e-01 -6.182097196578979492e-01 -5.671155452728271484e-01 -5.137413740158081055e-01 -4.583001136779785156e-01 -4.010147452354431152e-01 -3.421152532100677490e-01 -2.818370461463928223e-01 -2.204231917858123779e-01 -1.581200510263442993e-01 -9.517867863178253174e-02 -3.185200691223144531e-02 3.160418570041656494e-02 9.493429213762283325e-02 1.578822135925292969e-01 2.201938033103942871e-01 2.816182076930999756e-01 3.419072329998016357e-01 4.008177220821380615e-01 4.581123590469360352e-01 5.135614275932312012e-01 5.669405460357666016e-01 6.180360913276672363e-01 6.666425466537475586e-01 7.125649452209472656e-01 7.556180953979492188e-01 7.956293821334838867e-01 8.324375748634338379e-01 8.658945560455322266e-01 8.958651423454284668e-01 9.222282171249389648e-01 9.448773860931396484e-01 9.637201428413391113e-01 9.786811470985412598e-01 9.896990656852722168e-01 9.967297911643981934e-01 9.997454285621643066e-01 9.987329840660095215e-01 9.936980605125427246e-01 9.846610426902770996e-01 9.716598391532897949e-01 9.547460675239562988e-01 9.339901804924011230e-01 9.094753265380859375e-01 8.813000321388244629e-01 8.495785593986511230e-01 8.144371509552001953e-01 7.760160565376281738e-01 7.344696521759033203e-01 6.899629235267639160e-01 6.426735520362854004e-01 5.927916765213012695e-01 5.405170321464538574e-01 4.860597252845764160e-01 4.296417832374572754e-01 3.714921474456787109e-01 3.118492662906646729e-01 2.509564161300659180e-01 1.890637576580047607e-01 1.264228224754333496e-01 6.328637897968292236e-02 -9.659305214881896973e-05
1.275714486837387085e-03 -6.215765327215194702e-02 -1.253442317247390747e-01 -1.880354881286621094e-01 -2.499787211418151855e-01 -3.109210431575775146e-01 -3.706139624118804932e-01 -4.288098812103271484e-01 -4.852707684040069580e-01 -5.397669076919555664e-01 -5.920763015747070312e-01 -6.419888138771057129e-01 -6.893048286437988281e-01 -7.338361740112304688e-01 -7.754064798355102539e-01 -8.138520717620849609e-01 -8.490210771560668945e-01 -8.807746171951293945e-01 -9.089857935905456543e-01 -9.335435628890991211e-01 -9.543473720550537109e-01 -9.713131785392761230e-01 -9.843711853027343750e-01 -9.934668540954589844e-01 -9.985614418983459473e-01 -9.996326565742492676e-01 -9.966737627983093262e-01 -9.896960854530334473e-01 -9.787268042564392090e-01 -9.638095498085021973e-01 -9.450051188468933105e-01 -9.223894476890563965e-01 -8.960559368133544922e-01 -8.661114573478698730e-01 -8.326775431632995605e-01 -7.958913445472717285e-01 -7.559006810188293457e-01 -7.128685116767883301e-01 -6.669679284095764160e-01 -6.183837652206420898e-01 -5.673118829727172852e-01 -5.139565467834472656e-01 -4.585322737693786621e-01 -4.012609422206878662e-01 -3.423722684383392334e-01 -2.821027338504791260e-01 -2.206940352916717529e-01 -1.583933830261230469e-01 -9.545139968395233154e-02 -3.212215006351470947e-02 3.133931010961532593e-02 9.467669576406478882e-02 1.576338410377502441e-01 2.199572622776031494e-01 2.813947200775146484e-01 3.416986465454101562e-01 4.006261229515075684e-01 4.579392671585083008e-01 5.134074687957763672e-01 5.668085813522338867e-01 6.179271340370178223e-01 6.665582060813903809e-01 7.125063538551330566e-01 7.555873394012451172e-01 7.956280708312988281e-01 8.324669599533081055e-01 8.659559488296508789e-01 8.959598541259765625e-01 9.223575592041015625e-01 9.450415968894958496e-01 9.639208912849426270e-01 9.789181947708129883e-01 9.899733066558837891e-01 9.970405101776123047e-01 1.000092387199401855e+00 9.991154670715332031e-01 9.941145181655883789e-01 9.851118326187133789e-01 9.721425771713256836e-01 9.552598595619201660e-01 9.345333576202392578e-01 9.100463390350341797e-01 8.818978071212768555e-01 8.502013683319091797e-01 8.150835633277893066e-01 7.766853570938110352e-01 7.351599335670471191e-01 6.906725764274597168e-01 6.434020996093750000e-01 5.935364365577697754e-01 5.412765145301818848e-01 4.868331551551818848e-01 4.304260611534118652e-01 3.722853064537048340e-01 3.126477301120758057e-01 2.517586350440979004e-01 1.898663640022277832e-01 1.272232234477996826e-01 6.408140063285827637e-02 6.918981671333312988e-04
1.613274216651916504e-04 -6.326877325773239136e-02 -1.264487206935882568e-01 -1.891287416219711304e-01 -2.510576546192169189e-01 -3.119820356369018555e-01 -3.716526031494140625e-01 -4.298236668109893799e-01 -4.862575232982635498e-01 -5.407229661941528320e-01 -5.930003523826599121e-01 -6.428793072700500488e-01 -6.901592612266540527e-01 -7.346539497375488281e-01 -7.761867642402648926e-01 -8.145939707756042480e-01 -8.497237563133239746e-01 -8.814368844032287598e-01 -9.096078276634216309e-01 -9.341232776641845703e-01 -9.548844695091247559e-01 -9.718070626258850098e-01 -9.848213195800781250e-01 -9.938724040985107422e-01 -9.989223480224609375e-01 -9.999487400054931641e-01 -9.969449043273925781e-01 -9.899229407310485840e-01 -9.789101481437683105e-01 -9.639509320259094238e-01 -9.451056718826293945e-01 -9.224506020545959473e-01 -8.960794806480407715e-01 -8.660997152328491211e-01 -8.326326608657836914e-01 -7.958153486251831055e-01 -7.557963728904724121e-01 -7.127372026443481445e-01 -6.668128371238708496e-01 -6.182069182395935059e-01 -5.671147108078002930e-01 -5.137418508529663086e-01 -4.583014249801635742e-01 -4.010165333747863770e-01 -3.421159386634826660e-01 -2.818367481231689453e-01 -2.204206734895706177e-01 -1.581147164106369019e-01 -9.516950696706771851e-02 -3.183988854289054871e-02 3.161985054612159729e-02 9.495283663272857666e-02 1.579032093286514282e-01 2.202171534299850464e-01 2.816426455974578857e-01 3.419317901134490967e-01 4.008419513702392578e-01 4.581354856491088867e-01 5.135820508003234863e-01 5.669589042663574219e-01 6.180517673492431641e-01 6.666552424430847168e-01 7.125742435455322266e-01 7.556248903274536133e-01 7.956340312957763672e-01 8.324407339096069336e-01 8.658967018127441406e-01 8.958669304847717285e-01 9.222302436828613281e-01 9.448802471160888672e-01 9.637246131896972656e-01 9.786870479583740234e-01 9.897068738937377930e-01 9.967392683029174805e-01 9.997560977935791016e-01 9.987446069717407227e-01 9.937096834182739258e-01 9.846721887588500977e-01 9.716694355010986328e-01 9.547544121742248535e-01 9.339962601661682129e-01 9.094786643981933594e-01 8.813009262084960938e-01 8.495765924453735352e-01 8.144329786300659180e-01 7.760105729103088379e-01 7.344633340835571289e-01 6.899569630622863770e-01 6.426687836647033691e-01 5.927883386611938477e-01 5.405157804489135742e-01 4.860615730285644531e-01 4.296463131904602051e-01 3.714992105960845947e-01 3.118578493595123291e-01 2.509661912918090820e-01 1.890732944011688232e-01 1.264312863349914551e-01 6.329219043254852295e-02 -9.274110198020935059e-05
1.618862152099609375e-04 -6.326761841773986816e-02 -1.264472156763076782e-01 -1.891266554594039917e-01 -2.510544359683990479e-01 -3.119779825210571289e-01 -3.716468214988708496e-01 -4.298165142536163330e-01 -4.862484037876129150e-01 -5.407131314277648926e-01 -5.929892063140869141e-01 -6.428666114807128906e-01 -6.901469230651855469e-01 -7.346417903900146484e-01 -7.761756777763366699e-01 -8.145845532417297363e-01 -8.497152924537658691e-01 -8.814303874969482422e-01 -9.096029400825500488e-01 -9.341199398040771484e-01 -9.548823833465576172e-01 -9.718061685562133789e-01 -9.848208427429199219e-01 -9.938725829124450684e-01 -9.989221692085266113e-01 -9.999476671218872070e-01 -9.969432950019836426e-01 -9.899207949638366699e-01 -9.789069294929504395e-01 -9.639469385147094727e-01 -9.451006650924682617e-01 -9.224455356597900391e-01 -8.960748314857482910e-01 -8.660947084426879883e-01 -8.326286077499389648e-01 -7.958120703697204590e-01 -7.557941675186157227e-01 -7.127363085746765137e-01 -6.668130755424499512e-01 -6.182084083557128906e-01 -5.671173930168151855e-01 -5.137452483177185059e-01 -4.583055377006530762e-01 -4.010204970836639404e-01 -3.421202600002288818e-01 -2.818400263786315918e-01 -2.204232513904571533e-01 -1.581166088581085205e-01 -9.517045319080352783e-02 -3.183881193399429321e-02 3.162178769707679749e-02 9.495615959167480469e-02 1.579076796770095825e-01 2.202222198247909546e-01 2.816485464572906494e-01 3.419380187988281250e-01 4.008483290672302246e-01 4.581416249275207520e-01 5.135880112648010254e-01 5.669646859169006348e-01 6.180570125579833984e-01 6.666602492332458496e-01 7.125794887542724609e-01 7.556302547454833984e-01 7.956393361091613770e-01 8.324467539787292480e-01 8.659034967422485352e-01 8.958745598793029785e-01 9.222395420074462891e-01 9.448906779289245605e-01 9.637364149093627930e-01 9.787008762359619141e-01 9.897223711013793945e-01 9.967558383941650391e-01 9.997738599777221680e-01 9.987637996673583984e-01 9.937300682067871094e-01 9.846929311752319336e-01 9.716902971267700195e-01 9.547755122184753418e-01 9.340169429779052734e-01 9.094991087913513184e-01 8.813207149505615234e-01 8.495966196060180664e-01 8.144527673721313477e-01 7.760302424430847168e-01 7.344830632209777832e-01 6.899772882461547852e-01 6.426901817321777344e-01 5.928110480308532715e-01 5.405399799346923828e-01 4.860872030258178711e-01 4.296734035015106201e-01 3.715270161628723145e-01 3.118864595890045166e-01 2.509950995445251465e-01 1.891024857759475708e-01 1.264594346284866333e-01 6.331953406333923340e-02 -6.676092743873596191e-05
-3.202319145202636719e-03 -6.661424040794372559e-02 -1.297653466463088989e-01 -1.924047470092773438e-01 -2.542820870876312256e-01 -3.151446580886840820e-01 -3.747422397136688232e-01 -4.328320622444152832e-01 -4.891753196716308594e-01 -5.435437560081481934e-01 -5.957170724868774414e-01 -6.454859375953674316e-01 -6.926526427268981934e-01 -7.370288372039794922e-01 -7.784396409988403320e-01 -8.167221546173095703e-01 -8.517237305641174316e-01 -8.833062648773193359e-01 -9.113443493843078613e-01 -9.357243776321411133e-01 -9.563485980033874512e-01 -9.731321930885314941e-01 -9.860065579414367676e-01 -9.949173927307128906e-01 -9.998263120651245117e-01 -1.000712394714355469e+00 -9.975700974464416504e-01 -9.904118776321411133e-01 -9.792647957801818848e-01 -9.641748070716857910e-01 -9.452029466629028320e-01 -9.224270582199096680e-01 -8.959396481513977051e-01 -8.658490180969238281e-01 -8.322783112525939941e-01 -7.953622937202453613e-01 -7.552521228790283203e-01 -7.121084928512573242e-01 -6.661058068275451660e-01 -6.174283623695373535e-01 -5.662717223167419434e-01 -5.128408074378967285e-01 -4.573493301868438721e-01 -4.000198841094970703e-01 -3.410817384719848633e-01 -2.807714045047760010e-01 -2.193314433097839355e-01 -1.570088416337966919e-01 -9.405480325222015381e-02 -3.072272241115570068e-02 3.273170068860054016e-02 9.605146944522857666e-02 1.589812487363815308e-01 2.212667763233184814e-01 2.826562821865081787e-01 3.429023921489715576e-01 4.017622470855712891e-01 4.589983820915222168e-01 5.143811106681823730e-01 5.676881074905395508e-01 6.187048554420471191e-01 6.672273874282836914e-01 7.130606770515441895e-01 7.560206055641174316e-01 7.959352731704711914e-01 8.326438069343566895e-01 8.659985065460205078e-01 8.958650827407836914e-01 9.221225380897521973e-01 9.446648955345153809e-01 9.634003639221191406e-01 9.782531261444091797e-01 9.891631603240966797e-01 9.960860013961791992e-01 9.989926815032958984e-01 9.978729486465454102e-01 9.927308559417724609e-01 9.835884571075439453e-01 9.704825878143310547e-01 9.534677267074584961e-01 9.326124191284179688e-01 9.080017209053039551e-01 8.797352313995361328e-01 8.479276895523071289e-01 8.127058148384094238e-01 7.742105126380920410e-01 7.325966954231262207e-01 6.880295872688293457e-01 6.406876444816589355e-01 5.907599925994873047e-01 5.384468436241149902e-01 4.839584827423095703e-01 4.275157153606414795e-01 3.693471550941467285e-01 3.096905052661895752e-01 2.487895786762237549e-01 1.868928670883178711e-01 1.242523193359375000e-01 6.112128123641014099e-02 -2.250313758850097656e-03
1.449175179004669189e-04 -6.328384578227996826e-02 -1.264620125293731689e-01 -1.891410499811172485e-01 -2.510675787925720215e-01 -3.119882941246032715e-01 -3.716551959514617920e-01 -4.298221468925476074e-01 -4.862510561943054199e-01 -5.407127737998962402e-01 -5.929869413375854492e-01 -6.428637504577636719e-01 -6.901438236236572266e-01 -7.346388697624206543e-01 -7.761737704277038574e-01 -8.145840764045715332e-01 -8.497174382209777832e-01 -8.814347982406616211e-01 -9.096099138259887695e-01 -9.341286420822143555e-01 -9.548923969268798828e-01 -9.718174338340759277e-01 -9.848316311836242676e-01 -9.938825368881225586e-01 -9.989310503005981445e-01 -9.999547600746154785e-01 -9.969484806060791016e-01 -9.899235367774963379e-01 -9.789075255393981934e-01 -9.639452695846557617e-01 -9.450975656509399414e-01 -9.224419593811035156e-01 -8.960702419281005859e-01 -8.660906553268432617e-01 -8.326250910758972168e-01 -7.958100438117980957e-01 -7.557936310768127441e-01 -7.127381563186645508e-01 -6.668164134025573730e-01 -6.182131767272949219e-01 -5.671235322952270508e-01 -5.137525200843811035e-01 -4.583131670951843262e-01 -4.010279178619384766e-01 -3.421270251274108887e-01 -2.818461954593658447e-01 -2.204275876283645630e-01 -1.581191271543502808e-01 -9.517121315002441406e-02 -3.183798491954803467e-02 3.162459656596183777e-02 9.496022760868072510e-02 1.579127460718154907e-01 2.202282696962356567e-01 2.816549837589263916e-01 3.419446349143981934e-01 4.008546471595764160e-01 4.581477344036102295e-01 5.135936141014099121e-01 5.669696331024169922e-01 6.180614829063415527e-01 6.666638851165771484e-01 7.125829458236694336e-01 7.556337118148803711e-01 7.956430912017822266e-01 8.324508666992187500e-01 8.659083843231201172e-01 8.958804011344909668e-01 9.222463965415954590e-01 9.448992609977722168e-01 9.637469649314880371e-01 9.787127375602722168e-01 9.897353053092956543e-01 9.967705607414245605e-01 9.997898936271667480e-01 9.987806677818298340e-01 9.937475323677062988e-01 9.847112298011779785e-01 9.717090725898742676e-01 9.547941088676452637e-01 9.340355396270751953e-01 9.095167517662048340e-01 8.813387155532836914e-01 8.496133685111999512e-01 8.144693970680236816e-01 7.760471105575561523e-01 7.345002889633178711e-01 6.899948716163635254e-01 6.427086591720581055e-01 5.928309559822082520e-01 5.405611991882324219e-01 4.861095249652862549e-01 4.296973943710327148e-01 3.715524375438690186e-01 3.119125366210937500e-01 2.510218322277069092e-01 1.891286224126815796e-01 1.264844238758087158e-01 6.334395706653594971e-02 -4.357099533081054688e-05
-3.222562372684478760e-04 -6.374911218881607056e-02 -1.269236505031585693e-01 -1.895971000194549561e-01 -2.515167295932769775e-01 -3.124288916587829590e-01 -3.720850944519042969e-01 -4.302405118942260742e-01 -4.866574704647064209e-01 -5.411054491996765137e-01 -5.933653116226196289e-01 -6.432270407676696777e-01 -6.904911994934082031e-01 -7.349709868431091309e-01 -7.764889001846313477e-01 -8.148829936981201172e-01 -8.499999046325683594e-01 -8.817000389099121094e-01 -9.098569154739379883e-01 -9.343581199645996094e-01 -9.551039934158325195e-01 -9.720093607902526855e-01 -9.850048422813415527e-01 -9.940362572669982910e-01 -9.990648627281188965e-01 -1.000069022178649902e+00 -9.970433115959167480e-01 -9.899989962577819824e-01 -9.789642691612243652e-01 -9.639836549758911133e-01 -9.451184868812561035e-01 -9.224458932876586914e-01 -8.960584402084350586e-01 -8.660638332366943359e-01 -8.325846791267395020e-01 -7.957563400268554688e-01 -7.557277679443359375e-01 -7.126606702804565430e-01 -6.667289137840270996e-01 -6.181162595748901367e-01 -5.670177340507507324e-01 -5.136384963989257812e-01 -4.581924080848693848e-01 -4.009011685848236084e-01 -3.419946432113647461e-01 -2.817091345787048340e-01 -2.202871292829513550e-01 -1.579761952161788940e-01 -9.502711892127990723e-02 -3.169364109635353088e-02 3.176793828606605530e-02 9.510160982608795166e-02 1.580510139465332031e-01 2.203623205423355103e-01 2.817834317684173584e-01 3.420667648315429688e-01 4.009692370891571045e-01 4.582538008689880371e-01 5.136903524398803711e-01 5.670561790466308594e-01 6.181370019912719727e-01 6.667285561561584473e-01 7.126351594924926758e-01 7.556732296943664551e-01 7.956698536872863770e-01 8.324642777442932129e-01 8.659079074859619141e-01 8.958659768104553223e-01 9.222176671028137207e-01 9.448557496070861816e-01 9.636884927749633789e-01 9.786394834518432617e-01 9.896476268768310547e-01 9.966677427291870117e-01 9.996720552444458008e-01 9.986480474472045898e-01 9.935997724533081055e-01 9.845492839813232422e-01 9.715323448181152344e-01 9.546034336090087891e-01 9.338312149047851562e-01 9.092999100685119629e-01 8.811092376708984375e-01 8.493722081184387207e-01 8.142170906066894531e-01 7.757840156555175781e-01 7.342283129692077637e-01 6.897143125534057617e-01 6.424202322959899902e-01 5.925355553627014160e-01 5.402599573135375977e-01 4.858039319515228271e-01 4.293877482414245605e-01 3.712400197982788086e-01 3.115980029106140137e-01 2.507057189941406250e-01 1.888116896152496338e-01 1.261674463748931885e-01 6.302757561206817627e-02 -3.587305545806884766e-04
3.255531191825866699e-04 -6.310385465621948242e-02 -1.262831091880798340e-01 -1.889635026454925537e-01 -2.508906722068786621e-01 -3.118134140968322754e-01 -3.714816570281982422e-01 -4.296504855155944824e-01 -4.860820174217224121e-01 -5.405474305152893066e-01 -5.928261280059814453e-01 -6.427078843116760254e-01 -6.899939775466918945e-01 -7.344966530799865723e-01 -7.760394811630249023e-01 -8.144586682319641113e-01 -8.496011495590209961e-01 -8.813279867172241211e-01 -9.095118045806884766e-01 -9.340405464172363281e-01 -9.548138380050659180e-01 -9.717460274696350098e-01 -9.847686886787414551e-01 -9.938271045684814453e-01 -9.988821744918823242e-01 -9.999122619628906250e-01 -9.969123601913452148e-01 -9.898929595947265625e-01 -9.788827896118164062e-01 -9.639267325401306152e-01 -9.450856447219848633e-01 -9.224361181259155273e-01 -8.960714936256408691e-01 -8.660985231399536133e-01 -8.326398134231567383e-01 -7.958314418792724609e-01 -7.558221220970153809e-01 -7.127726078033447266e-01 -6.668572425842285156e-01 -6.182592511177062988e-01 -5.671745538711547852e-01 -5.138069391250610352e-01 -4.583707451820373535e-01 -4.010882377624511719e-01 -3.421882987022399902e-01 -2.819080948829650879e-01 -2.204899191856384277e-01 -1.581808328628540039e-01 -9.523192048072814941e-02 -3.189760074019432068e-02 3.156642615795135498e-02 9.490370750427246094e-02 1.578584760427474976e-01 2.201762646436691284e-01 2.816051244735717773e-01 3.418976664543151855e-01 4.008103013038635254e-01 4.581066966056823730e-01 5.135560035705566406e-01 5.669360756874084473e-01 6.180320382118225098e-01 6.666396856307983398e-01 7.125635147094726562e-01 7.556197047233581543e-01 7.956351041793823242e-01 8.324488997459411621e-01 8.659126758575439453e-01 8.958916068077087402e-01 9.222646951675415039e-01 9.449241757392883301e-01 9.637787342071533203e-01 9.787514209747314453e-01 9.897812604904174805e-01 9.968236684799194336e-01 9.998495578765869141e-01 9.988467693328857422e-01 9.938199520111083984e-01 9.847902059555053711e-01 9.717940092086791992e-01 9.548845291137695312e-01 9.341313838958740234e-01 9.096183180809020996e-01 8.814451098442077637e-01 8.497249484062194824e-01 8.145850300788879395e-01 7.761673331260681152e-01 7.346244454383850098e-01 6.901227831840515137e-01 6.428402066230773926e-01 5.929655432701110840e-01 5.406987667083740234e-01 4.862498044967651367e-01 4.298401474952697754e-01 3.716970682144165039e-01 3.120584487915039062e-01 2.511686682701110840e-01 1.892748028039932251e-01 1.266312003135681152e-01 6.348928064107894897e-02 1.004450023174285889e-04
1.104436814785003662e-04 -6.331714987754821777e-02 -1.264950633049011230e-01 -1.891717910766601562e-01 -2.510963380336761475e-01 -3.120145499706268311e-01 -3.716776072978973389e-01 -4.298408031463623047e-01 -4.862666428089141846e-01 -5.407252907752990723e-01 -5.929971337318420410e-01 -6.428717970848083496e-01 -6.901509165763854980e-01 -7.346466779708862305e-01 -7.761822342872619629e-01 -8.145935535430908203e-01 -8.497282862663269043e-01 -8.814476728439331055e-01 -9.096241593360900879e-01 -9.341440200805664062e-01 -9.549086689949035645e-01 -9.718326330184936523e-01 -9.848461747169494629e-01 -9.938948750495910645e-01 -9.989407658576965332e-01 -9.999617934226989746e-01 -9.969522356986999512e-01 -9.899238348007202148e-01 -9.789054393768310547e-01 -9.639402031898498535e-01 -9.450913071632385254e-01 -9.224340319633483887e-01 -8.960627317428588867e-01 -8.660829067230224609e-01 -8.326184153556823730e-01 -7.958041429519653320e-01 -7.557891011238098145e-01 -7.127348184585571289e-01 -6.668142080307006836e-01 -6.182123422622680664e-01 -5.671232342720031738e-01 -5.137518644332885742e-01 -4.583121240139007568e-01 -4.010260403156280518e-01 -3.421235084533691406e-01 -2.818410694599151611e-01 -2.204211056232452393e-01 -1.581106334924697876e-01 -9.516140818595886230e-02 -3.182677552103996277e-02 3.163697570562362671e-02 9.497302025556564331e-02 1.579259335994720459e-01 2.202415168285369873e-01 2.816674113273620605e-01 3.419563174247741699e-01 4.008656144142150879e-01 4.581577777862548828e-01 5.136026144027709961e-01 5.669777393341064453e-01 6.180688738822937012e-01 6.666713953018188477e-01 7.125895023345947266e-01 7.556400299072265625e-01 7.956498265266418457e-01 8.324577808380126953e-01 8.659154772758483887e-01 8.958880901336669922e-01 9.222546815872192383e-01 9.449080824851989746e-01 9.637556076049804688e-01 9.787217378616333008e-01 9.897449016571044922e-01 9.967800378799438477e-01 9.997992515563964844e-01 9.987895488739013672e-01 9.937560558319091797e-01 9.847193956375122070e-01 9.717166423797607422e-01 9.548013210296630859e-01 9.340417981147766113e-01 9.095224738121032715e-01 8.813437223434448242e-01 8.496184945106506348e-01 8.144738674163818359e-01 7.760509848594665527e-01 7.345042228698730469e-01 6.899987459182739258e-01 6.427126526832580566e-01 5.928348302841186523e-01 5.405656695365905762e-01 4.861149489879608154e-01 4.297035038471221924e-01 3.715589046478271484e-01 3.119197785854339600e-01 2.510287463665008545e-01 1.891351044178009033e-01 1.264911592006683350e-01 6.334992498159408569e-02 -3.866851329803466797e-05
3.577776253223419189e-03 -5.985968559980392456e-02 -1.230570822954177856e-01 -1.857650130987167358e-01 -2.477295249700546265e-01 -3.086994290351867676e-01 -3.684232831001281738e-01 -4.266575574874877930e-01 -4.831634759902954102e-01 -5.377119183540344238e-01 -5.900809764862060547e-01 -6.400610804557800293e-01 -6.874522566795349121e-01 -7.320672273635864258e-01 -7.737277746200561523e-01 -8.122695684432983398e-01 -8.475386500358581543e-01 -8.793959617614746094e-01 -9.077128767967224121e-01 -9.323757886886596680e-01 -9.532850384712219238e-01 -9.703540802001953125e-01 -9.835135936737060547e-01 -9.927079081535339355e-01 -9.978981018066406250e-01 -9.990623593330383301e-01 -9.961946010589599609e-01 -9.893052577972412109e-01 -9.784230589866638184e-01 -9.635918736457824707e-01 -9.448716044425964355e-01 -9.223407506942749023e-01 -8.960896134376525879e-01 -8.662269115447998047e-01 -8.328725099563598633e-01 -7.961629033088684082e-01 -7.562463879585266113e-01 -7.132837176322937012e-01 -6.674475669860839844e-01 -6.189215779304504395e-01 -5.679013729095458984e-01 -5.145901441574096680e-01 -4.592019915580749512e-01 -4.019590020179748535e-01 -3.430906534194946289e-01 -2.828332781791687012e-01 -2.214293777942657471e-01 -1.591261327266693115e-01 -9.617529809474945068e-02 -3.283058106899261475e-02 3.065168112516403198e-02 9.401462972164154053e-02 1.570020616054534912e-01 2.193595916032791138e-01 2.808346748352050781e-01 3.411798477172851562e-01 4.001512527465820312e-01 4.575113654136657715e-01 5.130297541618347168e-01 5.664835572242736816e-01 6.176577210426330566e-01 6.663473248481750488e-01 7.123563289642333984e-01 7.555009722709655762e-01 7.956075072288513184e-01 8.325147628784179688e-01 8.660744428634643555e-01 8.961506485939025879e-01 9.226223230361938477e-01 9.453817009925842285e-01 9.643372297286987305e-01 9.794116020202636719e-01 9.905434846878051758e-01 9.976871013641357422e-01 1.000814557075500488e+00 9.999133348464965820e-01 9.949866533279418945e-01 9.860556125640869141e-01 9.731568098068237305e-01 9.563423991203308105e-01 9.356817603111267090e-01 9.112581610679626465e-01 8.831706047058105469e-01 8.515322804450988770e-01 8.164705038070678711e-01 7.781248092651367188e-01 7.366489171981811523e-01 6.922090053558349609e-01 6.449822187423706055e-01 5.951572656631469727e-01 5.429332852363586426e-01 4.885214567184448242e-01 4.321414828300476074e-01 3.740221858024597168e-01 3.144003152847290039e-01 2.535206675529479980e-01 1.916310042142868042e-01 1.289844512939453125e-01 6.583385169506072998e-02 2.430390566587448120e-03
7.539615035057067871e-05 -6.335239112377166748e-02 -1.265290975570678711e-01 -1.892059743404388428e-01 -2.511287629604339600e-01 -3.120453357696533203e-01 -3.717066645622253418e-01 -4.298675656318664551e-01 -4.862910211086273193e-01 -5.407483577728271484e-01 -5.930179357528686523e-01 -6.428916454315185547e-01 -6.901696920394897461e-01 -7.346653342247009277e-01 -7.762004733085632324e-01 -8.146120309829711914e-01 -8.497473597526550293e-01 -8.814666271209716797e-01 -9.096429944038391113e-01 -9.341626167297363281e-01 -9.549267888069152832e-01 -9.718493223190307617e-01 -9.848616123199462891e-01 -9.939087629318237305e-01 -9.989522099494934082e-01 -9.999706745147705078e-01 -9.969592094421386719e-01 -9.899286627769470215e-01 -9.789080023765563965e-01 -9.639416933059692383e-01 -9.450909495353698730e-01 -9.224330186843872070e-01 -8.960608243942260742e-01 -8.660811781883239746e-01 -8.326164484024047852e-01 -7.958026528358459473e-01 -7.557874321937561035e-01 -7.127332687377929688e-01 -6.668128371238708496e-01 -6.182103753089904785e-01 -5.671209096908569336e-01 -5.137490034103393555e-01 -4.583083689212799072e-01 -4.010215401649475098e-01 -3.421178162097930908e-01 -2.818345129489898682e-01 -2.204134613275527954e-01 -1.581021398305892944e-01 -9.515190124511718750e-02 -3.181718289852142334e-02 3.164656087756156921e-02 9.498256444931030273e-02 1.579349935054779053e-01 2.202499061822891235e-01 2.816749215126037598e-01 3.419633209705352783e-01 4.008716046810150146e-01 4.581629335880279541e-01 5.136072039604187012e-01 5.669817924499511719e-01 6.180725097656250000e-01 6.666743159294128418e-01 7.125926613807678223e-01 7.556429505348205566e-01 7.956526875495910645e-01 8.324605822563171387e-01 8.659179210662841797e-01 8.958904147148132324e-01 9.222562313079833984e-01 9.449087977409362793e-01 9.637557864189147949e-01 9.787209630012512207e-01 9.897428154945373535e-01 9.967775940895080566e-01 9.997956156730651855e-01 9.987850785255432129e-01 9.937505125999450684e-01 9.847133755683898926e-01 9.717100262641906738e-01 9.547940492630004883e-01 9.340338110923767090e-01 9.095147252082824707e-01 8.813356757164001465e-01 8.496097326278686523e-01 8.144649267196655273e-01 7.760418653488159180e-01 7.344943881034851074e-01 6.899890303611755371e-01 6.427022218704223633e-01 5.928243398666381836e-01 5.405547618865966797e-01 4.861038923263549805e-01 4.296920001506805420e-01 3.715473711490631104e-01 3.119080960750579834e-01 2.510171234607696533e-01 1.891237050294876099e-01 1.264792382717132568e-01 6.333816051483154297e-02 -5.035847425460815430e-05
9.414553642272949219e-05 -6.333343684673309326e-02 -1.265100389719009399e-01 -1.891865134239196777e-01 -2.511091828346252441e-01 -3.120253980159759521e-01 -3.716862499713897705e-01 -4.298470318317413330e-01 -4.862702190876007080e-01 -5.407270193099975586e-01 -5.929973721504211426e-01 -6.428713202476501465e-01 -6.901500821113586426e-01 -7.346467375755310059e-01 -7.761833071708679199e-01 -8.145967125892639160e-01 -8.497332334518432617e-01 -8.814538121223449707e-01 -9.096314907073974609e-01 -9.341523647308349609e-01 -9.549173712730407715e-01 -9.718407392501831055e-01 -9.848533868789672852e-01 -9.939008951187133789e-01 -9.989446401596069336e-01 -9.999634623527526855e-01 -9.969524741172790527e-01 -9.899223446846008301e-01 -9.789020419120788574e-01 -9.639365077018737793e-01 -9.450863599777221680e-01 -9.224296808242797852e-01 -8.960581421852111816e-01 -8.660797476768493652e-01 -8.326165676116943359e-01 -7.958029508590698242e-01 -7.557891011238098145e-01 -7.127360701560974121e-01 -6.668167710304260254e-01 -6.182147264480590820e-01 -5.671256780624389648e-01 -5.137540698051452637e-01 -4.583135247230529785e-01 -4.010265469551086426e-01 -3.421229124069213867e-01 -2.818389534950256348e-01 -2.204174548387527466e-01 -1.581062525510787964e-01 -9.515617787837982178e-02 -3.182109445333480835e-02 3.164280578494071960e-02 9.497860074043273926e-02 1.579314023256301880e-01 2.202457487583160400e-01 2.816714048385620117e-01 3.419597148895263672e-01 4.008679687976837158e-01 4.581594765186309814e-01 5.136041641235351562e-01 5.669789314270019531e-01 6.180698871612548828e-01 6.666725277900695801e-01 7.125914692878723145e-01 7.556428909301757812e-01 7.956531643867492676e-01 8.324616551399230957e-01 8.659200072288513184e-01 8.958929181098937988e-01 9.222595691680908203e-01 9.449128508567810059e-01 9.637606143951416016e-01 9.787263870239257812e-01 9.897491931915283203e-01 9.967838525772094727e-01 9.998024702072143555e-01 9.987930059432983398e-01 9.937590360641479492e-01 9.847223758697509766e-01 9.717193841934204102e-01 9.548038244247436523e-01 9.340444803237915039e-01 9.095257520675659180e-01 8.813465833663940430e-01 8.496212959289550781e-01 8.144767880439758301e-01 7.760543227195739746e-01 7.345066666603088379e-01 6.900014281272888184e-01 6.427153348922729492e-01 5.928381085395812988e-01 5.405684113502502441e-01 4.861179292201995850e-01 4.297059476375579834e-01 3.715616464614868164e-01 3.119225203990936279e-01 2.510317564010620117e-01 1.891379654407501221e-01 1.264937072992324829e-01 6.335178017616271973e-02 -3.707036375999450684e-05
2.754963934421539307e-03 -6.069117784500122070e-02 -1.238949373364448547e-01 -1.866067051887512207e-01 -2.485724985599517822e-01 -3.095397055149078369e-01 -3.692589402198791504e-01 -4.274856150150299072e-01 -4.839813113212585449e-01 -5.385163426399230957e-01 -5.908713340759277344e-01 -6.408344507217407227e-01 -6.882079243659973145e-01 -7.328020334243774414e-01 -7.744405269622802734e-01 -8.129586577415466309e-01 -8.482028245925903320e-01 -8.800327777862548828e-01 -9.083205461502075195e-01 -9.329532384872436523e-01 -9.538298249244689941e-01 -9.708654880523681641e-01 -9.839901924133300781e-01 -9.931485056877136230e-01 -9.983024001121520996e-01 -9.994305968284606934e-01 -9.965268373489379883e-01 -9.896023273468017578e-01 -9.786856770515441895e-01 -9.638211727142333984e-01 -9.450691938400268555e-01 -9.225077629089355469e-01 -8.962283134460449219e-01 -8.663384318351745605e-01 -8.329596519470214844e-01 -7.962273955345153809e-01 -7.562896013259887695e-01 -7.133075594902038574e-01 -6.674537658691406250e-01 -6.189128756523132324e-01 -5.678786039352416992e-01 -5.145567655563354492e-01 -4.591594934463500977e-01 -4.019097983837127686e-01 -3.430378437042236328e-01 -2.827795743942260742e-01 -2.213771641254425049e-01 -1.590785682201385498e-01 -9.613507986068725586e-02 -3.280099108815193176e-02 3.066837042570114136e-02 9.401536732912063599e-02 1.569852530956268311e-01 2.193227708339691162e-01 2.807762622833251953e-01 3.410981595516204834e-01 4.000453650951385498e-01 4.573807418346405029e-01 5.128738880157470703e-01 5.663021206855773926e-01 6.174507141113281250e-01 6.661146283149719238e-01 7.120989561080932617e-01 7.552183270454406738e-01 7.953005433082580566e-01 8.321833610534667969e-01 8.657189607620239258e-01 8.957708477973937988e-01 9.222181439399719238e-01 9.449536800384521484e-01 9.638848304748535156e-01 9.789346456527709961e-01 9.900416135787963867e-01 9.971612691879272461e-01 1.000263214111328125e+00 9.993366003036499023e-01 9.943851232528686523e-01 9.854280948638916016e-01 9.725040197372436523e-01 9.556641578674316406e-01 9.349782466888427734e-01 9.105293154716491699e-01 8.824168443679809570e-01 8.507542610168457031e-01 8.156689405441284180e-01 7.773011922836303711e-01 7.358046770095825195e-01 6.913458108901977539e-01 6.441017985343933105e-01 5.942614078521728516e-01 5.420252084732055664e-01 4.876036345958709717e-01 4.312165081501007080e-01 3.730934262275695801e-01 3.134699761867523193e-01 2.525916993618011475e-01 1.907057166099548340e-01 1.280651688575744629e-01 6.492190808057785034e-02 1.527674496173858643e-03
9.381771087646484375e-05 -6.333315372467041016e-02 -1.265101581811904907e-01 -1.891858130693435669e-01 -2.511076331138610840e-01 -3.120226562023162842e-01 -3.716823756694793701e-01 -4.298422932624816895e-01 -4.862641990184783936e-01 -5.407202839851379395e-01 -5.929899811744689941e-01 -6.428642868995666504e-01 -6.901429891586303711e-01 -7.346401214599609375e-01 -7.761776447296142578e-01 -8.145918846130371094e-01 -8.497297763824462891e-01 -8.814518451690673828e-01 -9.096305370330810547e-01 -9.341520667076110840e-01 -9.549168348312377930e-01 -9.718407392501831055e-01 -9.848531484603881836e-01 -9.938998222351074219e-01 -9.989435672760009766e-01 -9.999616742134094238e-01 -9.969497323036193848e-01 -9.899196624755859375e-01 -9.788984656333923340e-01 -9.639325141906738281e-01 -9.450830221176147461e-01 -9.224263429641723633e-01 -8.960558772087097168e-01 -8.660782575607299805e-01 -8.326160907745361328e-01 -7.958039045333862305e-01 -7.557909488677978516e-01 -7.127388119697570801e-01 -6.668197512626647949e-01 -6.182178258895874023e-01 -5.671288967132568359e-01 -5.137571096420288086e-01 -4.583158791065216064e-01 -4.010281562805175781e-01 -3.421237766742706299e-01 -2.818396091461181641e-01 -2.204178273677825928e-01 -1.581057459115982056e-01 -9.515533596277236938e-02 -3.182048350572586060e-02 3.164306655526161194e-02 9.497892856597900391e-02 1.579309105873107910e-01 2.202449440956115723e-01 2.816698551177978516e-01 3.419574499130249023e-01 4.008654356002807617e-01 4.581567347049713135e-01 5.136013031005859375e-01 5.669766068458557129e-01 6.180680990219116211e-01 6.666710376739501953e-01 7.125908732414245605e-01 7.556425333023071289e-01 7.956537008285522461e-01 8.324624300003051758e-01 8.659211993217468262e-01 8.958947658538818359e-01 9.222615361213684082e-01 9.449145793914794922e-01 9.637622237205505371e-01 9.787278771400451660e-01 9.897500872611999512e-01 9.967847466468811035e-01 9.998034834861755371e-01 9.987934231758117676e-01 9.937596917152404785e-01 9.847229123115539551e-01 9.717205166816711426e-01 9.548050761222839355e-01 9.340459704399108887e-01 9.095274806022644043e-01 8.813490271568298340e-01 8.496240973472595215e-01 8.144797682762145996e-01 7.760575413703918457e-01 7.345101833343505859e-01 6.900046467781066895e-01 6.427186727523803711e-01 5.928406715393066406e-01 5.405711531639099121e-01 4.861201941967010498e-01 4.297082424163818359e-01 3.715636730194091797e-01 3.119241893291473389e-01 2.510335445404052734e-01 1.891399174928665161e-01 1.264958530664443970e-01 6.335392594337463379e-02 -3.518536686897277832e-05
-1.499466598033905029e-04 -6.357501447200775146e-02 -1.267492771148681641e-01 -1.894217729568481445e-01 -2.513390779495239258e-01 -3.122496306896209717e-01 -3.719033598899841309e-01 -4.300566613674163818e-01 -4.864721000194549561e-01 -5.409200191497802734e-01 -5.931822061538696289e-01 -6.430483460426330566e-01 -6.903195381164550781e-01 -7.348076701164245605e-01 -7.763369679450988770e-01 -8.147423267364501953e-01 -8.498710393905639648e-01 -8.815835118293762207e-01 -9.097525477409362793e-01 -9.342639446258544922e-01 -9.550190567970275879e-01 -9.719318151473999023e-01 -9.849343895912170410e-01 -9.939699172973632812e-01 -9.990029335021972656e-01 -1.000010132789611816e+00 -9.969876408576965332e-01 -9.899466037750244141e-01 -9.789158105850219727e-01 -9.639404416084289551e-01 -9.450820088386535645e-01 -9.224164485931396484e-01 -8.960374593734741211e-01 -8.660523891448974609e-01 -8.325818181037902832e-01 -7.957631349563598633e-01 -7.557440400123596191e-01 -7.126849293708801270e-01 -6.667601466178894043e-01 -6.181533336639404297e-01 -5.670590400695800781e-01 -5.136823654174804688e-01 -4.582372009754180908e-01 -4.009458124637603760e-01 -3.420381844043731689e-01 -2.817514240741729736e-01 -2.203272879123687744e-01 -1.580141186714172363e-01 -9.506306052207946777e-02 -3.172794729471206665e-02 3.173514455556869507e-02 9.506957978010177612e-02 1.580198407173156738e-01 2.203317582607269287e-01 2.817537784576416016e-01 3.420382142066955566e-01 4.009424746036529541e-01 4.582297205924987793e-01 5.136699676513671875e-01 5.670403242111206055e-01 6.181267499923706055e-01 6.667246222496032715e-01 7.126388549804687500e-01 7.556844949722290039e-01 7.956894636154174805e-01 8.324921131134033203e-01 8.659443855285644531e-01 8.959107398986816406e-01 9.222704768180847168e-01 9.449163079261779785e-01 9.637564420700073242e-01 9.787141084671020508e-01 9.897290468215942383e-01 9.967563152313232422e-01 9.997670650482177734e-01 9.987499713897705078e-01 9.937090873718261719e-01 9.846651554107666016e-01 9.716554880142211914e-01 9.547334313392639160e-01 9.339681267738342285e-01 9.094432592391967773e-01 8.812588453292846680e-01 8.495278358459472656e-01 8.143782019615173340e-01 7.759504914283752441e-01 7.343989610671997070e-01 6.898888349533081055e-01 6.425986289978027344e-01 5.927167534828186035e-01 5.404444336891174316e-01 4.859907031059265137e-01 4.295767247676849365e-01 3.714305758476257324e-01 3.117895424365997314e-01 2.508978247642517090e-01 1.890035271644592285e-01 1.263585686683654785e-01 6.321696937084197998e-02 -1.717321574687957764e-04
-2.578124403953552246e-04 -6.368250399827957153e-02 -1.268556714057922363e-01 -1.895270943641662598e-01 -2.514432966709136963e-01 -3.123516440391540527e-01 -3.720036149024963379e-01 -4.301549494266510010e-01 -4.865676760673522949e-01 -5.410139560699462891e-01 -5.932739377021789551e-01 -6.431375145912170410e-01 -6.904062032699584961e-01 -7.348926067352294922e-01 -7.764203548431396484e-01 -8.148234486579895020e-01 -8.499503135681152344e-01 -8.816610574722290039e-01 -9.098275899887084961e-01 -9.343370795249938965e-01 -9.550895094871520996e-01 -9.720000624656677246e-01 -9.849994778633117676e-01 -9.940323829650878906e-01 -9.990621805191040039e-01 -1.000066876411437988e+00 -9.970412254333496094e-01 -9.899973869323730469e-01 -9.789642095565795898e-01 -9.639860391616821289e-01 -9.451247453689575195e-01 -9.224572181701660156e-01 -8.960764408111572266e-01 -8.660888075828552246e-01 -8.326168656349182129e-01 -7.957961559295654297e-01 -7.557747960090637207e-01 -7.127142548561096191e-01 -6.667876243591308594e-01 -6.181786060333251953e-01 -5.670824646949768066e-01 -5.137040019035339355e-01 -4.582567811012268066e-01 -4.009634852409362793e-01 -3.420540094375610352e-01 -2.817656397819519043e-01 -2.203400433063507080e-01 -1.580250561237335205e-01 -9.507261216640472412e-02 -3.173625841736793518e-02 3.172771632671356201e-02 9.506375342607498169e-02 1.580148041248321533e-01 2.203274369239807129e-01 2.817507982254028320e-01 3.420363962650299072e-01 4.009419381618499756e-01 4.582308530807495117e-01 5.136725902557373047e-01 5.670449137687683105e-01 6.181333661079406738e-01 6.667330265045166016e-01 7.126495838165283203e-01 7.556979656219482422e-01 7.957051992416381836e-01 8.325104117393493652e-01 8.659648299217224121e-01 8.959336876869201660e-01 9.222958087921142578e-01 9.449444413185119629e-01 9.637876152992248535e-01 9.787480235099792480e-01 9.897657036781311035e-01 9.967959523200988770e-01 9.998093247413635254e-01 9.987956881523132324e-01 9.937577843666076660e-01 9.847169518470764160e-01 9.717106223106384277e-01 9.547920227050781250e-01 9.340304732322692871e-01 9.095087051391601562e-01 8.813274502754211426e-01 8.495997786521911621e-01 8.144531250000000000e-01 7.760280966758728027e-01 7.344787120819091797e-01 6.899709105491638184e-01 6.426829099655151367e-01 5.928029417991638184e-01 5.405314564704895020e-01 4.860794544219970703e-01 4.296661019325256348e-01 3.715211451053619385e-01 3.118811845779418945e-01 2.509898841381072998e-01 1.890964210033416748e-01 1.264525949954986572e-01 6.331083178520202637e-02 -7.720664143562316895e-05
7.924810051918029785e-05 -6.334711611270904541e-02 -1.265234351158142090e-01 -1.891980916261672974e-01 -2.511188685894012451e-01 -3.120324015617370605e-01 -3.716899454593658447e-01 -4.298481047153472900e-01 -4.862682521343231201e-01 -5.407227277755737305e-01 -5.929912328720092773e-01 -6.428651809692382812e-01 -6.901440620422363281e-01 -7.346414923667907715e-01 -7.761804461479187012e-01 -8.145958185195922852e-01 -8.497348427772521973e-01 -8.814576864242553711e-01 -9.096367359161376953e-01 -9.341587424278259277e-01 -9.549236297607421875e-01 -9.718466997146606445e-01 -9.848581552505493164e-01 -9.939033389091491699e-01 -9.989451169967651367e-01 -9.999615550041198730e-01 -9.969480633735656738e-01 -9.899159073829650879e-01 -9.788944125175476074e-01 -9.639279246330261230e-01 -9.450781345367431641e-01 -9.224224090576171875e-01 -8.960521817207336426e-01 -8.660754561424255371e-01 -8.326138257980346680e-01 -7.958030104637145996e-01 -7.557910084724426270e-01 -7.127389311790466309e-01 -6.668200492858886719e-01 -6.182186007499694824e-01 -5.671290159225463867e-01 -5.137562155723571777e-01 -4.583143293857574463e-01 -4.010256528854370117e-01 -3.421199619770050049e-01 -2.818347215652465820e-01 -2.204120159149169922e-01 -1.580997854471206665e-01 -9.514892101287841797e-02 -3.181378543376922607e-02 3.164959326386451721e-02 9.498468041419982910e-02 1.579358875751495361e-01 2.202492654323577881e-01 2.816731035709381104e-01 3.419602215290069580e-01 4.008677005767822266e-01 4.581588208675384521e-01 5.136032700538635254e-01 5.669787526130676270e-01 6.180704236030578613e-01 6.666741371154785156e-01 7.125946283340454102e-01 7.556468248367309570e-01 7.956581711769104004e-01 8.324677348136901855e-01 8.659268617630004883e-01 8.959004282951354980e-01 9.222671985626220703e-01 9.449200630187988281e-01 9.637671113014221191e-01 9.787320494651794434e-01 9.897537827491760254e-01 9.967879652976989746e-01 9.998061060905456543e-01 9.987960457801818848e-01 9.937618374824523926e-01 9.847250580787658691e-01 9.717227816581726074e-01 9.548075795173645020e-01 9.340490102767944336e-01 9.095308184623718262e-01 8.813521265983581543e-01 8.496274948120117188e-01 8.144833445549011230e-01 7.760608196258544922e-01 7.345131039619445801e-01 6.900079846382141113e-01 6.427206993103027344e-01 5.928429365158081055e-01 5.405731797218322754e-01 4.861222803592681885e-01 4.297102093696594238e-01 3.715662658214569092e-01 3.119264245033264160e-01 2.510359883308410645e-01 1.891422718763351440e-01 1.264976412057876587e-01 6.335574388504028320e-02 -3.353878855705261230e-05
3.532484173774719238e-03 -5.990402400493621826e-02 -1.230983734130859375e-01 -1.857988089323043823e-01 -2.477537095546722412e-01 -3.087083697319030762e-01 -3.684152066707611084e-01 -4.266296625137329102e-01 -4.831136763095855713e-01 -5.376382470130920410e-01 -5.899839997291564941e-01 -6.399395465850830078e-01 -6.873067021369934082e-01 -7.318967580795288086e-01 -7.735313177108764648e-01 -8.120460510253906250e-01 -8.472875356674194336e-01 -8.791148662567138672e-01 -9.073995947837829590e-01 -9.320285320281982422e-01 -9.529005885124206543e-01 -9.699302315711975098e-01 -9.830480217933654785e-01 -9.921981096267700195e-01 -9.973434209823608398e-01 -9.984619617462158203e-01 -9.955481290817260742e-01 -9.886133670806884766e-01 -9.776869416236877441e-01 -9.628133177757263184e-01 -9.440536499023437500e-01 -9.214851260185241699e-01 -8.951995968818664551e-01 -8.653050065040588379e-01 -8.319222331047058105e-01 -7.951871156692504883e-01 -7.552482485771179199e-01 -7.122659087181091309e-01 -6.664142608642578125e-01 -6.178765296936035156e-01 -5.668480396270751953e-01 -5.135334730148315430e-01 -4.581467211246490479e-01 -4.009106755256652832e-01 -3.420551121234893799e-01 -2.818174958229064941e-01 -2.204399555921554565e-01 -1.581708043813705444e-01 -9.526161849498748779e-02 -3.196640312671661377e-02 3.145856037735939026e-02 9.475652873516082764e-02 1.576714217662811279e-01 2.199493348598480225e-01 2.813387513160705566e-01 3.415909707546234131e-01 4.004639685153961182e-01 4.577206969261169434e-01 5.131304860115051270e-01 5.664708018302917480e-01 6.175273656845092773e-01 6.660944819450378418e-01 7.119777798652648926e-01 7.549926638603210449e-01 7.949653863906860352e-01 8.317355513572692871e-01 8.651542067527770996e-01 8.950867056846618652e-01 9.214109182357788086e-01 9.440208673477172852e-01 9.628241658210754395e-01 9.777442812919616699e-01 9.887205958366394043e-01 9.957086443901062012e-01 9.986795783042907715e-01 9.976214766502380371e-01 9.925389885902404785e-01 9.834527373313903809e-01 9.704002737998962402e-01 9.534340500831604004e-01 9.326230287551879883e-01 9.080523848533630371e-01 8.798208236694335938e-01 8.480415344238281250e-01 8.128432631492614746e-01 7.743664383888244629e-01 7.327652573585510254e-01 6.882064342498779297e-01 6.408674716949462891e-01 5.909389257431030273e-01 5.386201143264770508e-01 4.841222167015075684e-01 4.276666641235351562e-01 3.694820106029510498e-01 3.098060488700866699e-01 2.488825619220733643e-01 1.869609653949737549e-01 1.242926418781280518e-01 6.113138422369956970e-02 -2.273123711347579956e-03
6.525591015815734863e-05 -6.336098164319992065e-02 -1.265365928411483765e-01 -1.892111599445343018e-01 -2.511305809020996094e-01 -3.120431303977966309e-01 -3.716998994350433350e-01 -4.298566877841949463e-01 -4.862758219242095947e-01 -5.407294034957885742e-01 -5.929976701736450195e-01 -6.428704857826232910e-01 -6.901502013206481934e-01 -7.346482276916503906e-01 -7.761873602867126465e-01 -8.146035671234130859e-01 -8.497437238693237305e-01 -8.814669847488403320e-01 -9.096468687057495117e-01 -9.341693520545959473e-01 -9.549340605735778809e-01 -9.718568325042724609e-01 -9.848677515983581543e-01 -9.939128160476684570e-01 -9.989538192749023438e-01 -9.999692440032958984e-01 -9.969548583030700684e-01 -9.899220466613769531e-01 -9.788997769355773926e-01 -9.639332890510559082e-01 -9.450836777687072754e-01 -9.224275946617126465e-01 -8.960580229759216309e-01 -8.660816550254821777e-01 -8.326210975646972656e-01 -7.958105802536010742e-01 -7.557990550994873047e-01 -7.127478718757629395e-01 -6.668288111686706543e-01 -6.182271838188171387e-01 -5.671373009681701660e-01 -5.137640833854675293e-01 -4.583216607570648193e-01 -4.010318517684936523e-01 -3.421255350112915039e-01 -2.818391621112823486e-01 -2.204160392284393311e-01 -1.581030488014221191e-01 -9.515190124511718750e-02 -3.181666880846023560e-02 3.164634108543395996e-02 9.498178213834762573e-02 1.579326689243316650e-01 2.202459275722503662e-01 2.816696465015411377e-01 3.419569134712219238e-01 4.008647203445434570e-01 4.581561684608459473e-01 5.136009454727172852e-01 5.669767856597900391e-01 6.180698275566101074e-01 6.666743755340576172e-01 7.125956416130065918e-01 7.556485533714294434e-01 7.956613302230834961e-01 8.324715495109558105e-01 8.659313321113586426e-01 8.959053158760070801e-01 9.222726821899414062e-01 9.449259042739868164e-01 9.637731909751892090e-01 9.787384867668151855e-01 9.897605776786804199e-01 9.967953562736511230e-01 9.998137354850769043e-01 9.988042712211608887e-01 9.937707781791687012e-01 9.847349524497985840e-01 9.717336297035217285e-01 9.548192620277404785e-01 9.340608716011047363e-01 9.095436334609985352e-01 8.813662528991699219e-01 8.496416807174682617e-01 8.144981861114501953e-01 7.760762572288513184e-01 7.345291376113891602e-01 6.900235414505004883e-01 6.427367925643920898e-01 5.928591489791870117e-01 5.405897498130798340e-01 4.861390590667724609e-01 4.297273159027099609e-01 3.715833723545074463e-01 3.119440078735351562e-01 2.510533332824707031e-01 1.891596317291259766e-01 1.265151500701904297e-01 6.337302923202514648e-02 -1.664087176322937012e-05
-3.874421119689941406e-03 -6.728869676589965820e-02 -1.304461956024169922e-01 -1.930958181619644165e-01 -2.549845576286315918e-01 -3.158608376979827881e-01 -3.754760622978210449e-01 -4.335864186286926270e-01 -4.899553060531616211e-01 -5.443546772003173828e-01 -5.965660810470581055e-01 -6.463785171508789062e-01 -6.935957670211791992e-01 -7.380285263061523438e-01 -7.795010805130004883e-01 -8.178485631942749023e-01 -8.529183864593505859e-01 -8.845704793930053711e-01 -9.126780033111572266e-01 -9.371268749237060547e-01 -9.578177928924560547e-01 -9.746661186218261719e-01 -9.876021146774291992e-01 -9.965720176696777344e-01 -1.001539111137390137e+00 -1.002480983734130859e+00 -9.993931055068969727e-01 -9.922882318496704102e-01 -9.811947345733642578e-01 -9.661577939987182617e-01 -9.472391605377197266e-01 -9.245154857635498047e-01 -8.980785608291625977e-01 -8.680369853973388672e-01 -8.345115184783935547e-01 -7.976373434066772461e-01 -7.575626373291015625e-01 -7.144480943679809570e-01 -6.684668064117431641e-01 -6.198025941848754883e-01 -5.686498880386352539e-01 -5.152132511138916016e-01 -4.597069025039672852e-01 -4.023524820804595947e-01 -3.433797657489776611e-01 -2.830264568328857422e-01 -2.215337455272674561e-01 -1.591497063636779785e-01 -9.612476825714111328e-02 -3.271366283297538757e-02 3.082876652479171753e-02 9.424600005149841309e-02 1.572829335927963257e-01 2.196849882602691650e-01 2.812023758888244629e-01 3.415864109992980957e-01 4.005954861640930176e-01 4.579928219318389893e-01 5.135480165481567383e-01 5.670387744903564453e-01 6.182510852813720703e-01 6.669793128967285156e-01 7.130290269851684570e-01 7.562154531478881836e-01 7.963647842407226562e-01 8.333164453506469727e-01 8.669214248657226562e-01 8.970441818237304688e-01 9.235640764236450195e-01 9.463733434677124023e-01 9.653795957565307617e-01 9.805064201354980469e-01 9.916919469833374023e-01 9.988921880722045898e-01 1.002077698707580566e+00 1.001235246658325195e+00 9.963696002960205078e-01 9.875015020370483398e-01 9.746662378311157227e-01 9.579164981842041016e-01 9.373214244842529297e-01 9.129631519317626953e-01 8.849416971206665039e-01 8.533682823181152344e-01 8.183712959289550781e-01 7.800909280776977539e-01 7.386796474456787109e-01 6.943031549453735352e-01 6.471396684646606445e-01 5.973769426345825195e-01 5.452146530151367188e-01 4.908632338047027588e-01 4.345420897006988525e-01 3.764792978763580322e-01 3.169116079807281494e-01 2.560826539993286133e-01 1.942400038242340088e-01 1.316356807947158813e-01 6.852261722087860107e-02 5.150485783815383911e-03
-1.403946429491043091e-03 -6.482091546058654785e-02 -1.279824376106262207e-01 -1.906383484601974487e-01 -2.525358200073242188e-01 -3.134217858314514160e-01 -3.730479776859283447e-01 -4.311705231666564941e-01 -4.875528812408447266e-01 -5.419665575027465820e-01 -5.941925048828125000e-01 -6.440212726593017578e-01 -6.912540197372436523e-01 -7.357032299041748047e-01 -7.771930694580078125e-01 -8.155574798583984375e-01 -8.506445884704589844e-01 -8.823134899139404297e-01 -9.104377031326293945e-01 -9.349032640457153320e-01 -9.556107521057128906e-01 -9.724748134613037109e-01 -9.854270219802856445e-01 -9.944128990173339844e-01 -9.993954896926879883e-01 -1.000352859497070312e+00 -9.972810745239257812e-01 -9.901924133300781250e-01 -9.791157245635986328e-01 -9.640967845916748047e-01 -9.451957941055297852e-01 -9.224907159805297852e-01 -8.960748910903930664e-01 -8.660546541213989258e-01 -8.325518369674682617e-01 -7.957019805908203125e-01 -7.556530237197875977e-01 -7.125670909881591797e-01 -6.666159629821777344e-01 -6.179850101470947266e-01 -5.668675899505615234e-01 -5.134698152542114258e-01 -4.580054283142089844e-01 -4.006963670253753662e-01 -3.417736589908599854e-01 -2.814731597900390625e-01 -2.200385034084320068e-01 -1.577167809009552002e-01 -9.475965797901153564e-02 -3.142063319683074951e-02 3.204338997602462769e-02 9.537784755229949951e-02 1.583258807659149170e-01 2.206337749958038330e-01 2.820506393909454346e-01 3.423292934894561768e-01 4.012266695499420166e-01 4.585066139698028564e-01 5.139387845993041992e-01 5.673006772994995117e-01 6.183782815933227539e-01 6.669667959213256836e-01 7.128710746765136719e-01 7.559064626693725586e-01 7.959005832672119141e-01 8.326917886734008789e-01 8.661319017410278320e-01 8.960856199264526367e-01 9.224326610565185547e-01 9.450658559799194336e-01 9.638930559158325195e-01 9.788383245468139648e-01 9.898411035537719727e-01 9.968570470809936523e-01 9.998574256896972656e-01 9.988299608230590820e-01 9.937801361083984375e-01 9.847278594970703125e-01 9.717112779617309570e-01 9.547833204269409180e-01 9.340116977691650391e-01 9.094818830490112305e-01 8.812918663024902344e-01 8.495564460754394531e-01 8.144028186798095703e-01 7.759714126586914062e-01 7.344163656234741211e-01 6.899038553237915039e-01 6.426116228103637695e-01 5.927287340164184570e-01 5.404558181762695312e-01 4.860026538372039795e-01 4.295898377895355225e-01 3.714461922645568848e-01 3.118080794811248779e-01 2.509198486804962158e-01 1.890290081501007080e-01 1.263885349035263062e-01 6.325058639049530029e-02 -1.340694725513458252e-04
9.785495698451995850e-03 -5.370652675628662109e-02 -1.169779449701309204e-01 -1.797775626182556152e-01 -2.418509274721145630e-01 -3.029456138610839844e-01 -3.628109693527221680e-01 -4.212003946304321289e-01 -4.778775274753570557e-01 -5.326103568077087402e-01 -5.851791501045227051e-01 -6.353716850280761719e-01 -6.829879283905029297e-01 -7.278376817703247070e-01 -7.697429060935974121e-01 -8.085374236106872559e-01 -8.440652489662170410e-01 -8.761855959892272949e-01 -9.047685861587524414e-01 -9.296993017196655273e-01 -9.508765935897827148e-01 -9.682134389877319336e-01 -9.816381335258483887e-01 -9.910961389541625977e-01 -9.965478181838989258e-01 -9.979698061943054199e-01 -9.953567981719970703e-01 -9.887184500694274902e-01 -9.780825972557067871e-01 -9.634928107261657715e-01 -9.450083971023559570e-01 -9.227060675621032715e-01 -8.966763019561767578e-01 -8.670256733894348145e-01 -8.338737487792968750e-01 -7.973559498786926270e-01 -7.576189041137695312e-01 -7.148234844207763672e-01 -6.691406965255737305e-01 -6.207560300827026367e-01 -5.698623061180114746e-01 -5.166646242141723633e-01 -4.613771140575408936e-01 -4.042219817638397217e-01 -3.454290926456451416e-01 -2.852358520030975342e-01 -2.238848954439163208e-01 -1.616249084472656250e-01 -9.870621562004089355e-02 -3.538426011800765991e-02 2.808444574475288391e-02 9.144376218318939209e-02 1.544367522001266479e-01 2.168091237545013428e-01 2.783089578151702881e-01 3.386877477169036865e-01 3.977020084857940674e-01 4.551139771938323975e-01 5.106931924819946289e-01 5.642155408859252930e-01 6.154658198356628418e-01 6.642376184463500977e-01 7.103352546691894531e-01 7.535724043846130371e-01 7.937756776809692383e-01 8.307824730873107910e-01 8.644428849220275879e-01 8.946214914321899414e-01 9.211946725845336914e-01 9.440562129020690918e-01 9.631122350692749023e-01 9.782854318618774414e-01 9.895141124725341797e-01 9.967532157897949219e-01 9.999724626541137695e-01 9.991594552993774414e-01 9.943178892135620117e-01 9.854679107666015625e-01 9.726449251174926758e-01 9.559022188186645508e-01 9.353080391883850098e-01 9.109449982643127441e-01 8.829120993614196777e-01 8.513227105140686035e-01 8.163033723831176758e-01 7.779949903488159180e-01 7.365512251853942871e-01 6.921376585960388184e-01 6.449322700500488281e-01 5.951243638992309570e-01 5.429139137268066406e-01 4.885115325450897217e-01 4.321366250514984131e-01 3.740189671516418457e-01 3.143958747386932373e-01 2.535108029842376709e-01 1.916124373674392700e-01 1.289537101984024048e-01 6.578764319419860840e-02 2.365726977586746216e-03
7.816776633262634277e-05 -6.334730237722396851e-02 -1.265225857496261597e-01 -1.891962289810180664e-01 -2.511146664619445801e-01 -3.120257556438446045e-01 -3.716808259487152100e-01 -4.298357963562011719e-01 -4.862537980079650879e-01 -5.407065749168395996e-01 -5.929744243621826172e-01 -6.428474783897399902e-01 -6.901284456253051758e-01 -7.346281409263610840e-01 -7.761689424514770508e-01 -8.145878911018371582e-01 -8.497297167778015137e-01 -8.814553022384643555e-01 -9.096370935440063477e-01 -9.341604709625244141e-01 -9.549260139465332031e-01 -9.718488454818725586e-01 -9.848592877388000488e-01 -9.939033985137939453e-01 -9.989436864852905273e-01 -9.999584555625915527e-01 -9.969437718391418457e-01 -9.899107813835144043e-01 -9.788888692855834961e-01 -9.639229178428649902e-01 -9.450742602348327637e-01 -9.224197864532470703e-01 -8.960520625114440918e-01 -8.660778403282165527e-01 -8.326189517974853516e-01 -7.958101630210876465e-01 -7.557999491691589355e-01 -7.127491235733032227e-01 -6.668312549591064453e-01 -6.182293891906738281e-01 -5.671390891075134277e-01 -5.137652158737182617e-01 -4.583217203617095947e-01 -4.010312259197235107e-01 -3.421235978603363037e-01 -2.818368375301361084e-01 -2.204127907752990723e-01 -1.580996811389923096e-01 -9.514865279197692871e-02 -3.181387484073638916e-02 3.164911642670631409e-02 9.498305618762969971e-02 1.579333692789077759e-01 2.202455997467041016e-01 2.816688716411590576e-01 3.419557809829711914e-01 4.008631408214569092e-01 4.581548571586608887e-01 5.136004686355590820e-01 5.669770836830139160e-01 6.180712580680847168e-01 6.666771769523620605e-01 7.125994563102722168e-01 7.556541562080383301e-01 7.956672310829162598e-01 8.324782848358154297e-01 8.659387230873107910e-01 8.959124088287353516e-01 9.222790598869323730e-01 9.449316859245300293e-01 9.637790322303771973e-01 9.787433743476867676e-01 9.897647500038146973e-01 9.967985749244689941e-01 9.998170733451843262e-01 9.988073706626892090e-01 9.937742352485656738e-01 9.847384095191955566e-01 9.717373251914978027e-01 9.548236727714538574e-01 9.340662360191345215e-01 9.095486402511596680e-01 8.813713192939758301e-01 8.496466279029846191e-01 8.145030140876770020e-01 7.760804295539855957e-01 7.345331311225891113e-01 6.900264024734497070e-01 6.427397727966308594e-01 5.928613543510437012e-01 5.405917763710021973e-01 4.861409664154052734e-01 4.297295808792114258e-01 3.715853393077850342e-01 3.119464814662933350e-01 2.510558664798736572e-01 1.891623586416244507e-01 1.265174746513366699e-01 6.337429583072662354e-02 -1.621246337890625000e-05
7.871951907873153687e-03 -5.560144782066345215e-02 -1.188462078571319580e-01 -1.816105991601943970e-01 -2.436401993036270142e-01 -3.046826720237731934e-01 -3.644874095916748047e-01 -4.228103160858154297e-01 -4.794127345085144043e-01 -5.340657830238342285e-01 -5.865479111671447754e-01 -6.366484761238098145e-01 -6.841682195663452148e-01 -7.289170622825622559e-01 -7.707174420356750488e-01 -8.094028234481811523e-01 -8.448184728622436523e-01 -8.768237233161926270e-01 -9.052887558937072754e-01 -9.300995469093322754e-01 -9.511551856994628906e-01 -9.683693647384643555e-01 -9.816708564758300781e-01 -9.910053014755249023e-01 -9.963344335556030273e-01 -9.976344704627990723e-01 -9.949015378952026367e-01 -9.881452918052673340e-01 -9.773939251899719238e-01 -9.626924395561218262e-01 -9.441007375717163086e-01 -9.216940999031066895e-01 -8.955649733543395996e-01 -8.658195137977600098e-01 -8.325789570808410645e-01 -7.959774136543273926e-01 -7.561624646186828613e-01 -7.132951617240905762e-01 -6.675480008125305176e-01 -6.191048622131347656e-01 -5.681601166725158691e-01 -5.149193406105041504e-01 -4.595956802368164062e-01 -4.024129509925842285e-01 -3.436008095741271973e-01 -2.833969891071319580e-01 -2.220440208911895752e-01 -1.597904711961746216e-01 -9.688791632652282715e-02 -3.359111398458480835e-02 2.984391525387763977e-02 9.316039085388183594e-02 1.561022251844406128e-01 2.184147536754608154e-01 2.798460721969604492e-01 3.401481807231903076e-01 3.990779519081115723e-01 4.563977718353271484e-01 5.118771195411682129e-01 5.652926564216613770e-01 6.164287328720092773e-01 6.650800108909606934e-01 7.110504508018493652e-01 7.541552186012268066e-01 7.942197322845458984e-01 8.310826420783996582e-01 8.645946383476257324e-01 8.946205377578735352e-01 9.210376739501953125e-01 9.437399506568908691e-01 9.626342058181762695e-01 9.776443243026733398e-01 9.887090921401977539e-01 9.957836866378784180e-01 9.988394975662231445e-01 9.978638887405395508e-01 9.928611516952514648e-01 9.838521480560302734e-01 9.708739519119262695e-01 9.539792537689208984e-01 9.332362413406372070e-01 9.087296128273010254e-01 8.805587887763977051e-01 8.488364219665527344e-01 8.136906623840332031e-01 7.752624154090881348e-01 7.337059378623962402e-01 6.891872286796569824e-01 6.418840885162353516e-01 5.919871926307678223e-01 5.396961569786071777e-01 4.852216839790344238e-01 4.287839829921722412e-01 3.706133961677551270e-01 3.109455108642578125e-01 2.500259578227996826e-01 1.881021410226821899e-01 1.254269629716873169e-01 6.225390359759330750e-02 -1.166351139545440674e-03
8.082017302513122559e-05 -6.334432214498519897e-02 -1.265177130699157715e-01 -1.891897320747375488e-01 -2.511060535907745361e-01 -3.120146691799163818e-01 -3.716663122177124023e-01 -4.298188090324401855e-01 -4.862336516380310059e-01 -5.406827926635742188e-01 -5.929476618766784668e-01 -6.428185701370239258e-01 -6.900967359542846680e-01 -7.345930337905883789e-01 -7.761316299438476562e-01 -8.145474195480346680e-01 -8.496872186660766602e-01 -8.814094662666320801e-01 -9.095877408981323242e-01 -9.341076016426086426e-01 -9.548694491386413574e-01 -9.717881083488464355e-01 -9.847943186759948730e-01 -9.938337802886962891e-01 -9.988695383071899414e-01 -9.998798966407775879e-01 -9.968604445457458496e-01 -9.898231625556945801e-01 -9.787973761558532715e-01 -9.638281464576721191e-01 -9.449761509895324707e-01 -9.223189949989318848e-01 -8.959487080574035645e-01 -8.659726977348327637e-01 -8.325115442276000977e-01 -7.957009673118591309e-01 -7.556889653205871582e-01 -7.126368284225463867e-01 -6.667167544364929199e-01 -6.181138753890991211e-01 -5.670223832130432129e-01 -5.136473774909973145e-01 -4.582026898860931396e-01 -4.009117782115936279e-01 -3.420046865940093994e-01 -2.817178964614868164e-01 -2.202950865030288696e-01 -1.579837650060653687e-01 -9.503512829542160034e-02 -3.170340508222579956e-02 3.175570443272590637e-02 9.508641064167022705e-02 1.580321043729782104e-01 2.203397750854492188e-01 2.817579209804534912e-01 3.420390188694000244e-01 4.009410142898559570e-01 4.582266807556152344e-01 5.136663317680358887e-01 5.670362114906311035e-01 6.181234717369079590e-01 6.667218804359436035e-01 7.126369476318359375e-01 7.556835412979125977e-01 7.956882715225219727e-01 8.324903845787048340e-01 8.659409880638122559e-01 8.959050774574279785e-01 9.222621917724609375e-01 9.449045062065124512e-01 9.637408256530761719e-01 9.786945581436157227e-01 9.897054433822631836e-01 9.967290163040161133e-01 9.997371435165405273e-01 9.987168312072753906e-01 9.936734437942504883e-01 9.846279621124267578e-01 9.716172218322753906e-01 9.546935558319091797e-01 9.339267015457153320e-01 9.094001054763793945e-01 8.812136650085449219e-01 8.494797348976135254e-01 8.143274784088134766e-01 7.758963704109191895e-01 7.343410253524780273e-01 6.898273825645446777e-01 6.425339579582214355e-01 5.926496982574462891e-01 5.403742194175720215e-01 4.859180450439453125e-01 4.295021295547485352e-01 3.713548481464385986e-01 3.117123842239379883e-01 2.508191466331481934e-01 1.889231055974960327e-01 1.262762248516082764e-01 6.313200294971466064e-02 -2.595260739326477051e-04
1.875497400760650635e-03 -6.159843876957893372e-02 -1.248345226049423218e-01 -1.875824034214019775e-01 -2.495885193347930908e-01 -3.106003701686859131e-01 -3.703678548336029053e-01 -4.286471009254455566e-01 -4.852002561092376709e-01 -5.397989749908447266e-01 -5.922216773033142090e-01 -6.422595381736755371e-01 -6.897116303443908691e-01 -7.343901991844177246e-01 -7.761162519454956055e-01 -8.147249817848205566e-01 -8.500621318817138672e-01 -8.819856643676757812e-01 -9.103679656982421875e-01 -9.350944757461547852e-01 -9.560644626617431641e-01 -9.731929302215576172e-01 -9.864088296890258789e-01 -9.956588149070739746e-01 -1.000902891159057617e+00 -1.002120971679687500e+00 -9.993070363998413086e-01 -9.924729466438293457e-01 -9.816465377807617188e-01 -9.668720364570617676e-01 -9.482102394104003906e-01 -9.257375001907348633e-01 -8.995446562767028809e-01 -8.697383999824523926e-01 -8.364384770393371582e-01 -7.997804284095764160e-01 -7.599104046821594238e-01 -7.169883847236633301e-01 -6.711871623992919922e-01 -6.226887106895446777e-01 -5.716884732246398926e-01 -5.183899402618408203e-01 -4.630064070224761963e-01 -4.057596921920776367e-01 -3.468802571296691895e-01 -2.866037786006927490e-01 -2.251728177070617676e-01 -1.628347635269165039e-01 -9.984026849269866943e-02 -3.644369542598724365e-02 2.709942683577537537e-02 9.053346514701843262e-02 1.536024063825607300e-01 2.160526067018508911e-01 2.776328325271606445e-01 3.380954563617706299e-01 3.971971273422241211e-01 4.547017514705657959e-01 5.103775262832641602e-01 5.640023350715637207e-01 6.153606772422790527e-01 6.642463207244873047e-01 7.104643583297729492e-01 7.538287043571472168e-01 7.941653132438659668e-01 8.313120603561401367e-01 8.651195168495178223e-01 8.954516649246215820e-01 9.221860766410827637e-01 9.452151060104370117e-01 9.644453525543212891e-01 9.797990322113037109e-01 9.912151098251342773e-01 9.986460208892822266e-01 1.002062916755676270e+00 1.001452207565307617e+00 9.968162775039672852e-01 9.881747961044311523e-01 9.755624532699584961e-01 9.590302705764770508e-01 9.386468529701232910e-01 9.144931435585021973e-01 8.866675496101379395e-01 8.552820682525634766e-01 8.204634189605712891e-01 7.823501825332641602e-01 7.410960197448730469e-01 6.968653202056884766e-01 6.498358845710754395e-01 6.001963019371032715e-01 5.481445789337158203e-01 4.938921630382537842e-01 4.376577734947204590e-01 3.796694278717041016e-01 3.201632201671600342e-01 2.593832910060882568e-01 1.975772231817245483e-01 1.349966078996658325e-01 7.189464569091796875e-02 8.522048592567443848e-03
2.280250191688537598e-05 -6.340228766202926636e-02 -1.265759915113449097e-01 -1.892480850219726562e-01 -2.511643767356872559e-01 -3.120726943016052246e-01 -3.717249631881713867e-01 -4.298765063285827637e-01 -4.862915575504302979e-01 -5.407413840293884277e-01 -5.930064916610717773e-01 -6.428782939910888672e-01 -6.901574134826660156e-01 -7.346552610397338867e-01 -7.761954069137573242e-01 -8.146125078201293945e-01 -8.497532010078430176e-01 -8.814774751663208008e-01 -9.096566438674926758e-01 -9.341773986816406250e-01 -9.549397826194763184e-01 -9.718596935272216797e-01 -9.848664999008178711e-01 -9.939066767692565918e-01 -9.989426136016845703e-01 -9.999536871910095215e-01 -9.969349503517150879e-01 -9.898990392684936523e-01 -9.788744449615478516e-01 -9.639064669609069824e-01 -9.450562596321105957e-01 -9.224007725715637207e-01 -8.960323333740234375e-01 -8.660570979118347168e-01 -8.325976729393005371e-01 -7.957882881164550781e-01 -7.557775378227233887e-01 -7.127258777618408203e-01 -6.668064594268798828e-01 -6.182031631469726562e-01 -5.671112537384033203e-01 -5.137357711791992188e-01 -4.582900702953338623e-01 -4.009982347488403320e-01 -3.420897722244262695e-01 -2.818019092082977295e-01 -2.203776836395263672e-01 -1.580649465322494507e-01 -9.511463344097137451e-02 -3.178095072507858276e-02 3.167958185076713562e-02 9.501202404499053955e-02 1.579603552818298340e-01 2.202706336975097656e-01 2.816918492317199707e-01 3.419765830039978027e-01 4.008822739124298096e-01 4.581727087497711182e-01 5.136170983314514160e-01 5.669930577278137207e-01 6.180859804153442383e-01 6.666909456253051758e-01 7.126122117042541504e-01 7.556655406951904297e-01 7.956771254539489746e-01 8.324863314628601074e-01 8.659442067146301270e-01 8.959153294563293457e-01 9.222794771194458008e-01 9.449295401573181152e-01 9.637736678123474121e-01 9.787356257438659668e-01 9.897546172142028809e-01 9.967864155769348145e-01 9.998027682304382324e-01 9.987916350364685059e-01 9.937573075294494629e-01 9.847205281257629395e-01 9.717183709144592285e-01 9.548032879829406738e-01 9.340448975563049316e-01 9.095272421836853027e-01 8.813490867614746094e-01 8.496228456497192383e-01 8.144776225090026855e-01 7.760536074638366699e-01 7.345045804977416992e-01 6.899974942207336426e-01 6.427094340324401855e-01 5.928307175636291504e-01 5.405603051185607910e-01 4.861091077327728271e-01 4.296974241733551025e-01 3.715535700321197510e-01 3.119142651557922363e-01 2.510240972042083740e-01 1.891302615404129028e-01 1.264853030443191528e-01 6.334215402603149414e-02 -4.835426807403564453e-05
-1.056287437677383423e-03 -6.447689980268478394e-02 -1.276442706584930420e-01 -1.903074234724044800e-01 -2.522135078907012939e-01 -3.131088614463806152e-01 -3.727464675903320312e-01 -4.308824837207794189e-01 -4.872798621654510498e-01 -5.417111515998840332e-01 -5.939572453498840332e-01 -6.438081264495849609e-01 -6.910664439201354980e-01 -7.355430126190185547e-01 -7.770609855651855469e-01 -8.154562115669250488e-01 -8.505747318267822266e-01 -8.822761178016662598e-01 -9.104323387145996094e-01 -9.349305033683776855e-01 -9.556696414947509766e-01 -9.725662469863891602e-01 -9.855488538742065430e-01 -9.945659637451171875e-01 -9.995791912078857422e-01 -1.000567197799682617e+00 -9.975267052650451660e-01 -9.904688000679016113e-01 -9.794232845306396484e-01 -9.644342660903930664e-01 -9.455641508102416992e-01 -9.228897690773010254e-01 -8.965031504631042480e-01 -8.665109872817993164e-01 -8.330344557762145996e-01 -7.962095737457275391e-01 -7.561833262443542480e-01 -7.131170630455017090e-01 -6.671838760375976562e-01 -6.185674667358398438e-01 -5.674624443054199219e-01 -5.140743255615234375e-01 -4.586171507835388184e-01 -4.013136625289916992e-01 -3.423935770988464355e-01 -2.820949554443359375e-01 -2.206595987081527710e-01 -1.583358496427536011e-01 -9.537459164857864380e-02 -3.203002735972404480e-02 3.144232556223869324e-02 9.478628635406494141e-02 1.577468216419219971e-01 2.200696319341659546e-01 2.815041244029998779e-01 3.418034315109252930e-01 4.007243514060974121e-01 4.580307900905609131e-01 5.134918093681335449e-01 5.668858885765075684e-01 6.179978847503662109e-01 6.666231155395507812e-01 7.125659584999084473e-01 7.556416988372802734e-01 7.956771850585937500e-01 8.325111865997314453e-01 8.659957647323608398e-01 8.959947228431701660e-01 9.223872423171997070e-01 9.450668096542358398e-01 9.639418125152587891e-01 9.789357185363769531e-01 9.899878501892089844e-01 9.970536231994628906e-01 1.000104427337646484e+00 9.991283416748046875e-01 9.941291809082031250e-01 9.851282835006713867e-01 9.721621274948120117e-01 9.552836418151855469e-01 9.345603585243225098e-01 9.100773334503173828e-01 8.819333314895629883e-01 8.502416014671325684e-01 8.151294589042663574e-01 7.767381072044372559e-01 7.352203726768493652e-01 6.907434463500976562e-01 6.434849500656127930e-01 5.936338305473327637e-01 5.413902401924133301e-01 4.869640171527862549e-01 4.305760860443115234e-01 3.724533915519714355e-01 3.128339946269989014e-01 2.519605159759521484e-01 1.900816708803176880e-01 1.274490952491760254e-01 6.431546807289123535e-02 9.323395788669586182e-04
-1.133866608142852783e-04 -6.353460252285003662e-02 -1.267035752534866333e-01 -1.893694251775741577e-01 -2.512786388397216797e-01 -3.121791481971740723e-01 -3.718220591545104980e-01 -4.299641251564025879e-01 -4.863686561584472656e-01 -5.408077836036682129e-01 -5.930624604225158691e-01 -6.429228186607360840e-01 -6.901907324790954590e-01 -7.346774935722351074e-01 -7.762061357498168945e-01 -8.146119117736816406e-01 -8.497407436370849609e-01 -8.814526200294494629e-01 -9.096197485923767090e-01 -9.341278076171875000e-01 -9.548776745796203613e-01 -9.717839360237121582e-01 -9.847777485847473145e-01 -9.938048124313354492e-01 -9.988278150558471680e-01 -9.998262524604797363e-01 -9.967955946922302246e-01 -9.897480607032775879e-01 -9.787126183509826660e-01 -9.637340903282165527e-01 -9.448750019073486328e-01 -9.222105145454406738e-01 -8.958342671394348145e-01 -8.658524155616760254e-01 -8.323866724967956543e-01 -7.955721616744995117e-01 -7.555562257766723633e-01 -7.125006914138793945e-01 -6.665779352188110352e-01 -6.179723143577575684e-01 -5.668784976005554199e-01 -5.135018229484558105e-01 -4.580563306808471680e-01 -4.007653594017028809e-01 -3.418585658073425293e-01 -2.815738022327423096e-01 -2.201534658670425415e-01 -1.578457951545715332e-01 -9.490184485912322998e-02 -3.157586604356765747e-02 3.187706321477890015e-02 9.520035982131958008e-02 1.581382900476455688e-01 2.204376608133316040e-01 2.818474769592285156e-01 3.421201109886169434e-01 4.010134935379028320e-01 4.582905769348144531e-01 5.137214064598083496e-01 5.670830607414245605e-01 6.181614995002746582e-01 6.667508482933044434e-01 7.126569747924804688e-01 7.556939721107482910e-01 7.956896424293518066e-01 8.324814438819885254e-01 8.659223914146423340e-01 8.958767652511596680e-01 9.222235083580017090e-01 9.448562264442443848e-01 9.636833667755126953e-01 9.786282777786254883e-01 9.896309375762939453e-01 9.966465234756469727e-01 9.996471405029296875e-01 9.986209869384765625e-01 9.935719966888427734e-01 9.845210313796997070e-01 9.715049266815185547e-01 9.545772075653076172e-01 9.338059425354003906e-01 9.092754125595092773e-01 8.810850381851196289e-01 8.493484854698181152e-01 8.141927719116210938e-01 7.757591009140014648e-01 7.342014312744140625e-01 6.896866559982299805e-01 6.423915028572082520e-01 5.925067067146301270e-01 5.402318835258483887e-01 4.857767820358276367e-01 4.293625354766845703e-01 3.712167143821716309e-01 3.115764260292053223e-01 2.506853938102722168e-01 1.887915879487991333e-01 1.261464804410934448e-01 6.300383061170578003e-02 -3.857240080833435059e-04
4.016980528831481934e-04 -6.302049756050109863e-02 -1.261925101280212402e-01 -1.888623237609863281e-01 -2.507763803005218506e-01 -3.116829097270965576e-01 -3.713328242301940918e-01 -4.294828176498413086e-01 -4.858959019184112549e-01 -5.403454303741455078e-01 -5.926104187965393066e-01 -6.424823403358459473e-01 -6.897618770599365234e-01 -7.342606782913208008e-01 -7.758023142814636230e-01 -8.142218589782714844e-01 -8.493642807006835938e-01 -8.810899853706359863e-01 -9.092717170715332031e-01 -9.337942600250244141e-01 -9.545586705207824707e-01 -9.714800119400024414e-01 -9.844886064529418945e-01 -9.935311079025268555e-01 -9.985693097114562988e-01 -9.995837807655334473e-01 -9.965686202049255371e-01 -9.895368814468383789e-01 -9.785174131393432617e-01 -9.635548591613769531e-01 -9.447111487388610840e-01 -9.220626354217529297e-01 -8.957013487815856934e-01 -8.657347559928894043e-01 -8.322831392288208008e-01 -7.954819202423095703e-01 -7.554796338081359863e-01 -7.124369740486145020e-01 -6.665263175964355469e-01 -6.179321408271789551e-01 -5.668493509292602539e-01 -5.134827494621276855e-01 -4.580479562282562256e-01 -4.007666409015655518e-01 -3.418692946434020996e-01 -2.815935909748077393e-01 -2.201821655035018921e-01 -1.578825563192367554e-01 -9.494689106941223145e-02 -3.162871301174163818e-02 3.181624040007591248e-02 9.513209760189056396e-02 1.580635905265808105e-01 2.203566133975982666e-01 2.817605733871459961e-01 3.420283794403076172e-01 4.009167551994323730e-01 4.581893682479858398e-01 5.136164426803588867e-01 5.669744014739990234e-01 6.180496811866760254e-01 6.666364073753356934e-01 7.125394344329833984e-01 7.555736899375915527e-01 7.955660223960876465e-01 8.323557972908020020e-01 8.657938241958618164e-01 8.957448601722717285e-01 9.220888614654541016e-01 9.447181224822998047e-01 9.635416865348815918e-01 9.784827828407287598e-01 9.894821047782897949e-01 9.964943528175354004e-01 9.994916319847106934e-01 9.984615445137023926e-01 9.934095740318298340e-01 9.843550324440002441e-01 9.713361859321594238e-01 9.544052481651306152e-01 9.336311817169189453e-01 9.090977311134338379e-01 8.809044957160949707e-01 8.491650819778442383e-01 8.140062093734741211e-01 7.755691409111022949e-01 7.340088486671447754e-01 6.894900202751159668e-01 6.421924233436584473e-01 5.923041105270385742e-01 5.400250554084777832e-01 4.855673909187316895e-01 4.291496872901916504e-01 3.710010647773742676e-01 3.113579452037811279e-01 2.504645586013793945e-01 1.885687261819839478e-01 1.259221136569976807e-01 6.277838349342346191e-02 -6.125345826148986816e-04
-3.134757280349731445e-04 -6.364022940397262573e-02 -1.267026960849761963e-01 -1.892499178647994995e-01 -2.510299086570739746e-01 -3.117910623550415039e-01 -3.712873458862304688e-01 -4.292760491371154785e-01 -4.855211377143859863e-01 -5.397973656654357910e-01 -5.918861627578735352e-01 -6.415792107582092285e-01 -6.886798143386840820e-01 -7.329997420310974121e-01 -7.743636369705200195e-01 -8.126074671745300293e-01 -8.475788831710815430e-01 -8.791381716728210449e-01 -9.071589708328247070e-01 -9.315278530120849609e-01 -9.521468877792358398e-01 -9.689316153526306152e-01 -9.818136692047119141e-01 -9.907409548759460449e-01 -9.956761598587036133e-01 -9.965997934341430664e-01 -9.935083389282226562e-01 -9.864142537117004395e-01 -9.753469824790954590e-01 -9.603529572486877441e-01 -9.414932727813720703e-01 -9.188443422317504883e-01 -8.924996256828308105e-01 -8.625659346580505371e-01 -8.291633725166320801e-01 -7.924277186393737793e-01 -7.525060772895812988e-01 -7.095593214035034180e-01 -6.637603044509887695e-01 -6.152917146682739258e-01 -5.643489956855773926e-01 -5.111357569694519043e-01 -4.558662772178649902e-01 -3.987621665000915527e-01 -3.400533199310302734e-01 -2.799760699272155762e-01 -2.187725752592086792e-01 -1.566894501447677612e-01 -9.397751092910766602e-02 -3.088895417749881744e-02 3.232116252183914185e-02 9.539768099784851074e-02 1.580869555473327637e-01 2.201348692178726196e-01 2.812927961349487305e-01 3.413145542144775391e-01 3.999583125114440918e-01 4.569883942604064941e-01 5.121757984161376953e-01 5.652992725372314453e-01 6.161447167396545410e-01 6.645085811614990234e-01 7.101959586143493652e-01 7.530238032341003418e-01 7.928189635276794434e-01 8.294217586517333984e-01 8.626842498779296875e-01 8.924726843833923340e-01 9.186665415763854980e-01 9.411599040031433105e-01 9.598618745803833008e-01 9.746963977813720703e-01 9.856035709381103516e-01 9.925388097763061523e-01 9.954749345779418945e-01 9.943984746932983398e-01 9.893143177032470703e-01 9.802432060241699219e-01 9.672211408615112305e-01 9.503000974655151367e-01 9.295493364334106445e-01 9.050517678260803223e-01 8.769048452377319336e-01 8.452222943305969238e-01 8.101305365562438965e-01 7.717697620391845703e-01 7.302924990653991699e-01 6.858650445938110352e-01 6.386636495590209961e-01 5.888775587081909180e-01 5.367051362991333008e-01 4.823560714721679688e-01 4.260500073432922363e-01 3.680136203765869141e-01 3.084833025932312012e-01 2.477013021707534790e-01 1.859145611524581909e-01 1.233742833137512207e-01 6.033335626125335693e-02 -2.959597855806350708e-03
7.890485227108001709e-03 -5.560781434178352356e-02 -1.188796311616897583e-01 -1.816714555025100708e-01 -2.437310367822647095e-01 -3.048039674758911133e-01 -3.646406829357147217e-01 -4.229980707168579102e-01 -4.796363115310668945e-01 -5.343269109725952148e-01 -5.868489742279052734e-01 -6.369913220405578613e-01 -6.845539212226867676e-01 -7.293465733528137207e-01 -7.711908817291259766e-01 -8.099199533462524414e-01 -8.453787565231323242e-01 -8.774248957633972168e-01 -9.059289097785949707e-01 -9.307756423950195312e-01 -9.518635869026184082e-01 -9.691066741943359375e-01 -9.824348092079162598e-01 -9.917914867401123047e-01 -9.971395134925842285e-01 -9.984557032585144043e-01 -9.957361221313476562e-01 -9.889898896217346191e-01 -9.782468080520629883e-01 -9.635498523712158203e-01 -9.449598789215087891e-01 -9.225527644157409668e-01 -8.964200019836425781e-01 -8.666670918464660645e-01 -8.334155082702636719e-01 -7.967987656593322754e-01 -7.569649815559387207e-01 -7.140746116638183594e-01 -6.682996153831481934e-01 -6.198245286941528320e-01 -5.688440203666687012e-01 -5.155630111694335938e-01 -4.601961672306060791e-01 -4.029662311077117920e-01 -3.441043496131896973e-01 -2.838479578495025635e-01 -2.224406599998474121e-01 -1.601306647062301636e-01 -9.716998785734176636e-02 -3.381376340985298157e-02 2.968168631196022034e-02 9.305925667285919189e-02 1.560624092817306519e-01 2.184366732835769653e-01 2.799295186996459961e-01 3.402928411960601807e-01 3.992824256420135498e-01 4.566610753536224365e-01 5.121966600418090820e-01 5.656655430793762207e-01 6.168525218963623047e-01 6.655508875846862793e-01 7.115640044212341309e-01 7.547074556350708008e-01 7.948059439659118652e-01 8.316977024078369141e-01 8.652341961860656738e-01 8.952792286872863770e-01 9.217121005058288574e-01 9.444251656532287598e-01 9.633268713951110840e-01 9.783404469490051270e-01 9.894055724143981934e-01 9.964769482612609863e-01 9.995273947715759277e-01 9.985432028770446777e-01 9.935293793678283691e-01 9.845063090324401855e-01 9.715111851692199707e-01 9.545965790748596191e-01 9.338307976722717285e-01 9.092981815338134766e-01 8.810977935791015625e-01 8.493434786796569824e-01 8.141621947288513184e-01 7.756960391998291016e-01 7.340993881225585938e-01 6.895382404327392578e-01 6.421912908554077148e-01 5.922495722770690918e-01 5.399124026298522949e-01 4.853921234607696533e-01 4.289083480834960938e-01 3.706915974617004395e-01 3.109787404537200928e-01 2.500150501728057861e-01 1.880493015050888062e-01 1.253346651792526245e-01 6.212420389056205750e-02 -1.329533755779266357e-03
-1.336941123008728027e-02 -7.671557366847991943e-02 -1.397853493690490723e-01 -2.023280411958694458e-01 -2.640920281410217285e-01 -3.248270153999328613e-01 -3.842849135398864746e-01 -4.422255754470825195e-01 -4.984134435653686523e-01 -5.526227355003356934e-01 -6.046361923217773438e-01 -6.542456150054931641e-01 -7.012542486190795898e-01 -7.454755306243896484e-01 -7.867335677146911621e-01 -8.248645663261413574e-01 -8.597165346145629883e-01 -8.911499381065368652e-01 -9.190385341644287109e-01 -9.432678818702697754e-01 -9.637417793273925781e-01 -9.803748726844787598e-01 -9.930989742279052734e-01 -1.001861691474914551e+00 -1.006627082824707031e+00 -1.007373809814453125e+00 -1.004099130630493164e+00 -9.968155622482299805e-01 -9.855533838272094727e-01 -9.703566431999206543e-01 -9.512874484062194824e-01 -9.284232258796691895e-01 -9.018551111221313477e-01 -8.716904520988464355e-01 -8.380495309829711914e-01 -8.010674118995666504e-01 -7.608913183212280273e-01 -7.176811099052429199e-01 -6.716096401214599609e-01 -6.228599548339843750e-01 -5.716258287429809570e-01 -5.181118249893188477e-01 -4.625311493873596191e-01 -4.051054716110229492e-01 -3.460643291473388672e-01 -2.856432199478149414e-01 -2.240842133760452271e-01 -1.616331487894058228e-01 -9.854052215814590454e-02 -3.505863249301910400e-02 2.855809032917022705e-02 9.205549955368041992e-02 1.551795154809951782e-01 2.176773101091384888e-01 2.792997956275939941e-01 3.398008346557617188e-01 3.989392518997192383e-01 4.564790129661560059e-01 5.121909379959106445e-01 5.658531785011291504e-01 6.172518730163574219e-01 6.661820411682128906e-01 7.124491930007934570e-01 7.558680772781372070e-01 7.962658405303955078e-01 8.334808349609375000e-01 8.673646450042724609e-01 8.977810144424438477e-01 9.246087074279785156e-01 9.477396607398986816e-01 9.670819640159606934e-01 9.825569987297058105e-01 9.941034913063049316e-01 1.001675248146057129e+00 1.005241513252258301e+00 1.004788994789123535e+00 1.000319123268127441e+00 9.918510317802429199e-01 9.794183373451232910e-01 9.630725979804992676e-01 9.428802132606506348e-01 9.189224243164062500e-01 8.912959694862365723e-01 8.601124882698059082e-01 8.254973888397216797e-01 7.875891327857971191e-01 7.465404272079467773e-01 7.025152444839477539e-01 6.556897163391113281e-01 6.062512993812561035e-01 5.543980598449707031e-01 5.003392696380615234e-01 4.442920088768005371e-01 3.864830732345581055e-01 3.271472454071044922e-01 2.665269970893859863e-01 2.048679143190383911e-01 1.424207836389541626e-01 7.943814992904663086e-02 1.616969704627990723e-02
3.012083470821380615e-03 -6.043879687786102295e-02 -1.236473619937896729e-01 -1.863616704940795898e-01 -2.483288794755935669e-01 -3.092958629131317139e-01 -3.690130710601806641e-01 -4.272376894950866699e-01 -4.837321937084197998e-01 -5.382688045501708984e-01 -5.906270742416381836e-01 -6.405976414680480957e-01 -6.879805922508239746e-01 -7.325875163078308105e-01 -7.742406129837036133e-01 -8.127731084823608398e-01 -8.480318784713745117e-01 -8.798751831054687500e-01 -9.081748723983764648e-01 -9.328157305717468262e-01 -9.536980390548706055e-01 -9.707360267639160156e-01 -9.838605523109436035e-01 -9.930168390274047852e-01 -9.981669187545776367e-01 -9.992901086807250977e-01 -9.963815808296203613e-01 -9.894531369209289551e-01 -9.785335063934326172e-01 -9.636668562889099121e-01 -9.449152350425720215e-01 -9.223539233207702637e-01 -8.960751891136169434e-01 -8.661854267120361328e-01 -8.328059911727905273e-01 -7.960714101791381836e-01 -7.561290860176086426e-01 -7.131399512290954590e-01 -6.672775149345397949e-01 -6.187247037887573242e-01 -5.676773786544799805e-01 -5.143406391143798828e-01 -4.589284360408782959e-01 -4.016640782356262207e-01 -3.427788615226745605e-01 -2.825095355510711670e-01 -2.210990935564041138e-01 -1.587956100702285767e-01 -9.585104882717132568e-02 -3.251975029706954956e-02 3.094329312443733215e-02 9.428122639656066895e-02 1.572383195161819458e-01 2.195610404014587402e-01 2.809973061084747314e-01 3.413002192974090576e-01 4.002267420291900635e-01 4.575394988059997559e-01 5.130083560943603516e-01 5.664092302322387695e-01 6.175280213356018066e-01 6.661588549613952637e-01 7.121056914329528809e-01 7.551835775375366211e-01 7.952187657356262207e-01 8.320499062538146973e-01 8.655279874801635742e-01 8.955177068710327148e-01 9.218984246253967285e-01 9.445630311965942383e-01 9.634196758270263672e-01 9.783917665481567383e-01 9.894194602966308594e-01 9.964580535888671875e-01 9.994785785675048828e-01 9.984694719314575195e-01 9.934347867965698242e-01 9.843955039978027344e-01 9.713878631591796875e-01 9.544651508331298828e-01 9.336957931518554688e-01 9.091640114784240723e-01 8.809687495231628418e-01 8.492241501808166504e-01 8.140573501586914062e-01 7.756101489067077637e-01 7.340369820594787598e-01 6.895034313201904297e-01 6.421888470649719238e-01 5.922828316688537598e-01 5.399846434593200684e-01 4.855065345764160156e-01 4.290676712989807129e-01 3.708967566490173340e-01 3.112311959266662598e-01 2.503137886524200439e-01 1.883939802646636963e-01 1.257235258817672729e-01 6.255553662776947021e-02 -8.589625358581542969e-04
-4.857949912548065186e-03 -6.824803352355957031e-02 -1.313765794038772583e-01 -1.939922124147415161e-01 -2.558425664901733398e-01 -3.166752755641937256e-01 -3.762440979480743408e-01 -4.343052208423614502e-01 -4.906233251094818115e-01 -5.449714660644531250e-01 -5.971312522888183594e-01 -6.468932032585144043e-01 -6.940600872039794922e-01 -7.384438514709472656e-01 -7.798679471015930176e-01 -8.181675672531127930e-01 -8.531897068023681641e-01 -8.847938179969787598e-01 -9.128527641296386719e-01 -9.372525811195373535e-01 -9.578949213027954102e-01 -9.746949672698974609e-01 -9.875835180282592773e-01 -9.965081810951232910e-01 -1.001431584358215332e+00 -1.002334237098693848e+00 -9.992115497589111328e-01 -9.920762777328491211e-01 -9.809581041336059570e-01 -9.659023880958557129e-01 -9.469702839851379395e-01 -9.242387413978576660e-01 -8.977997303009033203e-01 -8.677606582641601562e-01 -8.342413902282714844e-01 -7.973772287368774414e-01 -7.573158144950866699e-01 -7.142177224159240723e-01 -6.682555675506591797e-01 -6.196126341819763184e-01 -5.684837102890014648e-01 -5.150736570358276367e-01 -4.595959186553955078e-01 -4.022728204727172852e-01 -3.433350622653961182e-01 -2.830181717872619629e-01 -2.215655297040939331e-01 -1.592232286930084229e-01 -9.624250233173370361e-02 -3.287701308727264404e-02 3.061924502253532410e-02 9.398978948593139648e-02 1.569808721542358398e-01 2.193395793437957764e-01 2.808142304420471191e-01 3.411593139171600342e-01 4.001324772834777832e-01 4.574970901012420654e-01 5.130233764648437500e-01 5.664886832237243652e-01 6.176790595054626465e-01 6.663894057273864746e-01 7.124239802360534668e-01 7.555982470512390137e-01 7.957394719123840332e-01 8.326856493949890137e-01 8.662889599800109863e-01 8.964132666587829590e-01 9.229387044906616211e-01 9.457573890686035156e-01 9.647781848907470703e-01 9.799242019653320312e-01 9.911346435546875000e-01 9.983646869659423828e-01 1.001584172248840332e+00 1.000782132148742676e+00 9.959607124328613281e-01 9.871405363082885742e-01 9.743573665618896484e-01 9.576625823974609375e-01 9.371247887611389160e-01 9.128260612487792969e-01 8.848648071289062500e-01 8.533536195755004883e-01 8.184193372726440430e-01 7.802019119262695312e-01 7.388545274734497070e-01 6.945422887802124023e-01 6.474432349205017090e-01 5.977449417114257812e-01 5.456474423408508301e-01 4.913598597049713135e-01 4.351010322570800781e-01 3.770990073680877686e-01 3.175892531871795654e-01 2.568145692348480225e-01 1.950226277112960815e-01 1.324641406536102295e-01 6.939269602298736572e-02 6.058253347873687744e-03
-2.086833119392395020e-03 -6.553008407354354858e-02 -1.287209391593933105e-01 -1.914084255695343018e-01 -2.533396184444427490e-01 -3.142619431018829346e-01 -3.739269375801086426e-01 -4.320917427539825439e-01 -4.885200858116149902e-01 -5.429835319519042969e-01 -5.952634215354919434e-01 -6.451495885848999023e-01 -6.924430727958679199e-01 -7.369564175605773926e-01 -7.785102128982543945e-01 -8.169404268264770508e-01 -8.520917892456054688e-01 -8.838238120079040527e-01 -9.120084643363952637e-01 -9.365313649177551270e-01 -9.572928547859191895e-01 -9.742063879966735840e-01 -9.872045516967773438e-01 -9.962328076362609863e-01 -1.001253128051757812e+00 -1.002246260643005371e+00 -9.992070794105529785e-01 -9.921479225158691406e-01 -9.810984134674072266e-01 -9.661034345626831055e-01 -9.472233653068542480e-01 -9.245365262031555176e-01 -8.981344103813171387e-01 -8.681233525276184082e-01 -8.346240520477294922e-01 -7.977724671363830566e-01 -7.577162981033325195e-01 -7.146146893501281738e-01 -6.686422228813171387e-01 -6.199821233749389648e-01 -5.688293576240539551e-01 -5.153892636299133301e-01 -4.598761498928070068e-01 -4.025123715400695801e-01 -3.435289263725280762e-01 -2.831624746322631836e-01 -2.216559946537017822e-01 -1.592571139335632324e-01 -9.621745347976684570e-02 -3.279064595699310303e-02 3.076762706041336060e-02 9.420178085565567017e-02 1.572561264038085938e-01 2.196769118309020996e-01 2.812133133411407471e-01 3.416170775890350342e-01 4.006467163562774658e-01 4.580647945404052734e-01 5.136400461196899414e-01 5.671502947807312012e-01 6.183797121047973633e-01 6.671233177185058594e-01 7.131851315498352051e-01 7.563796639442443848e-01 7.965332269668579102e-01 8.334848284721374512e-01 8.670849800109863281e-01 8.971988558769226074e-01 9.237052202224731445e-01 9.464965462684631348e-01 9.654814600944519043e-01 9.805836081504821777e-01 9.917423129081726074e-01 9.989127516746520996e-01 1.002065777778625488e+00 1.001189351081848145e+00 9.962870478630065918e-01 9.873799681663513184e-01 9.745030999183654785e-01 9.577100872993469238e-01 9.370685219764709473e-01 9.126618504524230957e-01 8.845899105072021484e-01 8.529646396636962891e-01 8.179137110710144043e-01 7.795780897140502930e-01 7.381119728088378906e-01 6.936810016632080078e-01 6.464636921882629395e-01 5.966491699218750000e-01 5.444371104240417480e-01 4.900382161140441895e-01 4.336720108985900879e-01 3.755672574043273926e-01 3.159602284431457520e-01 2.550950050354003906e-01 1.932191252708435059e-01 1.305842101573944092e-01 6.744363903999328613e-02 4.048936069011688232e-03
-1.543816179037094116e-03 -6.492972373962402344e-02 -1.280575394630432129e-01 -1.906768530607223511e-01 -2.525333166122436523e-01 -3.133760392665863037e-01 -3.729571700096130371e-01 -4.310339391231536865e-01 -4.873708486557006836e-01 -5.417399406433105469e-01 -5.939224958419799805e-01 -6.437107324600219727e-01 -6.909054517745971680e-01 -7.353186607360839844e-01 -7.767732143402099609e-01 -8.151050806045532227e-01 -8.501605987548828125e-01 -8.817993402481079102e-01 -9.098933935165405273e-01 -9.343292713165283203e-01 -9.550082683563232422e-01 -9.718452692031860352e-01 -9.847718477249145508e-01 -9.937347173690795898e-01 -9.986971616744995117e-01 -9.996386766433715820e-01 -9.965556859970092773e-01 -9.894609451293945312e-01 -9.783836603164672852e-01 -9.633690118789672852e-01 -9.444782733917236328e-01 -9.217884540557861328e-01 -8.953919410705566406e-01 -8.653960227966308594e-01 -8.319199085235595703e-01 -7.951002120971679688e-01 -7.550843954086303711e-01 -7.120325565338134766e-01 -6.661177873611450195e-01 -6.175245046615600586e-01 -5.664476156234741211e-01 -5.130916833877563477e-01 -4.576707482337951660e-01 -4.004080593585968018e-01 -3.415334522724151611e-01 -2.812843918800354004e-01 -2.199033200740814209e-01 -1.576368361711502075e-01 -9.473703801631927490e-02 -3.145676851272583008e-02 3.194908052682876587e-02 9.522469341754913330e-02 1.581155955791473389e-01 2.203679978847503662e-01 2.817320823669433594e-01 3.419610261917114258e-01 4.008121788501739502e-01 4.580499827861785889e-01 5.134435892105102539e-01 5.667710304260253906e-01 6.178176403045654297e-01 6.663787364959716797e-01 7.122590541839599609e-01 7.552742958068847656e-01 7.952502965927124023e-01 8.320268392562866211e-01 8.654563426971435547e-01 8.954027891159057617e-01 9.217460155487060547e-01 9.443799257278442383e-01 9.632126092910766602e-01 9.781683683395385742e-01 9.891866445541381836e-01 9.962232112884521484e-01 9.992496967315673828e-01 9.982539415359497070e-01 9.932396411895751953e-01 9.842275381088256836e-01 9.712541103363037109e-01 9.543721675872802734e-01 9.336494207382202148e-01 9.091705083847045898e-01 8.810330629348754883e-01 8.493508100509643555e-01 8.142510652542114258e-01 7.758744955062866211e-01 7.343747615814208984e-01 6.899188756942749023e-01 6.426832675933837891e-01 5.928575992584228516e-01 5.406419038772583008e-01 4.862461984157562256e-01 4.298891425132751465e-01 3.717994093894958496e-01 3.122130930423736572e-01 2.513728141784667969e-01 1.895268708467483521e-01 1.269261837005615234e-01 6.382341682910919189e-02 4.693120718002319336e-04
7.518306374549865723e-04 -6.268200278282165527e-02 -1.258670091629028320e-01 -1.885509938001632690e-01 -2.504810690879821777e-01 -3.114039301872253418e-01 -3.710719347000122070e-01 -4.292411804199218750e-01 -4.856758117675781250e-01 -5.401469469070434570e-01 -5.924360156059265137e-01 -6.423331499099731445e-01 -6.896399259567260742e-01 -7.341666817665100098e-01 -7.757369875907897949e-01 -8.141847252845764160e-01 -8.493559360504150391e-01 -8.811091184616088867e-01 -9.093173742294311523e-01 -9.338657259941101074e-01 -9.546544551849365234e-01 -9.715986251831054688e-01 -9.846279621124267578e-01 -9.936897754669189453e-01 -9.987468719482421875e-01 -9.997779726982116699e-01 -9.967787265777587891e-01 -9.897620081901550293e-01 -9.787561893463134766e-01 -9.638059735298156738e-01 -9.449734091758728027e-01 -9.223348498344421387e-01 -8.959814310073852539e-01 -8.660210371017456055e-01 -8.325734138488769531e-01 -7.957744598388671875e-01 -7.557713985443115234e-01 -7.127252817153930664e-01 -6.668085455894470215e-01 -6.182065606117248535e-01 -5.671134591102600098e-01 -5.137350559234619141e-01 -4.582856297492980957e-01 -4.009881615638732910e-01 -3.420744538307189941e-01 -2.817812561988830566e-01 -2.203511148691177368e-01 -1.580332219600677490e-01 -9.507799148559570312e-02 -3.173955902457237244e-02 3.172593563795089722e-02 9.506294131278991699e-02 1.580154448747634888e-01 2.203302830457687378e-01 2.817565798759460449e-01 3.420459628105163574e-01 4.009571075439453125e-01 4.582521915435791016e-01 5.137014389038085938e-01 5.670810937881469727e-01 6.181769371032714844e-01 6.667830348014831543e-01 7.127041816711425781e-01 7.557554244995117188e-01 7.957628369331359863e-01 8.325656056404113770e-01 8.660147786140441895e-01 8.959760069847106934e-01 9.223279356956481934e-01 9.449638724327087402e-01 9.637931585311889648e-01 9.787384271621704102e-01 9.897407293319702148e-01 9.967550039291381836e-01 9.997531175613403320e-01 9.987230300903320312e-01 9.936689138412475586e-01 9.846117496490478516e-01 9.715878963470458984e-01 9.546507596969604492e-01 9.338687062263488770e-01 9.093252420425415039e-01 8.811212182044982910e-01 8.493682146072387695e-01 8.141956925392150879e-01 7.757440209388732910e-01 7.341678142547607422e-01 6.896336674690246582e-01 6.423198580741882324e-01 5.924152135848999023e-01 5.401217937469482422e-01 4.856480360031127930e-01 4.292151927947998047e-01 3.710514903068542480e-01 3.113939166069030762e-01 2.504857778549194336e-01 1.885748505592346191e-01 1.259141415357589722e-01 6.275604665279388428e-02 -6.482750177383422852e-04
-6.345584988594055176e-04 -6.405819207429885864e-02 -1.272297352552413940e-01 -1.898981630802154541e-01 -2.518090009689331055e-01 -3.127111494541168213e-01 -3.723560273647308350e-01 -4.304998219013214111e-01 -4.869074523448944092e-01 -5.413506031036376953e-01 -5.936099290847778320e-01 -6.434767246246337891e-01 -6.907513141632080078e-01 -7.352461218833923340e-01 -7.767834067344665527e-01 -8.151974678039550781e-01 -8.503353595733642578e-01 -8.820553421974182129e-01 -9.102299809455871582e-01 -9.347442984580993652e-01 -9.554995894432067871e-01 -9.724113941192626953e-01 -9.854086637496948242e-01 -9.944401979446411133e-01 -9.994669556617736816e-01 -1.000469207763671875e+00 -9.974424839019775391e-01 -9.903995394706726074e-01 -9.793692231178283691e-01 -9.643963575363159180e-01 -9.455422759056091309e-01 -9.228829741477966309e-01 -8.965114951133728027e-01 -8.665339350700378418e-01 -8.330706954002380371e-01 -7.962570190429687500e-01 -7.562412023544311523e-01 -7.131831645965576172e-01 -6.672556996345520020e-01 -6.186436414718627930e-01 -5.675415992736816406e-01 -5.141550302505493164e-01 -4.586983025074005127e-01 -4.013942480087280273e-01 -3.424737453460693359e-01 -2.821738123893737793e-01 -2.207378596067428589e-01 -1.584129184484481812e-01 -9.545037150382995605e-02 -3.210412338376045227e-02 3.136972710490226746e-02 9.471654891967773438e-02 1.576803922653198242e-01 2.200084030628204346e-01 2.814488112926483154e-01 3.417553305625915527e-01 4.006849229335784912e-01 4.580012857913970947e-01 5.134733915328979492e-01 5.668786764144897461e-01 6.180024743080139160e-01 6.666395664215087891e-01 7.125939130783081055e-01 7.556805014610290527e-01 7.957260608673095703e-01 8.325693607330322266e-01 8.660621047019958496e-01 8.960688114166259766e-01 9.224684834480285645e-01 9.451552033424377441e-01 9.640366435050964355e-01 9.790374636650085449e-01 9.900957942008972168e-01 9.971688389778137207e-01 1.000226974487304688e+00 9.992579817771911621e-01 9.942664504051208496e-01 9.852727055549621582e-01 9.723121523857116699e-01 9.554390311241149902e-01 9.347212910652160645e-01 9.102423191070556641e-01 8.821002840995788574e-01 8.504099845886230469e-01 8.152991533279418945e-01 7.769067883491516113e-01 7.353888750076293945e-01 6.909115910530090332e-01 6.436516046524047852e-01 5.938001275062561035e-01 5.415555238723754883e-01 4.871297776699066162e-01 4.307408630847930908e-01 3.726176619529724121e-01 3.129974305629730225e-01 2.521224617958068848e-01 1.902405470609664917e-01 1.276044100522994995e-01 6.446684896945953369e-02 1.079156994819641113e-03
6.799399852752685547e-04 -6.274877488613128662e-02 -1.259279996156692505e-01 -1.886060833930969238e-01 -2.505291104316711426e-01 -3.114445507526397705e-01 -3.711048066616058350e-01 -4.292658865451812744e-01 -4.856919646263122559e-01 -5.401552319526672363e-01 -5.924367308616638184e-01 -6.423258185386657715e-01 -6.896255016326904297e-01 -7.341458201408386230e-01 -7.757090926170349121e-01 -8.141510486602783203e-01 -8.493170738220214844e-01 -8.810651898384094238e-01 -9.092690944671630859e-01 -9.338129758834838867e-01 -9.545983076095581055e-01 -9.715390205383300781e-01 -9.845660924911499023e-01 -9.936265349388122559e-01 -9.986827373504638672e-01 -9.997138381004333496e-01 -9.967152476310729980e-01 -9.897007942199707031e-01 -9.786979556083679199e-01 -9.637526869773864746e-01 -9.449257850646972656e-01 -9.222938418388366699e-01 -8.959483504295349121e-01 -8.659965991973876953e-01 -8.325585126876831055e-01 -7.957699298858642578e-01 -7.557777762413024902e-01 -7.127436399459838867e-01 -6.668394207954406738e-01 -6.182497739791870117e-01 -5.671700835227966309e-01 -5.138049721717834473e-01 -4.583697617053985596e-01 -4.010867476463317871e-01 -3.421875238418579102e-01 -2.819088995456695557e-01 -2.204937040805816650e-01 -1.581899970769882202e-01 -9.524895250797271729e-02 -3.192504495382308960e-02 3.152672573924064636e-02 9.485019743442535400e-02 1.577905416488647461e-01 2.200940400362014771e-01 2.815094590187072754e-01 3.417899310588836670e-01 4.006927311420440674e-01 4.579811692237854004e-01 5.134245753288269043e-01 5.668003559112548828e-01 6.178934574127197266e-01 6.664981842041015625e-01 7.124190926551818848e-01 7.554717659950256348e-01 7.954823970794677734e-01 8.322889208793640137e-01 8.657442331314086914e-01 8.957121968269348145e-01 9.220728874206542969e-01 9.447190165519714355e-01 9.635587334632873535e-01 9.785174727439880371e-01 9.895338416099548340e-01 9.965628981590270996e-01 9.995772242546081543e-01 9.985647797584533691e-01 9.935291409492492676e-01 9.844906926155090332e-01 9.714868664741516113e-01 9.545702338218688965e-01 9.338084459304809570e-01 9.092864990234375000e-01 8.811032772064208984e-01 8.493717908859252930e-01 8.142201304435729980e-01 7.757897973060607910e-01 7.342346310615539551e-01 6.897206902503967285e-01 6.424275636672973633e-01 5.925429463386535645e-01 5.402683019638061523e-01 4.858134388923645020e-01 4.293982386589050293e-01 3.712510764598846436e-01 3.116089105606079102e-01 2.507142424583435059e-01 1.888163834810256958e-01 1.261663734912872314e-01 6.301738321781158447e-02 -3.788918256759643555e-04
-3.052279353141784668e-04 -6.375017762184143066e-02 -1.269451975822448730e-01 -1.896374672651290894e-01 -2.515741586685180664e-01 -3.125015199184417725e-01 -3.721719086170196533e-01 -4.303427040576934814e-01 -4.867766797542572021e-01 -5.412448048591613770e-01 -5.935298204421997070e-01 -6.434212923049926758e-01 -6.907185912132263184e-01 -7.352347970008850098e-01 -7.767919898033142090e-01 -8.152235150337219238e-01 -8.503765463829040527e-01 -8.821094632148742676e-01 -9.102939367294311523e-01 -9.348158240318298340e-01 -9.555753469467163086e-01 -9.724877476692199707e-01 -9.854832291603088379e-01 -9.945089221000671387e-01 -9.995273947715759277e-01 -1.000518202781677246e+00 -9.974765181541442871e-01 -9.904159307479858398e-01 -9.793651103973388672e-01 -9.643688201904296875e-01 -9.454882144927978516e-01 -9.228005409240722656e-01 -8.963975310325622559e-01 -8.663861155509948730e-01 -8.328869342803955078e-01 -7.960351109504699707e-01 -7.559791803359985352e-01 -7.128794789314270020e-01 -6.669092178344726562e-01 -6.182534098625183105e-01 -5.671069622039794922e-01 -5.136758089065551758e-01 -4.581749439239501953e-01 -4.008272886276245117e-01 -3.418640196323394775e-01 -2.815227508544921875e-01 -2.200469821691513062e-01 -1.576845198869705200e-01 -9.468688070774078369e-02 -3.130819648504257202e-02 3.219510987401008606e-02 9.556806087493896484e-02 1.585544794797897339e-01 2.209009379148483276e-01 2.823558747768402100e-01 3.426724374294281006e-01 4.016079008579254150e-01 4.589250385761260986e-01 5.143928527832031250e-01 5.677887797355651855e-01 6.188980340957641602e-01 6.675148010253906250e-01 7.134427428245544434e-01 7.564979195594787598e-01 7.965061068534851074e-01 8.333064913749694824e-01 8.667507767677307129e-01 8.967037796974182129e-01 9.230445623397827148e-01 9.456669092178344727e-01 9.644796848297119141e-01 9.794069528579711914e-01 9.903882741928100586e-01 9.973798990249633789e-01 1.000353336334228516e+00 9.992969036102294922e-01 9.942145347595214844e-01 9.851275682449340820e-01 9.720728397369384766e-01 9.551028013229370117e-01 9.342865943908691406e-01 9.097090363502502441e-01 8.814688920974731445e-01 8.496809601783752441e-01 8.144714832305908203e-01 7.759836316108703613e-01 7.343714237213134766e-01 6.898012757301330566e-01 6.424524784088134766e-01 5.925148129463195801e-01 5.401884913444519043e-01 4.856840670108795166e-01 4.292217195034027100e-01 3.710303902626037598e-01 3.113473057746887207e-01 2.504146099090576172e-01 1.884825080633163452e-01 1.258016228675842285e-01 6.262621283531188965e-02 -7.933080196380615234e-04
2.707578241825103760e-04 -6.318776309490203857e-02 -1.264015734195709229e-01 -1.891178786754608154e-01 -2.510834336280822754e-01 -3.120464682579040527e-01 -3.717567622661590576e-01 -4.299721121788024902e-01 -4.864556491374969482e-01 -5.409783124923706055e-01 -5.933213829994201660e-01 -6.432743668556213379e-01 -6.906381845474243164e-01 -7.352235913276672363e-01 -7.768526077270507812e-01 -8.153590559959411621e-01 -8.505890369415283203e-01 -8.824003934860229492e-01 -9.106650352478027344e-01 -9.352683424949645996e-01 -9.561101794242858887e-01 -9.731054306030273438e-01 -9.861842393875122070e-01 -9.952927827835083008e-01 -1.000393986701965332e+00 -1.001466870307922363e+00 -9.985060691833496094e-01 -9.915247559547424316e-01 -9.805509448051452637e-01 -9.656291604042053223e-01 -9.468207955360412598e-01 -9.242015480995178223e-01 -8.978633880615234375e-01 -8.679129481315612793e-01 -8.344700336456298828e-01 -7.976694703102111816e-01 -7.576591968536376953e-01 -7.145994305610656738e-01 -6.686636209487915039e-01 -6.200351119041442871e-01 -5.689100027084350586e-01 -5.154935121536254883e-01 -4.599999487400054932e-01 -4.026529490947723389e-01 -3.436831235885620117e-01 -2.833284735679626465e-01 -2.218316048383712769e-01 -1.594411283731460571e-01 -9.640841931104660034e-02 -3.298796340823173523e-02 3.056437149643898010e-02 9.399330615997314453e-02 1.570421606302261353e-01 2.194577306509017944e-01 2.809880077838897705e-01 3.413861095905303955e-01 4.004085958003997803e-01 4.578183591365814209e-01 5.133845210075378418e-01 5.668835043907165527e-01 6.181004047393798828e-01 6.668291091918945312e-01 7.128738164901733398e-01 7.560487389564514160e-01 7.961801886558532715e-01 8.331069946289062500e-01 8.666797876358032227e-01 8.967634439468383789e-01 9.232373237609863281e-01 9.459936618804931641e-01 9.649416208267211914e-01 9.800049066543579102e-01 9.911221265792846680e-01 9.982488155364990234e-01 1.001356840133666992e+00 1.000433564186096191e+00 9.954825639724731445e-01 9.865248203277587891e-01 9.735964536666870117e-01 9.567493200302124023e-01 9.360526204109191895e-01 9.115901589393615723e-01 8.834605813026428223e-01 8.517773747444152832e-01 8.166686892509460449e-01 7.782748341560363770e-01 7.367510795593261719e-01 6.922630667686462402e-01 6.449899077415466309e-01 5.951209664344787598e-01 5.428566932678222656e-01 4.884071052074432373e-01 4.319934844970703125e-01 3.738438785076141357e-01 3.141945004463195801e-01 2.532903552055358887e-01 1.913791000843048096e-01 1.287128627300262451e-01 6.554493308067321777e-02 2.127271145582199097e-03
3.225542604923248291e-04 -6.311962753534317017e-02 -1.263140588998794556e-01 -1.890091598033905029e-01 -2.509512007236480713e-01 -3.118877708911895752e-01 -3.715695142745971680e-01 -4.297546744346618652e-01 -4.862059652805328369e-01 -5.406954288482666016e-01 -5.930043458938598633e-01 -6.429219245910644531e-01 -6.902500391006469727e-01 -7.347992062568664551e-01 -7.763921022415161133e-01 -8.148632645606994629e-01 -8.500574231147766113e-01 -8.818340897560119629e-01 -9.100648760795593262e-01 -9.346350431442260742e-01 -9.554458856582641602e-01 -9.724106192588806152e-01 -9.854612350463867188e-01 -9.945436120033264160e-01 -9.996202588081359863e-01 -1.000671386718750000e+00 -9.976912736892700195e-01 -9.906931519508361816e-01 -9.797061681747436523e-01 -9.647746682167053223e-01 -9.459595680236816406e-01 -9.233371615409851074e-01 -8.969994187355041504e-01 -8.670524954795837402e-01 -8.336168527603149414e-01 -7.968271970748901367e-01 -7.568312883377075195e-01 -7.137896418571472168e-01 -6.678743958473205566e-01 -6.192705631256103516e-01 -5.681725740432739258e-01 -5.147858858108520508e-01 -4.593252241611480713e-01 -4.020136296749114990e-01 -3.430815041065216064e-01 -2.827667295932769775e-01 -2.213120460510253906e-01 -1.589656472206115723e-01 -9.597882628440856934e-02 -3.260543569922447205e-02 3.089851886034011841e-02 9.427722543478012085e-02 1.572752594947814941e-01 2.196386456489562988e-01 2.811162173748016357e-01 3.414608240127563477e-01 4.004297852516174316e-01 4.577855467796325684e-01 5.132973194122314453e-01 5.667423009872436523e-01 6.179056763648986816e-01 6.665813326835632324e-01 7.125729322433471680e-01 7.556964755058288574e-01 7.957775592803955078e-01 8.326550126075744629e-01 8.661805987358093262e-01 8.962188363075256348e-01 9.226490855216979980e-01 9.453645944595336914e-01 9.642736911773681641e-01 9.793006181716918945e-01 9.903843402862548828e-01 9.974807500839233398e-01 1.000560522079467773e+00 9.996114969253540039e-01 9.946384429931640625e-01 9.856603145599365234e-01 9.727146625518798828e-01 9.558527469635009766e-01 9.351438879966735840e-01 9.106712341308593750e-01 8.825337886810302734e-01 8.508450984954833984e-01 8.157330751419067383e-01 7.773383855819702148e-01 7.358154654502868652e-01 6.913308501243591309e-01 6.440627574920654297e-01 5.942007899284362793e-01 5.419452786445617676e-01 4.875063300132751465e-01 4.311046004295349121e-01 3.729670643806457520e-01 3.133321702480316162e-01 2.524421811103820801e-01 1.905453503131866455e-01 1.278938949108123779e-01 6.474116444587707520e-02 1.338399946689605713e-03
3.909431397914886475e-04 -6.303019821643829346e-02 -1.262019574642181396e-01 -1.888726502656936646e-01 -2.507888972759246826e-01 -3.116987049579620361e-01 -3.713545799255371094e-01 -4.295129477977752686e-01 -4.859380722045898438e-01 -5.404016971588134766e-01 -5.926852822303771973e-01 -6.425800919532775879e-01 -6.898853182792663574e-01 -7.344133853912353516e-01 -7.759869694709777832e-01 -8.144396543502807617e-01 -8.496174812316894531e-01 -8.813796043395996094e-01 -9.095968008041381836e-01 -9.341556429862976074e-01 -9.549558758735656738e-01 -9.719118475914001465e-01 -9.849552512168884277e-01 -9.940326213836669922e-01 -9.991059303283691406e-01 -1.000153899192810059e+00 -9.971739053726196289e-01 -9.901776313781738281e-01 -9.791940450668334961e-01 -9.642673134803771973e-01 -9.454595446586608887e-01 -9.228460192680358887e-01 -8.965196609497070312e-01 -8.665857315063476562e-01 -8.331655263900756836e-01 -7.963932752609252930e-01 -7.564166784286499023e-01 -7.133966684341430664e-01 -6.675056815147399902e-01 -6.189277768135070801e-01 -5.678577423095703125e-01 -5.145019888877868652e-01 -4.590739607810974121e-01 -4.017971158027648926e-01 -3.429019153118133545e-01 -2.826259434223175049e-01 -2.212118059396743774e-01 -1.589079797267913818e-01 -9.596480429172515869e-02 -3.263699635863304138e-02 3.082096949219703674e-02 9.415242075920104980e-02 1.571030765771865845e-01 2.194188237190246582e-01 2.808491289615631104e-01 3.411468565464019775e-01 4.000696539878845215e-01 4.573800861835479736e-01 5.128484964370727539e-01 5.662515163421630859e-01 6.173748373985290527e-01 6.660119891166687012e-01 7.119684219360351562e-01 7.550588846206665039e-01 7.951092123985290527e-01 8.319588303565979004e-01 8.654594421386718750e-01 8.954752683639526367e-01 9.218859672546386719e-01 9.445842504501342773e-01 9.634796380996704102e-01 9.784942865371704102e-01 9.895685911178588867e-01 9.966583251953125000e-01 9.997335672378540039e-01 9.987821578979492188e-01 9.938077926635742188e-01 9.848304986953735352e-01 9.718872308731079102e-01 9.550298452377319336e-01 9.343259334564208984e-01 9.098603725433349609e-01 8.817311525344848633e-01 8.500517606735229492e-01 8.149504065513610840e-01 7.765672206878662109e-01 7.350574135780334473e-01 6.905865669250488281e-01 6.433331966400146484e-01 5.934875607490539551e-01 5.412484407424926758e-01 4.868272244930267334e-01 4.304428398609161377e-01 3.723244965076446533e-01 3.127077519893646240e-01 2.518359124660491943e-01 1.899573206901550293e-01 1.273229569196701050e-01 6.418682634830474854e-02 7.988512516021728516e-04
-8.111223578453063965e-04 -6.422860920429229736e-02 -1.273934841156005859e-01 -1.900529563426971436e-01 -2.519538998603820801e-01 -3.128444552421569824e-01 -3.724764287471771240e-01 -4.306071400642395020e-01 -4.870001673698425293e-01 -5.414286255836486816e-01 -5.936729311943054199e-01 -6.435236930847167969e-01 -6.907836198806762695e-01 -7.352619171142578125e-01 -7.767832279205322266e-01 -8.151802420616149902e-01 -8.503008484840393066e-01 -8.820037245750427246e-01 -9.101596474647521973e-01 -9.346559047698974609e-01 -9.553921818733215332e-01 -9.722843170166015625e-01 -9.852628111839294434e-01 -9.942743182182312012e-01 -9.992823004722595215e-01 -1.000266671180725098e+00 -9.972226023674011230e-01 -9.901633858680725098e-01 -9.791175127029418945e-01 -9.641306400299072266e-01 -9.452636837959289551e-01 -9.225929379463195801e-01 -8.962109684944152832e-01 -8.662236332893371582e-01 -8.327518105506896973e-01 -7.959303855895996094e-01 -7.559069991111755371e-01 -7.128427624702453613e-01 -6.669101715087890625e-01 -6.182935237884521484e-01 -5.671884417533874512e-01 -5.137996673583984375e-01 -4.583424627780914307e-01 -4.010390341281890869e-01 -3.421210646629333496e-01 -2.818254232406616211e-01 -2.203950136899948120e-01 -1.580777764320373535e-01 -9.512470662593841553e-02 -3.178912773728370667e-02 3.167336806654930115e-02 9.500688314437866211e-02 1.579568684101104736e-01 2.202695757150650024e-01 2.816944122314453125e-01 3.419845700263977051e-01 4.008974432945251465e-01 4.581958949565887451e-01 5.136499404907226562e-01 5.670366287231445312e-01 6.181414127349853516e-01 6.667581200599670410e-01 7.126913666725158691e-01 7.557568550109863281e-01 7.957806587219238281e-01 8.326009511947631836e-01 8.660708069801330566e-01 8.960540890693664551e-01 9.224313497543334961e-01 9.450943470001220703e-01 9.639530181884765625e-01 9.789307117462158203e-01 9.899681806564331055e-01 9.970198869705200195e-01 1.000057101249694824e+00 9.990682601928710938e-01 9.940571784973144531e-01 9.850444793701171875e-01 9.720667600631713867e-01 9.551757574081420898e-01 9.344404339790344238e-01 9.099451303482055664e-01 8.817877769470214844e-01 8.500829339027404785e-01 8.149575591087341309e-01 7.765525579452514648e-01 7.350234985351562500e-01 6.905352473258972168e-01 6.432664990425109863e-01 5.934070944786071777e-01 5.411562323570251465e-01 4.867242872714996338e-01 4.303312897682189941e-01 3.722059130668640137e-01 3.125832974910736084e-01 2.517070472240447998e-01 1.898249387741088867e-01 1.271893680095672607e-01 6.405295431613922119e-02 6.664581596851348877e-04
-1.162432134151458740e-03 -6.459321826696395874e-02 -1.277702748775482178e-01 -1.904434412717819214e-01 -2.523581981658935547e-01 -3.132621645927429199e-01 -3.729080557823181152e-01 -4.310523867607116699e-01 -4.874589443206787109e-01 -5.419005155563354492e-01 -5.941576361656188965e-01 -6.440210342407226562e-01 -6.912921667098999023e-01 -7.357825636863708496e-01 -7.773138880729675293e-01 -8.157209753990173340e-01 -8.508502244949340820e-01 -8.825596570968627930e-01 -9.107216000556945801e-01 -9.352220892906188965e-01 -9.559602737426757812e-01 -9.728533029556274414e-01 -9.858304858207702637e-01 -9.948386549949645996e-01 -9.998418688774108887e-01 -1.000818848609924316e+00 -9.977651834487915039e-01 -9.906947612762451172e-01 -9.796359539031982422e-01 -9.646336436271667480e-01 -9.457495808601379395e-01 -9.230601191520690918e-01 -8.966572284698486328e-01 -8.666468262672424316e-01 -8.331511020660400391e-01 -7.963038086891174316e-01 -7.562532424926757812e-01 -7.131600379943847656e-01 -6.671969890594482422e-01 -6.185491681098937988e-01 -5.674113631248474121e-01 -5.139892101287841797e-01 -4.584969878196716309e-01 -4.011585712432861328e-01 -3.422049880027770996e-01 -2.818729281425476074e-01 -2.204060852527618408e-01 -1.580518782138824463e-01 -9.506213665008544922e-02 -3.169039636850357056e-02 3.180762380361557007e-02 9.517700970172882080e-02 1.581614017486572266e-01 2.205082625150680542e-01 2.819662094116210938e-01 3.422881364822387695e-01 4.012312293052673340e-01 4.585592746734619141e-01 5.140410661697387695e-01 5.674536228179931641e-01 6.185825467109680176e-01 6.672219038009643555e-01 7.131758928298950195e-01 7.562593817710876465e-01 7.962992191314697266e-01 8.331342339515686035e-01 8.666156530380249023e-01 8.966087102890014648e-01 9.229928255081176758e-01 9.456610679626464844e-01 9.645229578018188477e-01 9.795017242431640625e-01 9.905370473861694336e-01 9.975848197937011719e-01 1.000616669654846191e+00 9.996196031570434570e-01 9.945993423461914062e-01 9.855749607086181641e-01 9.725838899612426758e-01 9.556784629821777344e-01 9.349270462989807129e-01 9.104140996932983398e-01 8.822385668754577637e-01 8.505136966705322266e-01 8.153673410415649414e-01 7.769415378570556641e-01 7.353903055191040039e-01 6.908795833587646484e-01 6.435890197753906250e-01 5.937072634696960449e-01 5.414345860481262207e-01 4.869809150695800781e-01 4.305666089057922363e-01 3.724200129508972168e-01 3.127772808074951172e-01 2.518814206123352051e-01 1.899808496236801147e-01 1.273278445005416870e-01 6.417493522167205811e-02 7.733963429927825928e-04
-1.152387261390686035e-02 -7.479280233383178711e-02 -1.377715617418289185e-01 -2.002085745334625244e-01 -2.618533372879028320e-01 -3.224550783634185791e-01 -3.817689120769500732e-01 -4.395539164543151855e-01 -4.955763220787048340e-01 -5.496119260787963867e-01 -6.014435291290283203e-01 -6.508646607398986816e-01 -6.976786255836486816e-01 -7.416985630989074707e-01 -7.827501893043518066e-01 -8.206692337989807129e-01 -8.553042411804199219e-01 -8.865150809288024902e-01 -9.141770005226135254e-01 -9.381771087646484375e-01 -9.584181308746337891e-01 -9.748173356056213379e-01 -9.873074293136596680e-01 -9.958363771438598633e-01 -1.000371456146240234e+00 -1.000892519950866699e+00 -9.973975419998168945e-01 -9.899021983146667480e-01 -9.784363508224487305e-01 -9.630469083786010742e-01 -9.437967538833618164e-01 -9.207641482353210449e-01 -8.940420150756835938e-01 -8.637377023696899414e-01 -8.299738764762878418e-01 -7.928851842880249023e-01 -7.526208758354187012e-01 -7.093420624732971191e-01 -6.632215976715087891e-01 -6.144445538520812988e-01 -5.632058382034301758e-01 -5.097101926803588867e-01 -4.541727006435394287e-01 -3.968158364295959473e-01 -3.378686308860778809e-01 -2.775692343711853027e-01 -2.161581218242645264e-01 -1.538830101490020752e-01 -9.099279344081878662e-02 -2.774044685065746307e-02 3.562020510435104370e-02 9.883489459753036499e-02 1.616505384445190430e-01 2.238151133060455322e-01 2.850795388221740723e-01 3.451988399028778076e-01 4.039316177368164062e-01 4.610428512096405029e-01 5.163037776947021484e-01 5.694932341575622559e-01 6.203980445861816406e-01 6.688137054443359375e-01 7.145467996597290039e-01 7.574135661125183105e-01 7.972420454025268555e-01 8.338725566864013672e-01 8.671580553054809570e-01 8.969643712043762207e-01 9.231725931167602539e-01 9.456775188446044922e-01 9.643880128860473633e-01 9.792295694351196289e-01 9.901424646377563477e-01 9.970824718475341797e-01 1.000022172927856445e+00 9.989495277404785156e-01 9.938691854476928711e-01 9.848011732101440430e-01 9.717823266983032227e-01 9.548650979995727539e-01 9.341177344322204590e-01 9.096237421035766602e-01 8.814820051193237305e-01 8.498058319091796875e-01 8.147205710411071777e-01 7.763691544532775879e-01 7.349032759666442871e-01 6.904894113540649414e-01 6.433039307594299316e-01 5.935361385345458984e-01 5.413841009140014648e-01 4.870566427707672119e-01 4.307730495929718018e-01 3.727591931819915771e-01 3.132506906986236572e-01 2.524887919425964355e-01 1.907202601432800293e-01 1.281950175762176514e-01 6.516622006893157959e-02 1.882612705230712891e-03
-7.678121328353881836e-04 -6.426539272069931030e-02 -1.275195777416229248e-01 -1.902782022953033447e-01 -2.522866427898406982e-01 -3.132930994033813477e-01 -3.730477690696716309e-01 -4.313078224658966064e-01 -4.878353476524353027e-01 -5.424024462699890137e-01 -5.947893857955932617e-01 -6.447855234146118164e-01 -6.921910643577575684e-01 -7.368170619010925293e-01 -7.784844040870666504e-01 -8.170269727706909180e-01 -8.522893786430358887e-01 -8.841308355331420898e-01 -9.124212861061096191e-01 -9.370465874671936035e-01 -9.579056501388549805e-01 -9.749137163162231445e-01 -9.880011081695556641e-01 -9.971134066581726074e-01 -1.002213001251220703e+00 -1.003279685974121094e+00 -1.000308156013488770e+00 -9.933111071586608887e-01 -9.823170304298400879e-01 -9.673701524734497070e-01 -9.485323429107666016e-01 -9.258785247802734375e-01 -8.995007872581481934e-01 -8.695052862167358398e-01 -8.360126018524169922e-01 -7.991577386856079102e-01 -7.590879201889038086e-01 -7.159639596939086914e-01 -6.699593663215637207e-01 -6.212580204010009766e-01 -5.700557827949523926e-01 -5.165578722953796387e-01 -4.609792828559875488e-01 -4.035443663597106934e-01 -3.444838225841522217e-01 -2.840357124805450439e-01 -2.224434912204742432e-01 -1.599554717540740967e-01 -9.682348370552062988e-02 -3.330282866954803467e-02 3.035177290439605713e-02 9.388285130262374878e-02 1.570350527763366699e-01 2.195537388324737549e-01 2.811877429485321045e-01 3.416888713836669922e-01 4.008139967918395996e-01 4.583248496055603027e-01 5.139904618263244629e-01 5.675871968269348145e-01 6.188989877700805664e-01 6.677196025848388672e-01 7.138529419898986816e-01 7.571132183074951172e-01 7.973260879516601562e-01 8.343296051025390625e-01 8.679750561714172363e-01 8.981271386146545410e-01 9.246644973754882812e-01 9.474799036979675293e-01 9.664824604988098145e-01 9.815945029258728027e-01 9.927561879158020020e-01 9.999228119850158691e-01 1.003064990043640137e+00 1.002170920372009277e+00 9.972437024116516113e-01 9.883046746253967285e-01 9.753890633583068848e-01 9.585503935813903809e-01 9.378560185432434082e-01 9.133915901184082031e-01 8.852545022964477539e-01 8.535603284835815430e-01 8.184353113174438477e-01 7.800226211547851562e-01 7.384758591651916504e-01 6.939628124237060547e-01 6.466617584228515625e-01 5.967628955841064453e-01 5.444669723510742188e-01 4.899848699569702148e-01 4.335367977619171143e-01 3.753518760204315186e-01 3.156672418117523193e-01 2.547264993190765381e-01 1.927784085273742676e-01 1.300759315490722656e-01 6.687244027853012085e-02 3.419637680053710938e-03
1.387111842632293701e-04 -6.328383088111877441e-02 -1.264551430940628052e-01 -1.891230642795562744e-01 -2.510340213775634766e-01 -3.119365870952606201e-01 -3.715817332267761230e-01 -4.297271370887756348e-01 -4.861362576484680176e-01 -5.405822992324829102e-01 -5.928457379341125488e-01 -6.427177190780639648e-01 -6.899987459182739258e-01 -7.345001101493835449e-01 -7.760446667671203613e-01 -8.144668936729431152e-01 -8.496121764183044434e-01 -8.813394308090209961e-01 -9.095209836959838867e-01 -9.340420961380004883e-01 -9.548035860061645508e-01 -9.717203378677368164e-01 -9.847234487533569336e-01 -9.937590360641479492e-01 -9.987912178039550781e-01 -9.997993111610412598e-01 -9.967783689498901367e-01 -9.897421598434448242e-01 -9.787195324897766113e-01 -9.637546539306640625e-01 -9.449095129966735840e-01 -9.222604632377624512e-01 -8.958985805511474609e-01 -8.659312129020690918e-01 -8.324784040451049805e-01 -7.956749200820922852e-01 -7.556685209274291992e-01 -7.126203179359436035e-01 -6.667022705078125000e-01 -6.180998682975769043e-01 -5.670076608657836914e-01 -5.136312246322631836e-01 -4.581854939460754395e-01 -4.008935391902923584e-01 -3.419865071773529053e-01 -2.817015349864959717e-01 -2.202810794115066528e-01 -1.579744368791580200e-01 -9.503138810396194458e-02 -3.170605376362800598e-02 3.174572810530662537e-02 9.506903588771820068e-02 1.580081731081008911e-01 2.203100025653839111e-01 2.817239165306091309e-01 3.420026302337646484e-01 4.009037017822265625e-01 4.581899940967559814e-01 5.136311650276184082e-01 5.670041441917419434e-01 6.180941462516784668e-01 6.666955947875976562e-01 7.126126885414123535e-01 7.556605339050292969e-01 7.956657409667968750e-01 8.324666023254394531e-01 8.659160137176513672e-01 8.958774805068969727e-01 9.222315549850463867e-01 9.448719024658203125e-01 9.637063741683959961e-01 9.786597490310668945e-01 9.896718263626098633e-01 9.966973066329956055e-01 9.997090101242065430e-01 9.986940622329711914e-01 9.936565160751342773e-01 9.846171140670776367e-01 9.716124534606933594e-01 9.546947479248046875e-01 9.339330792427062988e-01 9.094105958938598633e-01 8.812267780303955078e-01 8.494952321052551270e-01 8.143441677093505859e-01 7.759138345718383789e-01 7.343599796295166016e-01 6.898482441902160645e-01 6.425565481185913086e-01 5.926753878593444824e-01 5.404040217399597168e-01 4.859529435634613037e-01 4.295423626899719238e-01 3.713998794555664062e-01 3.117621839046478271e-01 2.508721053600311279e-01 1.889780908823013306e-01 1.263317465782165527e-01 6.318654119968414307e-02 -2.066083252429962158e-04
-1.838518306612968445e-02 -8.161152899265289307e-02 -1.445307284593582153e-01 -2.068913877010345459e-01 -2.684429883956909180e-01 -3.289362490177154541e-01 -3.881258964538574219e-01 -4.457731246948242188e-01 -5.016451478004455566e-01 -5.555179715156555176e-01 -6.071757078170776367e-01 -6.564123034477233887e-01 -7.030320167541503906e-01 -7.468490600585937500e-01 -7.876883745193481445e-01 -8.253875374794006348e-01 -8.597944378852844238e-01 -8.907714486122131348e-01 -9.181920289993286133e-01 -9.419453144073486328e-01 -9.619337916374206543e-01 -9.780761599540710449e-01 -9.903054833412170410e-01 -9.985720515251159668e-01 -1.002841472625732422e+00 -1.003095507621765137e+00 -9.993345737457275391e-01 -9.915732145309448242e-01 -9.798428416252136230e-01 -9.641918540000915527e-01 -9.446839094161987305e-01 -9.213972687721252441e-01 -8.944263458251953125e-01 -8.638789653778076172e-01 -8.298786878585815430e-01 -7.925606966018676758e-01 -7.520753145217895508e-01 -7.085838913917541504e-01 -6.622594594955444336e-01 -6.132879853248596191e-01 -5.618648529052734375e-01 -5.081956386566162109e-01 -4.524946808815002441e-01 -3.949850201606750488e-01 -3.358971476554870605e-01 -2.754674553871154785e-01 -2.139381170272827148e-01 -1.515549421310424805e-01 -8.856844902038574219e-02 -2.523071318864822388e-02 3.820517659187316895e-02 1.014849022030830383e-01 1.643551588058471680e-01 2.265648543834686279e-01 2.878656387329101562e-01 3.480117619037628174e-01 4.067631661891937256e-01 4.638850390911102295e-01 5.191493034362792969e-01 5.723345875740051270e-01 6.232286095619201660e-01 6.716276407241821289e-01 7.173379659652709961e-01 7.601767778396606445e-01 7.999726533889770508e-01 8.365668058395385742e-01 8.698121905326843262e-01 8.995757102966308594e-01 9.257381558418273926e-01 9.481959342956542969e-01 9.668579101562500000e-01 9.816499948501586914e-01 9.925132989883422852e-01 9.994037151336669922e-01 1.002294540405273438e+00 1.001174211502075195e+00 9.960466623306274414e-01 9.869332313537597656e-01 9.738709926605224609e-01 9.569123983383178711e-01 9.361261129379272461e-01 9.115955233573913574e-01 8.834198713302612305e-01 8.517121672630310059e-01 8.165999650955200195e-01 7.782231569290161133e-01 7.367361783981323242e-01 6.923032999038696289e-01 6.451027393341064453e-01 5.953223109245300293e-01 5.431610941886901855e-01 4.888275563716888428e-01 4.325394034385681152e-01 3.745236992835998535e-01 3.150151073932647705e-01 2.542556822299957275e-01 1.924900710582733154e-01 1.299692690372467041e-01 6.694499403238296509e-02 3.667078912258148193e-03
3.566723316907882690e-03 -5.972761660814285278e-02 -1.227621808648109436e-01 -1.852852851152420044e-01 -2.470449209213256836e-01 -3.077906966209411621e-01 -3.672746717929840088e-01 -4.252560436725616455e-01 -4.815001785755157471e-01 -5.357809066772460938e-01 -5.878811478614807129e-01 -6.375921368598937988e-01 -6.847164034843444824e-01 -7.290667891502380371e-01 -7.704672217369079590e-01 -8.087521195411682129e-01 -8.437699675559997559e-01 -8.753790855407714844e-01 -9.034538865089416504e-01 -9.278795719146728516e-01 -9.485586881637573242e-01 -9.654071927070617676e-01 -9.783568382263183594e-01 -9.873542785644531250e-01 -9.923648238182067871e-01 -9.933678507804870605e-01 -9.903597831726074219e-01 -9.833545088768005371e-01 -9.723805785179138184e-01 -9.574841260910034180e-01 -9.387252926826477051e-01 -9.161819815635681152e-01 -8.899449110031127930e-01 -8.601210117340087891e-01 -8.268302679061889648e-01 -7.902075052261352539e-01 -7.503996491432189941e-01 -7.075675129890441895e-01 -6.618829369544982910e-01 -6.135300993919372559e-01 -5.627030730247497559e-01 -5.096073150634765625e-01 -4.544564783573150635e-01 -3.974725306034088135e-01 -3.388852179050445557e-01 -2.789317965507507324e-01 -2.178535610437393188e-01 -1.558964848518371582e-01 -9.331198036670684814e-02 -3.035144694149494171e-02 3.273079916834831238e-02 9.568031132221221924e-02 1.582437306642532349e-01 2.201691120862960815e-01 2.812064290046691895e-01 3.411104977130889893e-01 3.996400833129882812e-01 4.565592408180236816e-01 5.116393566131591797e-01 5.646579265594482422e-01 6.154018044471740723e-01 6.636661291122436523e-01 7.092563509941101074e-01 7.519891262054443359e-01 7.916915416717529297e-01 8.282032012939453125e-01 8.613773584365844727e-01 8.910792469978332520e-01 9.171885848045349121e-01 9.396010041236877441e-01 9.582245945930480957e-01 9.729843735694885254e-01 9.838200211524963379e-01 9.906879067420959473e-01 9.935591816902160645e-01 9.924219250679016113e-01 9.872800707817077637e-01 9.781542420387268066e-01 9.650802016258239746e-01 9.481107592582702637e-01 9.273134469985961914e-01 9.027716517448425293e-01 8.745852112770080566e-01 8.428655862808227539e-01 8.077400326728820801e-01 7.693500518798828125e-01 7.278484106063842773e-01 6.834006905555725098e-01 6.361838579177856445e-01 5.863876938819885254e-01 5.342094302177429199e-01 4.798591732978820801e-01 4.235548675060272217e-01 3.655234575271606445e-01 3.059999942779541016e-01 2.452272623777389526e-01 1.834504157304763794e-01 1.209211945533752441e-01 5.789108201861381531e-02 -5.389455705881118774e-03
3.448065370321273804e-03 -6.001028046011924744e-02 -1.232292577624320984e-01 -1.859562993049621582e-01 -2.479367703199386597e-01 -3.089188039302825928e-01 -3.686539232730865479e-01 -4.268986582756042480e-01 -4.834163784980773926e-01 -5.379795432090759277e-01 -5.903670191764831543e-01 -6.403705477714538574e-01 -6.877894401550292969e-01 -7.324347496032714844e-01 -7.741283774375915527e-01 -8.127034306526184082e-01 -8.480054736137390137e-01 -8.798924684524536133e-01 -9.082363247871398926e-01 -9.329208731651306152e-01 -9.538469910621643066e-01 -9.709286093711853027e-01 -9.840957522392272949e-01 -9.932954311370849609e-01 -9.984898567199707031e-01 -9.996572732925415039e-01 -9.967944025993347168e-01 -9.899118542671203613e-01 -9.790388941764831543e-01 -9.642190933227539062e-01 -9.455140233039855957e-01 -9.229992628097534180e-01 -8.967651724815368652e-01 -8.669182658195495605e-01 -8.335788846015930176e-01 -7.968811392784118652e-01 -7.569723725318908691e-01 -7.140132188796997070e-01 -6.681761145591735840e-01 -6.196457147598266602e-01 -5.686165094375610352e-01 -5.152942538261413574e-01 -4.598937928676605225e-01 -4.026385843753814697e-01 -3.437594473361968994e-01 -2.834936082363128662e-01 -2.220842391252517700e-01 -1.597794592380523682e-01 -9.683056175708770752e-02 -3.349184244871139526e-02 2.998132631182670593e-02 9.333360195159912109e-02 1.563090384006500244e-01 2.186537832021713257e-01 2.801168859004974365e-01 3.404510319232940674e-01 3.994127511978149414e-01 4.567648768424987793e-01 5.122768282890319824e-01 5.657242536544799805e-01 6.168920397758483887e-01 6.655741333961486816e-01 7.115738391876220703e-01 7.547066807746887207e-01 7.947977781295776367e-01 8.316856622695922852e-01 8.652215600013732910e-01 8.952702879905700684e-01 9.217106103897094727e-01 9.444359540939331055e-01 9.633541107177734375e-01 9.783896207809448242e-01 9.894812107086181641e-01 9.965839385986328125e-01 9.996699094772338867e-01 9.987255334854125977e-01 9.937558174133300781e-01 9.847797155380249023e-01 9.718337059020996094e-01 9.549704790115356445e-01 9.342585802078247070e-01 9.097814559936523438e-01 8.816384673118591309e-01 8.499420285224914551e-01 8.148213624954223633e-01 7.764173746109008789e-01 7.348842024803161621e-01 6.903880834579467773e-01 6.431083083152770996e-01 5.932344794273376465e-01 5.409661531448364258e-01 4.865139722824096680e-01 4.300992488861083984e-01 3.719485402107238770e-01 3.122995495796203613e-01 2.513955831527709961e-01 1.894856542348861694e-01 1.268206387758255005e-01 6.365530192852020264e-02 2.397298812866210938e-04
3.659371286630630493e-03 -5.981831625103950500e-02 -1.230518072843551636e-01 -1.857887655496597290e-01 -2.477747201919555664e-01 -3.087565898895263672e-01 -3.684852719306945801e-01 -4.267183840274810791e-01 -4.832171499729156494e-01 -5.377543568611145020e-01 -5.901099443435668945e-01 -6.400742530822753906e-01 -6.874452233314514160e-01 -7.320359349250793457e-01 -7.736660838127136230e-01 -8.121705055236816406e-01 -8.473937511444091797e-01 -8.791937828063964844e-01 -9.074416756629943848e-01 -9.320235848426818848e-01 -9.528386592864990234e-01 -9.698020219802856445e-01 -9.828441143035888672e-01 -9.919118881225585938e-01 -9.969680309295654297e-01 -9.979928731918334961e-01 -9.949810504913330078e-01 -9.879458546638488770e-01 -9.769169092178344727e-01 -9.619383811950683594e-01 -9.430725574493408203e-01 -9.203952550888061523e-01 -8.939990401268005371e-01 -8.639908432960510254e-01 -8.304909467697143555e-01 -7.936354279518127441e-01 -7.535720467567443848e-01 -7.104627490043640137e-01 -6.644803881645202637e-01 -6.158109307289123535e-01 -5.646504163742065430e-01 -5.112048983573913574e-01 -4.556904137134552002e-01 -3.983319997787475586e-01 -3.393605053424835205e-01 -2.790149450302124023e-01 -2.175400555133819580e-01 -1.551840007305145264e-01 -9.219913184642791748e-02 -2.884079515933990479e-02 3.463492915034294128e-02 9.797124564647674561e-02 1.609121114015579224e-01 2.232029139995574951e-01 2.845927774906158447e-01 3.448326587677001953e-01 4.036801457405090332e-01 4.608973860740661621e-01 5.162529349327087402e-01 5.695236325263977051e-01 6.204941868782043457e-01 6.689587831497192383e-01 7.147215604782104492e-01 7.575976252555847168e-01 7.974139451980590820e-01 8.340093493461608887e-01 8.672362565994262695e-01 8.969603180885314941e-01 9.230615496635437012e-01 9.454343914985656738e-01 9.639884829521179199e-01 9.786490797996520996e-01 9.893570542335510254e-01 9.960680603981018066e-01 9.987563490867614746e-01 9.974105954170227051e-01 9.920352101325988770e-01 9.826530814170837402e-01 9.693015217781066895e-01 9.520347714424133301e-01 9.309228062629699707e-01 9.060510993003845215e-01 8.775202631950378418e-01 8.454465270042419434e-01 8.099576234817504883e-01 7.711972594261169434e-01 7.293214797973632812e-01 6.844981312751770020e-01 6.369065642356872559e-01 5.867384076118469238e-01 5.341953635215759277e-01 4.794887900352478027e-01 4.228393733501434326e-01 3.644768297672271729e-01 3.046394288539886475e-01 2.435705363750457764e-01 1.815187782049179077e-01 1.187376677989959717e-01 5.548000708222389221e-02 -8.001677691936492920e-03
1.650150865316390991e-03 -6.178436800837516785e-02 -1.249713301658630371e-01 -1.876588016748428345e-01 -2.495922595262527466e-01 -3.105199038982391357e-01 -3.701942265033721924e-01 -4.283710718154907227e-01 -4.848158955574035645e-01 -5.392994880676269531e-01 -5.916040539741516113e-01 -6.415186524391174316e-01 -6.888455152511596680e-01 -7.333953380584716797e-01 -7.749894261360168457e-01 -8.134621381759643555e-01 -8.486590981483459473e-01 -8.804390430450439453e-01 -9.086734056472778320e-01 -9.332476854324340820e-01 -9.540621042251586914e-01 -9.710310697555541992e-01 -9.840862751007080078e-01 -9.931744933128356934e-01 -9.982578158378601074e-01 -9.993159174919128418e-01 -9.963461160659790039e-01 -9.893597960472106934e-01 -9.783860445022583008e-01 -9.634701013565063477e-01 -9.446725845336914062e-01 -9.220700860023498535e-01 -8.957542777061462402e-01 -8.658309578895568848e-01 -8.324207067489624023e-01 -7.956576943397521973e-01 -7.556905150413513184e-01 -7.126789689064025879e-01 -6.667962670326232910e-01 -6.182264685630798340e-01 -5.671651959419250488e-01 -5.138167738914489746e-01 -4.583977758884429932e-01 -4.011304080486297607e-01 -3.422456681728363037e-01 -2.819817364215850830e-01 -2.205808907747268677e-01 -1.582914292812347412e-01 -9.536474943161010742e-02 -3.205481916666030884e-02 3.138360753655433655e-02 9.469377994537353516e-02 1.576211601495742798e-01 2.199123054742813110e-01 2.813162803649902344e-01 3.415852487087249756e-01 4.004770815372467041e-01 4.577547609806060791e-01 5.131876468658447266e-01 5.665526390075683594e-01 6.176344752311706543e-01 6.662276387214660645e-01 7.121367454528808594e-01 7.551764845848083496e-01 7.951731681823730469e-01 8.319664001464843750e-01 8.654063940048217773e-01 8.953603506088256836e-01 9.217058420181274414e-01 9.443377256393432617e-01 9.631637334823608398e-01 9.781087636947631836e-01 9.891114234924316406e-01 9.961277246475219727e-01 9.991286993026733398e-01 9.981027841567993164e-01 9.930531978607177734e-01 9.839998483657836914e-01 9.709810018539428711e-01 9.540467262268066406e-01 9.332671165466308594e-01 9.087263941764831543e-01 8.805222511291503906e-01 8.487699031829833984e-01 8.135965466499328613e-01 7.751443386077880859e-01 7.335678935050964355e-01 6.890335679054260254e-01 6.417196393013000488e-01 5.918168425559997559e-01 5.395250916481018066e-01 4.850548207759857178e-01 4.286257624626159668e-01 3.704664707183837891e-01 3.108132481575012207e-01 2.499097138643264771e-01 1.880035251379013062e-01 1.253472566604614258e-01 6.219263747334480286e-02 -1.207888126373291016e-03
3.991350531578063965e-04 -6.304728984832763672e-02 -1.262457370758056641e-01 -1.889434903860092163e-01 -2.508881092071533203e-01 -3.118261098861694336e-01 -3.715095520019531250e-01 -4.296964108943939209e-01 -4.861491620540618896e-01 -5.406417250633239746e-01 -5.929536223411560059e-01 -6.428751349449157715e-01 -6.902078986167907715e-01 -7.347620725631713867e-01 -7.763593196868896484e-01 -8.148343563079833984e-01 -8.500319719314575195e-01 -8.818105459213256836e-01 -9.100415110588073730e-01 -9.346108436584472656e-01 -9.554178714752197266e-01 -9.723778963088989258e-01 -9.854226112365722656e-01 -9.944969415664672852e-01 -9.995645284652709961e-01 -1.000605106353759766e+00 -9.976149797439575195e-01 -9.906061291694641113e-01 -9.796075820922851562e-01 -9.646644592285156250e-01 -9.458379745483398438e-01 -9.232035279273986816e-01 -8.968530297279357910e-01 -8.668930530548095703e-01 -8.334442973136901855e-01 -7.966414093971252441e-01 -7.566310763359069824e-01 -7.135748267173767090e-01 -6.676455140113830566e-01 -6.190272569656372070e-01 -5.679156184196472168e-01 -5.145162343978881836e-01 -4.590442180633544922e-01 -4.017219245433807373e-01 -3.427813649177551270e-01 -2.824598550796508789e-01 -2.210002541542053223e-01 -1.586510241031646729e-01 -9.566335380077362061e-02 -3.229065984487533569e-02 3.121074289083480835e-02 9.458594024181365967e-02 1.575787812471389771e-01 2.199365496635437012e-01 2.814076244831085205e-01 3.417446613311767578e-01 4.007052481174468994e-01 4.580520987510681152e-01 5.135536789894104004e-01 5.669875144958496094e-01 6.181378960609436035e-01 6.667993664741516113e-01 7.127757072448730469e-01 7.558817267417907715e-01 7.959442734718322754e-01 8.328014016151428223e-01 8.663048148155212402e-01 8.963195085525512695e-01 9.227250814437866211e-01 9.454146027565002441e-01 9.642973542213439941e-01 9.792963862419128418e-01 9.903520941734313965e-01 9.974189400672912598e-01 1.000468730926513672e+00 9.994892477989196777e-01 9.944847226142883301e-01 9.854744076728820801e-01 9.724952578544616699e-01 9.555998444557189941e-01 9.348562359809875488e-01 9.103482961654663086e-01 8.821756839752197266e-01 8.504514694213867188e-01 8.153041601181030273e-01 7.768747210502624512e-01 7.353183627128601074e-01 6.908010244369506836e-01 6.435011625289916992e-01 5.936095118522644043e-01 5.413248538970947266e-01 4.868596196174621582e-01 4.304318428039550781e-01 3.722712695598602295e-01 3.126137852668762207e-01 2.517032027244567871e-01 1.897873878479003906e-01 1.271186023950576782e-01 6.395056843757629395e-02 5.342662334442138672e-04
1.920871436595916748e-03 -6.151165813207626343e-02 -1.246970966458320618e-01 -1.873836964368820190e-01 -2.493176162242889404e-01 -3.102460503578186035e-01 -3.699219226837158203e-01 -4.281020760536193848e-01 -4.845494627952575684e-01 -5.390377044677734375e-01 -5.913468599319458008e-01 -6.412677764892578125e-01 -6.886011362075805664e-01 -7.331572771072387695e-01 -7.747594714164733887e-01 -8.132404088973999023e-01 -8.484467267990112305e-01 -8.802363276481628418e-01 -9.084812998771667480e-01 -9.330667257308959961e-01 -9.538927078247070312e-01 -9.708746075630187988e-01 -9.839435219764709473e-01 -9.930447936058044434e-01 -9.981430172920227051e-01 -9.992166161537170410e-01 -9.962614774703979492e-01 -9.892907142639160156e-01 -9.783322215080261230e-01 -9.634312987327575684e-01 -9.446492195129394531e-01 -9.220610260963439941e-01 -8.957588672637939453e-01 -8.658485412597656250e-01 -8.324503302574157715e-01 -7.956992983818054199e-01 -7.557428479194641113e-01 -7.127410769462585449e-01 -6.668675541877746582e-01 -6.183062791824340820e-01 -5.672524571418762207e-01 -5.139123201370239258e-01 -4.584997594356536865e-01 -4.012387990951538086e-01 -3.423604667186737061e-01 -2.821014523506164551e-01 -2.207053303718566895e-01 -1.584201604127883911e-01 -9.549653530120849609e-02 -3.218905627727508545e-02 3.124795109033584595e-02 9.455834329128265381e-02 1.574872285127639771e-01 2.197808623313903809e-01 2.811890244483947754e-01 3.414635062217712402e-01 4.003628194332122803e-01 4.576488137245178223e-01 5.130910873413085938e-01 5.664663314819335938e-01 6.175599098205566406e-01 6.661654114723205566e-01 7.120869159698486328e-01 7.551396489143371582e-01 7.951498627662658691e-01 8.319560885429382324e-01 8.654097318649291992e-01 8.953768610954284668e-01 9.217355251312255859e-01 9.443801045417785645e-01 9.632193446159362793e-01 9.781767725944519043e-01 9.891926646232604980e-01 9.962220788002014160e-01 9.992367625236511230e-01 9.982239603996276855e-01 9.931883215904235840e-01 9.841496348381042480e-01 9.711443781852722168e-01 9.542257189750671387e-01 9.334617853164672852e-01 9.089360833168029785e-01 8.807479739189147949e-01 8.490121364593505859e-01 8.138552904129028320e-01 7.754187583923339844e-01 7.338575720787048340e-01 6.893382668495178223e-01 6.420388817787170410e-01 5.921496152877807617e-01 5.398694276809692383e-01 4.854100346565246582e-01 4.289899468421936035e-01 3.708383738994598389e-01 3.111913800239562988e-01 2.502922713756561279e-01 1.883894801139831543e-01 1.257346570491790771e-01 6.258130073547363281e-02 -8.193887770175933838e-04
8.369207382202148438e-03 -5.526842176914215088e-02 -1.186923608183860779e-01 -1.816499084234237671e-01 -2.438844740390777588e-01 -3.051432073116302490e-01 -3.651756048202514648e-01 -4.237358570098876953e-01 -4.805867075920104980e-01 -5.354959964752197266e-01 -5.882431268692016602e-01 -6.386151313781738281e-01 -6.864103674888610840e-01 -7.314372658729553223e-01 -7.735146880149841309e-01 -8.124738335609436035e-01 -8.481574654579162598e-01 -8.804212212562561035e-01 -9.091342687606811523e-01 -9.341791272163391113e-01 -9.554532170295715332e-01 -9.728689789772033691e-01 -9.863559603691101074e-01 -9.958570003509521484e-01 -1.001332998275756836e+00 -1.002762079238891602e+00 -1.000138044357299805e+00 -9.934709668159484863e-01 -9.827891588211059570e-01 -9.681347012519836426e-01 -9.495688676834106445e-01 -9.271652102470397949e-01 -9.010161757469177246e-01 -8.712252974510192871e-01 -8.379138112068176270e-01 -8.012158870697021484e-01 -7.612789869308471680e-01 -7.182636260986328125e-01 -6.723435521125793457e-01 -6.237031817436218262e-01 -5.725392103195190430e-01 -5.190578699111938477e-01 -4.634750187397003174e-01 -4.060154855251312256e-01 -3.469117581844329834e-01 -2.864029705524444580e-01 -2.247339338064193726e-01 -1.621544957160949707e-01 -9.891803562641143799e-02 -3.528001159429550171e-02 2.850141376256942749e-02 9.216876327991485596e-02 1.554642319679260254e-01 2.181320488452911377e-01 2.799187600612640381e-01 3.405748009681701660e-01 3.998554348945617676e-01 4.575202465057373047e-01 5.133364796638488770e-01 5.670790076255798340e-01 6.185295581817626953e-01 6.674810647964477539e-01 7.137348651885986328e-01 7.571041584014892578e-01 7.974138855934143066e-01 8.345004320144653320e-01 8.682147264480590820e-01 8.984199762344360352e-01 9.249945878982543945e-01 9.478306174278259277e-01 9.668368697166442871e-01 9.819356799125671387e-01 9.930672049522399902e-01 1.000185966491699219e+00 1.003263235092163086e+00 1.002287864685058594e+00 9.972626566886901855e-01 9.882090687751770020e-01 9.751641154289245605e-01 9.581812024116516113e-01 9.373292326927185059e-01 9.126937985420227051e-01 8.843749165534973145e-01 8.524875640869140625e-01 8.171615004539489746e-01 7.785392999649047852e-01 7.367775440216064453e-01 6.920449733734130859e-01 6.445211768150329590e-01 5.943984985351562500e-01 5.418789982795715332e-01 4.871748089790344238e-01 4.305088818073272705e-01 3.721113204956054688e-01 3.122209608554840088e-01 2.510835528373718262e-01 1.889491677284240723e-01 1.260724365711212158e-01 6.270840764045715332e-02 -8.903071284294128418e-04
-4.324708133935928345e-03 -6.770446151494979858e-02 -1.308259665966033936e-01 -1.934376060962677002e-01 -2.552875280380249023e-01 -3.161236345767974854e-01 -3.756996393203735352e-01 -4.337730109691619873e-01 -4.901096522808074951e-01 -5.444822311401367188e-01 -5.966733694076538086e-01 -6.464737653732299805e-01 -6.936852931976318359e-01 -7.381203174591064453e-01 -7.796008586883544922e-01 -8.179619312286376953e-01 -8.530499935150146484e-01 -8.847237825393676758e-01 -9.128558635711669922e-01 -9.373316764831542969e-01 -9.580526351928710938e-01 -9.749343395233154297e-01 -9.879069328308105469e-01 -9.969195127487182617e-01 -1.001933455467224121e+00 -1.002929925918579102e+00 -9.999037981033325195e-01 -9.928693771362304688e-01 -9.818540811538696289e-01 -9.669027328491210938e-01 -9.480769634246826172e-01 -9.254522323608398438e-01 -8.991196155548095703e-01 -8.691848516464233398e-01 -8.357682228088378906e-01 -7.990030050277709961e-01 -7.590364217758178711e-01 -7.160284519195556641e-01 -6.701514720916748047e-01 -6.215878725051879883e-01 -5.705335140228271484e-01 -5.171916484832763672e-01 -4.617767035961151123e-01 -4.045110940933227539e-01 -3.456245362758636475e-01 -2.853529751300811768e-01 -2.239385247230529785e-01 -1.616284847259521484e-01 -9.867183119058609009e-02 -3.532204404473304749e-02 2.816695719957351685e-02 9.154064953327178955e-02 1.545444875955581665e-01 2.169268131256103516e-01 2.784368097782135010e-01 3.388284742832183838e-01 3.978594839572906494e-01 4.552935063838958740e-01 5.109002590179443359e-01 5.644565820693969727e-01 6.157479286193847656e-01 6.645689010620117188e-01 7.107235193252563477e-01 7.540260553359985352e-01 7.943029403686523438e-01 8.313928842544555664e-01 8.651466369628906250e-01 8.954290151596069336e-01 9.221192598342895508e-01 9.451084136962890625e-01 9.643059968948364258e-01 9.796335697174072266e-01 9.910308122634887695e-01 9.984507560729980469e-01 1.001864194869995117e+00 1.001257181167602539e+00 9.966319799423217773e-01 9.880074262619018555e-01 9.754185676574707031e-01 9.589159488677978516e-01 9.385665655136108398e-01 9.144530296325683594e-01 8.866723775863647461e-01 8.553373813629150391e-01 8.205732107162475586e-01 7.825212478637695312e-01 7.413330078125000000e-01 6.971749067306518555e-01 6.502228975296020508e-01 6.006660461425781250e-01 5.487024784088134766e-01 4.945410788059234619e-01 4.384001195430755615e-01 3.805067837238311768e-01 3.210960030555725098e-01 2.604096233844757080e-01 1.986946463584899902e-01 1.362018287181854248e-01 7.318350672721862793e-02 9.890146553516387939e-03
5.350284278392791748e-03 -5.812339484691619873e-02 -1.213613972067832947e-01 -1.841106414794921875e-01 -2.461177259683609009e-01 -3.071289956569671631e-01 -3.668972849845886230e-01 -4.251776337623596191e-01 -4.817346930503845215e-01 -5.363394618034362793e-01 -5.887718796730041504e-01 -6.388220787048339844e-01 -6.862899661064147949e-01 -7.309855818748474121e-01 -7.727306485176086426e-01 -8.113582134246826172e-01 -8.467121124267578125e-01 -8.786510229110717773e-01 -9.070459008216857910e-01 -9.317804574966430664e-01 -9.527550935745239258e-01 -9.698837399482727051e-01 -9.830971956253051758e-01 -9.923400878906250000e-01 -9.975768923759460449e-01 -9.987843632698059082e-01 -9.959595799446105957e-01 -9.891142845153808594e-01 -9.782768487930297852e-01 -9.634907841682434082e-01 -9.448177218437194824e-01 -9.223325848579406738e-01 -8.961265087127685547e-01 -8.663061857223510742e-01 -8.329910635948181152e-01 -7.963153123855590820e-01 -7.564268112182617188e-01 -7.134858369827270508e-01 -6.676648855209350586e-01 -6.191486716270446777e-01 -5.681320428848266602e-01 -5.148215293884277344e-01 -4.594312310218811035e-01 -4.021854400634765625e-01 -3.433145880699157715e-01 -2.830570936203002930e-01 -2.216562777757644653e-01 -1.593599319458007812e-01 -9.642040729522705078e-02 -3.309110179543495178e-02 3.037191927433013916e-02 9.371180832386016846e-02 1.566736102104187012e-01 2.190028876066207886e-01 2.804489135742187500e-01 3.407633304595947266e-01 3.997025489807128906e-01 4.570298790931701660e-01 5.125132203102111816e-01 5.659288763999938965e-01 6.170617938041687012e-01 6.657052040100097656e-01 7.116625905036926270e-01 7.547484040260314941e-01 7.947897911071777344e-01 8.316243290901184082e-01 8.651028275489807129e-01 8.950907588005065918e-01 9.214665293693542480e-01 9.441244006156921387e-01 9.629728198051452637e-01 9.779341816902160645e-01 9.889499545097351074e-01 9.959737658500671387e-01 9.989777207374572754e-01 9.979495406150817871e-01 9.928926825523376465e-01 9.838280081748962402e-01 9.707917571067810059e-01 9.538365006446838379e-01 9.330309033393859863e-01 9.084599614143371582e-01 8.802222609519958496e-01 8.484327197074890137e-01 8.132187724113464355e-01 7.747233510017395020e-01 7.331009507179260254e-01 6.885187625885009766e-01 6.411560773849487305e-01 5.912026166915893555e-01 5.388595461845397949e-01 4.843369722366333008e-01 4.278562664985656738e-01 3.696452975273132324e-01 3.099417686462402344e-01 2.489890009164810181e-01 1.870350986719131470e-01 1.243328750133514404e-01 6.113559007644653320e-02 -2.305373549461364746e-03
7.667690515518188477e-03 -5.568627640604972839e-02 -1.187947541475296021e-01 -1.814063489437103271e-01 -2.432679384946823120e-01 -3.041280806064605713e-01 -3.637397289276123047e-01 -4.218595027923583984e-01 -4.782533645629882812e-01 -5.326935648918151855e-01 -5.849617123603820801e-01 -6.348483562469482422e-01 -6.821560859680175781e-01 -7.266946434974670410e-01 -7.682877779006958008e-01 -8.067702054977416992e-01 -8.419861793518066406e-01 -8.737964034080505371e-01 -9.020722508430480957e-01 -9.266998767852783203e-01 -9.475790262222290039e-01 -9.646261334419250488e-01 -9.777717590332031250e-01 -9.869624972343444824e-01 -9.921625852584838867e-01 -9.933508038520812988e-01 -9.905236959457397461e-01 -9.836936593055725098e-01 -9.728886485099792480e-01 -9.581539630889892578e-01 -9.395492672920227051e-01 -9.171512126922607422e-01 -8.910501003265380859e-01 -8.613517880439758301e-01 -8.281766176223754883e-01 -7.916576266288757324e-01 -7.519422769546508789e-01 -7.091901302337646484e-01 -6.635739803314208984e-01 -6.152768731117248535e-01 -5.644938945770263672e-01 -5.114299654960632324e-01 -4.562997817993164062e-01 -3.993250727653503418e-01 -3.407365083694458008e-01 -2.807709574699401855e-01 -2.196709811687469482e-01 -1.576831340789794922e-01 -9.505850076675415039e-02 -3.205008804798126221e-02 3.108818084001541138e-02 9.410056471824645996e-02 1.567331701517105103e-01 2.187330871820449829e-01 2.798495888710021973e-01 3.398374915122985840e-01 3.984537124633789062e-01 4.554619193077087402e-01 5.106317996978759766e-01 5.637416243553161621e-01 6.145761013031005859e-01 6.629302501678466797e-01 7.086090445518493652e-01 7.514279484748840332e-01 7.912138104438781738e-01 8.278061747550964355e-01 8.610566854476928711e-01 8.908318281173706055e-01 9.170105457305908203e-01 9.394878745079040527e-01 9.581717848777770996e-01 9.729872345924377441e-01 9.838730692863464355e-01 9.907858967781066895e-01 9.936968684196472168e-01 9.925934672355651855e-01 9.874792695045471191e-01 9.783753752708435059e-01 9.653167128562927246e-01 9.483554959297180176e-01 9.275604486465454102e-01 9.030149579048156738e-01 8.748170733451843262e-01 8.430806398391723633e-01 8.079321980476379395e-01 7.695129513740539551e-01 7.279765605926513672e-01 6.834895014762878418e-01 6.362286210060119629e-01 5.863831043243408203e-01 5.341534018516540527e-01 4.797472357749938965e-01 4.233856201171875000e-01 3.652948737144470215e-01 3.057115674018859863e-01 2.448785454034805298e-01 1.830422133207321167e-01 1.204551309347152710e-01 5.736947804689407349e-02 -5.963861942291259766e-03
-2.486065030097961426e-03 -6.594146788120269775e-02 -1.291437745094299316e-01 -1.918400824069976807e-01 -2.537779808044433594e-01 -3.147040605545043945e-01 -3.743695914745330811e-01 -4.325334131717681885e-01 -4.889583885669708252e-01 -5.434170961380004883e-01 -5.956906676292419434e-01 -6.455691456794738770e-01 -6.928533911705017090e-01 -7.373548746109008789e-01 -7.788952589035034180e-01 -8.173079490661621094e-01 -8.524394035339355469e-01 -8.841474056243896484e-01 -9.123044610023498535e-01 -9.367951750755310059e-01 -9.575203657150268555e-01 -9.743954539299011230e-01 -9.873508214950561523e-01 -9.963339567184448242e-01 -1.001308560371398926e+00 -1.002253651618957520e+00 -9.991660118103027344e-01 -9.920584559440612793e-01 -9.809601306915283203e-01 -9.659160375595092773e-01 -9.469870924949645996e-01 -9.242500662803649902e-01 -8.977968692779541016e-01 -8.677333593368530273e-01 -8.341808915138244629e-01 -7.972735166549682617e-01 -7.571597099304199219e-01 -7.139997482299804688e-01 -6.679669022560119629e-01 -6.192463636398315430e-01 -5.680330395698547363e-01 -5.145329833030700684e-01 -4.589616060256958008e-01 -4.015425443649291992e-01 -3.425067961215972900e-01 -2.820921540260314941e-01 -2.205424904823303223e-01 -1.581052690744400024e-01 -9.503222256898880005e-02 -3.157770261168479919e-02 3.200308978557586670e-02 9.545440226793289185e-02 1.585206091403961182e-01 2.209483981132507324e-01 2.824862003326416016e-01 3.428866565227508545e-01 4.019074440002441406e-01 4.593105614185333252e-01 5.148654580116271973e-01 5.683483481407165527e-01 6.195445060729980469e-01 6.682478785514831543e-01 7.142621874809265137e-01 7.574027180671691895e-01 7.974956035614013672e-01 8.343800306320190430e-01 8.679068684577941895e-01 8.979420661926269531e-01 9.243646264076232910e-01 9.470682740211486816e-01 9.659617543220520020e-01 9.809697270393371582e-01 9.920309185981750488e-01 9.991018176078796387e-01 1.002153158187866211e+00 1.001173138618469238e+00 9.961660504341125488e-01 9.871515631675720215e-01 9.741666913032531738e-01 9.572640061378479004e-01 9.365119338035583496e-01 9.119954705238342285e-01 8.838123679161071777e-01 8.520776033401489258e-01 8.169192075729370117e-01 7.784785032272338867e-01 7.369098067283630371e-01 6.923813223838806152e-01 6.450699567794799805e-01 5.951664447784423828e-01 5.428711771965026855e-01 4.883945882320404053e-01 4.319567680358886719e-01 3.737860918045043945e-01 3.141191899776458740e-01 2.531996965408325195e-01 1.912763714790344238e-01 1.286002993583679199e-01 6.542634218931198120e-02 2.004697918891906738e-03
-5.637705326080322266e-04 -6.397690623998641968e-02 -1.271356940269470215e-01 -1.897888481616973877e-01 -2.516827881336212158e-01 -3.125649094581604004e-01 -3.721888065338134766e-01 -4.303107857704162598e-01 -4.866957664489746094e-01 -5.411171317100524902e-01 -5.933554768562316895e-01 -6.432015895843505859e-01 -6.904565691947937012e-01 -7.349324822425842285e-01 -7.764509916305541992e-01 -8.148463368415832520e-01 -8.499652147293090820e-01 -8.816654086112976074e-01 -9.098185300827026367e-01 -9.343111515045166016e-01 -9.550437331199645996e-01 -9.719315171241760254e-01 -9.849054217338562012e-01 -9.939127564430236816e-01 -9.989172816276550293e-01 -9.998982548713684082e-01 -9.968523383140563965e-01 -9.897923469543457031e-01 -9.787478446960449219e-01 -9.637629389762878418e-01 -9.448989033699035645e-01 -9.222331643104553223e-01 -8.958559632301330566e-01 -8.658737540245056152e-01 -8.324083089828491211e-01 -7.955926060676574707e-01 -7.555754184722900391e-01 -7.125173211097717285e-01 -6.665906310081481934e-01 -6.179804801940917969e-01 -5.668815970420837402e-01 -5.135002136230468750e-01 -4.580509364604949951e-01 -4.007569253444671631e-01 -3.418493568897247314e-01 -2.815656661987304688e-01 -2.201482206583023071e-01 -1.578452587127685547e-01 -9.490776807069778442e-02 -3.158870339393615723e-02 3.185626864433288574e-02 9.517204761505126953e-02 1.581042259931564331e-01 2.203986644744873047e-01 2.818056046962738037e-01 3.420778214931488037e-01 4.009726345539093018e-01 4.582530856132507324e-01 5.136890411376953125e-01 5.670571327209472656e-01 6.181432008743286133e-01 6.667404174804687500e-01 7.126536369323730469e-01 7.556980252265930176e-01 7.957001924514770508e-01 8.324992060661315918e-01 8.659465312957763672e-01 8.959078192710876465e-01 9.222620129585266113e-01 9.449038505554199219e-01 9.637416601181030273e-01 9.786992073059082031e-01 9.897170066833496094e-01 9.967501163482666016e-01 9.997701644897460938e-01 9.987643957138061523e-01 9.937378168106079102e-01 9.847103357315063477e-01 9.717173576354980469e-01 9.548121690750122070e-01 9.340635538101196289e-01 9.095550179481506348e-01 8.813852071762084961e-01 8.496687412261962891e-01 8.145323395729064941e-01 7.761179208755493164e-01 7.345795035362243652e-01 6.900839209556579590e-01 6.428093314170837402e-01 5.929449200630187988e-01 5.406898856163024902e-01 4.862556457519531250e-01 4.298606812953948975e-01 3.717334568500518799e-01 3.121103048324584961e-01 2.512337267398834229e-01 1.893521249294281006e-01 1.267171949148178101e-01 6.358194351196289062e-02 1.984089612960815430e-04
-3.452673554420471191e-04 -6.376300007104873657e-02 -1.269280016422271729e-01 -1.895876824855804443e-01 -2.514885962009429932e-01 -3.123787045478820801e-01 -3.720112144947052002e-01 -4.301419556140899658e-01 -4.865362942218780518e-01 -5.409668684005737305e-01 -5.932148694992065430e-01 -6.430708765983581543e-01 -6.903360486030578613e-01 -7.348227500915527344e-01 -7.763510346412658691e-01 -8.147568702697753906e-01 -8.498851060867309570e-01 -8.815945982933044434e-01 -9.097576141357421875e-01 -9.342591166496276855e-01 -9.550002813339233398e-01 -9.718966484069824219e-01 -9.848787188529968262e-01 -9.938939213752746582e-01 -9.989057779312133789e-01 -9.998940825462341309e-01 -9.968550205230712891e-01 -9.898012876510620117e-01 -9.787620306015014648e-01 -9.637830853462219238e-01 -9.449244141578674316e-01 -9.222619533538818359e-01 -8.958886861801147461e-01 -8.659098744392395020e-01 -8.324466347694396973e-01 -7.956326007843017578e-01 -7.556161284446716309e-01 -7.125576734542846680e-01 -6.666299700736999512e-01 -6.180179715156555176e-01 -5.669167041778564453e-01 -5.135318636894226074e-01 -4.580785036087036133e-01 -4.007794260978698730e-01 -3.418667316436767578e-01 -2.815768122673034668e-01 -2.201530337333679199e-01 -1.578435003757476807e-01 -9.489815682172775269e-02 -3.157199174165725708e-02 3.188101947307586670e-02 9.520510584115982056e-02 1.581454575061798096e-01 2.204485833644866943e-01 2.818638682365417480e-01 3.421446084976196289e-01 4.010484218597412109e-01 4.583376646041870117e-01 5.137820839881896973e-01 5.671588778495788574e-01 6.182526946067810059e-01 6.668577790260314941e-01 7.127789855003356934e-01 7.558305859565734863e-01 7.958392500877380371e-01 8.326445221900939941e-01 8.660973310470581055e-01 8.960640430450439453e-01 9.224234223365783691e-01 9.450688958168029785e-01 9.639102816581726074e-01 9.788706898689270020e-01 9.898906350135803223e-01 9.969257712364196777e-01 9.999464154243469238e-01 9.989417195320129395e-01 9.939147830009460449e-01 9.848862290382385254e-01 9.718927741050720215e-01 9.549861550331115723e-01 9.342356324195861816e-01 9.097246527671813965e-01 8.815525770187377930e-01 8.498330116271972656e-01 8.146935105323791504e-01 7.762755751609802246e-01 7.347342371940612793e-01 6.902346611022949219e-01 6.429556012153625488e-01 5.930869579315185547e-01 5.408276915550231934e-01 4.863889813423156738e-01 4.299892485141754150e-01 3.718576729297637939e-01 3.122298717498779297e-01 2.513487339019775391e-01 1.894630789756774902e-01 1.268247663974761963e-01 6.368651241064071655e-02 2.991184592247009277e-04
-3.608614206314086914e-04 -6.378180533647537231e-02 -1.269511431455612183e-01 -1.896152496337890625e-01 -2.515220642089843750e-01 -3.124187588691711426e-01 -3.720578551292419434e-01 -4.301966726779937744e-01 -4.865998327732086182e-01 -5.410395264625549316e-01 -5.932972431182861328e-01 -6.431638002395629883e-01 -6.904399394989013672e-01 -7.349370718002319336e-01 -7.764774560928344727e-01 -8.148944377899169922e-01 -8.500347733497619629e-01 -8.817563056945800781e-01 -9.099316596984863281e-01 -9.344458580017089844e-01 -9.551990032196044922e-01 -9.721073508262634277e-01 -9.851013422012329102e-01 -9.941285848617553711e-01 -9.991518259048461914e-01 -1.000150799751281738e+00 -9.971226453781127930e-01 -9.900800585746765137e-01 -9.790502190589904785e-01 -9.640804529190063477e-01 -9.452299475669860840e-01 -9.225765466690063477e-01 -8.962097764015197754e-01 -8.662379980087280273e-01 -8.327801823616027832e-01 -7.959712743759155273e-01 -7.559595108032226562e-01 -7.129043340682983398e-01 -6.669797897338867188e-01 -6.183699369430541992e-01 -5.672702193260192871e-01 -5.138863921165466309e-01 -4.584331214427947998e-01 -4.011339843273162842e-01 -3.422198891639709473e-01 -2.819280028343200684e-01 -2.205017507076263428e-01 -1.581878811120986938e-01 -9.523820877075195312e-02 -3.190628811717033386e-02 3.155306726694107056e-02 9.488461166620254517e-02 1.578331887722015381e-01 2.201460301876068115e-01 2.815717458724975586e-01 3.418639004230499268e-01 4.007796943187713623e-01 4.580817818641662598e-01 5.135402083396911621e-01 5.669311285018920898e-01 6.180398464202880859e-01 6.666605472564697266e-01 7.125977277755737305e-01 7.556654810905456543e-01 7.956914305686950684e-01 8.325139284133911133e-01 8.659847378730773926e-01 8.959689140319824219e-01 9.223462939262390137e-01 9.450101852416992188e-01 9.638700485229492188e-01 9.788491725921630859e-01 9.898872375488281250e-01 9.969403743743896484e-01 9.999798536300659180e-01 9.989926815032958984e-01 9.939830303192138672e-01 9.849715232849121094e-01 9.719939231872558594e-01 9.551032781600952148e-01 9.343672990798950195e-01 9.098701477050781250e-01 8.817109465599060059e-01 8.500033020973205566e-01 8.148747682571411133e-01 7.764674425125122070e-01 7.349344491958618164e-01 6.904429793357849121e-01 6.431708335876464844e-01 5.933084487915039062e-01 5.410538315773010254e-01 4.866186380386352539e-01 4.302220344543457031e-01 3.720921874046325684e-01 3.124658465385437012e-01 2.515852749347686768e-01 1.896993815898895264e-01 1.270592212677001953e-01 6.391882151365280151e-02 5.292221903800964355e-04
-9.223222732543945312e-04 -6.436261534690856934e-02 -1.275515407323837280e-01 -1.902365386486053467e-01 -2.521645426750183105e-01 -3.130826950073242188e-01 -3.727430403232574463e-01 -4.309034347534179688e-01 -4.873273670673370361e-01 -5.417872071266174316e-01 -5.940653681755065918e-01 -6.439507603645324707e-01 -6.912455558776855469e-01 -7.357596755027770996e-01 -7.773159146308898926e-01 -8.157479166984558105e-01 -8.509008288383483887e-01 -8.826343417167663574e-01 -9.108185768127441406e-01 -9.353398680686950684e-01 -9.560983777046203613e-01 -9.730092883110046387e-01 -9.860036969184875488e-01 -9.950289726257324219e-01 -1.000047802925109863e+00 -1.001039743423461914e+00 -9.980015754699707031e-01 -9.909461140632629395e-01 -9.799020886421203613e-01 -9.649143815040588379e-01 -9.460438489913940430e-01 -9.233672618865966797e-01 -8.969753384590148926e-01 -8.669749498367309570e-01 -8.334866762161254883e-01 -7.966447472572326660e-01 -7.565970420837402344e-01 -7.135043740272521973e-01 -6.675394773483276367e-01 -6.188873052597045898e-01 -5.677431821823120117e-01 -5.143130421638488770e-01 -4.588120579719543457e-01 -4.014631807804107666e-01 -3.424977660179138184e-01 -2.821540832519531250e-01 -2.206741571426391602e-01 -1.583068519830703735e-01 -9.530319273471832275e-02 -3.191638365387916565e-02 3.159780055284500122e-02 9.498367458581924438e-02 1.579862833023071289e-01 2.203522622585296631e-01 2.818307280540466309e-01 3.421744406223297119e-01 4.011404216289520264e-01 4.584915935993194580e-01 5.139967799186706543e-01 5.674332380294799805e-01 6.185854673385620117e-01 6.672474741935729980e-01 7.132232785224914551e-01 7.563278675079345703e-01 7.963876724243164062e-01 8.332414627075195312e-01 8.667408227920532227e-01 8.967512249946594238e-01 9.231514930725097656e-01 9.458359479904174805e-01 9.647128582000732422e-01 9.797064065933227539e-01 9.907568693161010742e-01 9.978182315826416016e-01 1.000863909721374512e+00 9.998797178268432617e-01 9.948710203170776367e-01 9.858570098876953125e-01 9.728753566741943359e-01 9.559773206710815430e-01 9.352325201034545898e-01 9.107241034507751465e-01 8.825516700744628906e-01 8.508290648460388184e-01 8.156840205192565918e-01 7.772581577301025391e-01 7.357062697410583496e-01 6.911944746971130371e-01 6.439017057418823242e-01 5.940170884132385254e-01 5.417410731315612793e-01 4.872834980487823486e-01 4.308645427227020264e-01 3.727127313613891602e-01 3.130637705326080322e-01 2.521621286869049072e-01 1.902557015419006348e-01 1.275962889194488525e-01 6.443666666746139526e-02 1.029759645462036133e-03
4.922002553939819336e-04 -6.293425709009170532e-02 -1.261099576950073242e-01 -1.887837946414947510e-01 -2.507008910179138184e-01 -3.116101622581481934e-01 -3.712626993656158447e-01 -4.294165670871734619e-01 -4.858364164829254150e-01 -5.402939319610595703e-01 -5.925714969635009766e-01 -6.424582004547119141e-01 -6.897557973861694336e-01 -7.342756986618041992e-01 -7.758392095565795898e-01 -8.142808675765991211e-01 -8.494453430175781250e-01 -8.811919689178466797e-01 -9.093922376632690430e-01 -9.339308738708496094e-01 -9.547097682952880859e-01 -9.716429710388183594e-01 -9.846615791320800781e-01 -9.937138557434082031e-01 -9.987616539001464844e-01 -9.997845888137817383e-01 -9.967800378799438477e-01 -9.897599220275878906e-01 -9.787534475326538086e-01 -9.638054370880126953e-01 -9.449769258499145508e-01 -9.223440885543823242e-01 -8.959978818893432617e-01 -8.660448789596557617e-01 -8.326054811477661133e-01 -7.958139181137084961e-01 -7.558181285858154297e-01 -7.127785682678222656e-01 -6.668683290481567383e-01 -6.182715892791748047e-01 -5.671842098236083984e-01 -5.138114690780639648e-01 -4.583688676357269287e-01 -4.010793268680572510e-01 -3.421740829944610596e-01 -2.818905711174011230e-01 -2.204719185829162598e-01 -1.581655293703079224e-01 -9.522293508052825928e-02 -3.189771994948387146e-02 3.155532479286193848e-02 9.488046169281005859e-02 1.578230708837509155e-01 2.201297581195831299e-01 2.815494537353515625e-01 3.418349921703338623e-01 4.007441401481628418e-01 4.580396711826324463e-01 5.134907960891723633e-01 5.668742656707763672e-01 6.179745197296142578e-01 6.665867567062377930e-01 7.125140428543090820e-01 7.555718421936035156e-01 7.955864667892456055e-01 8.323969841003417969e-01 8.658553361892700195e-01 8.958261013031005859e-01 9.221887588500976562e-01 9.448374509811401367e-01 9.636805057525634766e-01 9.786427021026611328e-01 9.896636009216308594e-01 9.966979026794433594e-01 9.997177124023437500e-01 9.987109899520874023e-01 9.936813116073608398e-01 9.846487045288085938e-01 9.716502428054809570e-01 9.547381401062011719e-01 9.339808225631713867e-01 9.094623327255249023e-01 8.812818527221679688e-01 8.495532274246215820e-01 8.144037723541259766e-01 7.759761810302734375e-01 7.344231605529785156e-01 6.899119615554809570e-01 6.426211595535278320e-01 5.927402973175048828e-01 5.404686927795410156e-01 4.860175549983978271e-01 4.296057522296905518e-01 3.714618980884552002e-01 3.118220269680023193e-01 2.509298622608184814e-01 1.890334784984588623e-01 1.263850182294845581e-01 6.323678791522979736e-02 -1.587867736816406250e-04
-1.670010387897491455e-02 -7.996575534343719482e-02 -1.429326981306076050e-01 -2.053497433662414551e-01 -2.669663429260253906e-01 -3.275319635868072510e-01 -3.868018984794616699e-01 -4.445357620716094971e-01 -5.005015134811401367e-01 -5.544741749763488770e-01 -6.062375307083129883e-01 -6.555848121643066406e-01 -7.023202180862426758e-01 -7.462566494941711426e-01 -7.872193455696105957e-01 -8.250438570976257324e-01 -8.595786690711975098e-01 -8.906846046447753906e-01 -9.182352423667907715e-01 -9.421194791793823242e-01 -9.622387290000915527e-01 -9.785126447677612305e-01 -9.908732175827026367e-01 -9.992702603340148926e-01 -1.003669619560241699e+00 -1.004053354263305664e+00 -1.000420808792114258e+00 -9.927854537963867188e-01 -9.811795353889465332e-01 -9.656496644020080566e-01 -9.462596178054809570e-01 -9.230853915214538574e-01 -8.962218761444091797e-01 -8.657764792442321777e-01 -8.318699598312377930e-01 -7.946390509605407715e-01 -7.542316317558288574e-01 -7.108094096183776855e-01 -6.645451188087463379e-01 -6.156248450279235840e-01 -5.642427206039428711e-01 -5.106049776077270508e-01 -4.549266397953033447e-01 -3.974296450614929199e-01 -3.383447229862213135e-01 -2.779084444046020508e-01 -2.163628637790679932e-01 -1.539542824029922485e-01 -9.093225002288818359e-02 -2.754953131079673767e-02 3.594098985195159912e-02 9.928477555513381958e-02 1.622295379638671875e-01 2.245226502418518066e-01 2.859159409999847412e-01 3.461633324623107910e-01 4.050250649452209473e-01 4.622646272182464600e-01 5.176541805267333984e-01 5.709709525108337402e-01 6.220030784606933594e-01 6.705447435379028320e-01 7.164033055305480957e-01 7.593947052955627441e-01 7.993461489677429199e-01 8.360988497734069824e-01 8.695057630538940430e-01 8.994333744049072266e-01 9.257618188858032227e-01 9.483863711357116699e-01 9.672157168388366699e-01 9.821758866310119629e-01 9.932065606117248535e-01 1.000263452529907227e+00 1.003318786621093750e+00 1.002360343933105469e+00 9.973917603492736816e-01 9.884336590766906738e-01 9.755215048789978027e-01 9.587084650993347168e-01 9.380616545677185059e-01 9.136648178100585938e-01 8.856162428855895996e-01 8.540294170379638672e-01 8.190308213233947754e-01 7.807608842849731445e-01 7.393730282783508301e-01 6.950325965881347656e-01 6.479162573814392090e-01 5.982124209403991699e-01 5.461191534996032715e-01 4.918452203273773193e-01 4.356096684932708740e-01 3.776375055313110352e-01 3.181647658348083496e-01 2.574319541454315186e-01 1.956864595413208008e-01 1.331775784492492676e-01 7.015822082757949829e-02 6.877601146697998047e-03
-1.222535967826843262e-03 -6.472285836935043335e-02 -1.279778331518173218e-01 -1.907343864440917969e-01 -2.527373731136322021e-01 -3.137351274490356445e-01 -3.734786808490753174e-01 -4.317253530025482178e-01 -4.882375895977020264e-01 -5.427879691123962402e-01 -5.951566696166992188e-01 -6.451330780982971191e-01 -6.925183534622192383e-01 -7.371222972869873047e-01 -7.787660360336303711e-01 -8.172831535339355469e-01 -8.525179028511047363e-01 -8.843289017677307129e-01 -9.125862121582031250e-01 -9.371758103370666504e-01 -9.579967856407165527e-01 -9.749633669853210449e-01 -9.880075454711914062e-01 -9.970750808715820312e-01 -1.002129316329956055e+00 -1.003149032592773438e+00 -1.000130772590637207e+00 -9.930864572525024414e-01 -9.820456504821777344e-01 -9.670524597167968750e-01 -9.481686353683471680e-01 -9.254692196846008301e-01 -8.990465998649597168e-01 -8.690065145492553711e-01 -8.354699611663818359e-01 -7.985708713531494141e-01 -7.584582567214965820e-01 -7.152920961380004883e-01 -6.692463159561157227e-01 -6.205058097839355469e-01 -5.692662000656127930e-01 -5.157336592674255371e-01 -4.601237177848815918e-01 -4.026611149311065674e-01 -3.435769677162170410e-01 -2.831090092658996582e-01 -2.215014994144439697e-01 -1.590028107166290283e-01 -9.586453437805175781e-02 -3.234161809086799622e-02 3.131047636270523071e-02 9.483536332845687866e-02 1.579777300357818604e-01 2.204827964305877686e-01 2.820994257926940918e-01 3.425795137882232666e-01 4.016793966293334961e-01 4.591617286205291748e-01 5.147947072982788086e-01 5.683546662330627441e-01 6.196252703666687012e-01 6.684004068374633789e-01 7.144838571548461914e-01 7.576895356178283691e-01 7.978433966636657715e-01 8.347848653793334961e-01 8.683642745018005371e-01 8.984467387199401855e-01 9.249117374420166016e-01 9.476528167724609375e-01 9.665787220001220703e-01 9.816126823425292969e-01 9.926946163177490234e-01 9.997807741165161133e-01 1.002841711044311523e+00 1.001865744590759277e+00 9.968569278717041016e-01 9.878354072570800781e-01 9.748381376266479492e-01 9.579174518585205078e-01 9.371433258056640625e-01 9.125990271568298340e-01 8.843849301338195801e-01 8.526152372360229492e-01 8.174179792404174805e-01 7.789352536201477051e-01 7.373227477073669434e-01 6.927469372749328613e-01 6.453871726989746094e-01 5.954340100288391113e-01 5.430871844291687012e-01 4.885583221912384033e-01 4.320680797100067139e-01 3.738447427749633789e-01 3.141258955001831055e-01 2.531555294990539551e-01 1.911827027797698975e-01 1.284601390361785889e-01 6.524082273244857788e-02 1.777738332748413086e-03
4.605874419212341309e-03 -5.885291099548339844e-02 -1.220733076333999634e-01 -1.848026216030120850e-01 -2.467863261699676514e-01 -3.077735304832458496e-01 -3.675149381160736084e-01 -4.257665872573852539e-01 -4.822939038276672363e-01 -5.368676781654357910e-01 -5.892690420150756836e-01 -6.392869949340820312e-01 -6.867228150367736816e-01 -7.313868403434753418e-01 -7.730998396873474121e-01 -8.116952180862426758e-01 -8.470184803009033203e-01 -8.789265751838684082e-01 -9.072914123535156250e-01 -9.319973587989807129e-01 -9.529442787170410156e-01 -9.700472354888916016e-01 -9.832355976104736328e-01 -9.924564957618713379e-01 -9.976731538772583008e-01 -9.988629817962646484e-01 -9.960229992866516113e-01 -9.891645908355712891e-01 -9.783161878585815430e-01 -9.635224938392639160e-01 -9.448434114456176758e-01 -9.223542809486389160e-01 -8.961464762687683105e-01 -8.663256168365478516e-01 -8.330117464065551758e-01 -7.963390350341796875e-01 -7.564541697502136230e-01 -7.135186791419982910e-01 -6.677044630050659180e-01 -6.191962957382202148e-01 -5.681898593902587891e-01 -5.148906111717224121e-01 -4.595130980014801025e-01 -4.022810757160186768e-01 -3.434261381626129150e-01 -2.831855416297912598e-01 -2.218022048473358154e-01 -1.595244407653808594e-01 -9.660348296165466309e-02 -3.329313546419143677e-02 3.015125542879104614e-02 9.347351640462875366e-02 1.564189195632934570e-01 2.187336683273315430e-01 2.801664471626281738e-01 3.404697775840759277e-01 3.994003236293792725e-01 4.567205607891082764e-01 5.121999979019165039e-01 5.656139254570007324e-01 6.167473196983337402e-01 6.653938293457031250e-01 7.113566398620605469e-01 7.544507384300231934e-01 7.945020794868469238e-01 8.313496708869934082e-01 8.648435473442077637e-01 8.948498964309692383e-01 9.212469458580017090e-01 9.439284205436706543e-01 9.628035426139831543e-01 9.777950644493103027e-01 9.888426661491394043e-01 9.959023594856262207e-01 9.989449381828308105e-01 9.979571700096130371e-01 9.929440617561340332e-01 9.839248061180114746e-01 9.709363579750061035e-01 9.540310502052307129e-01 9.332769513130187988e-01 9.087586998939514160e-01 8.805745840072631836e-01 8.488398194313049316e-01 8.136811852455139160e-01 7.752404808998107910e-01 7.336727976799011230e-01 6.891437172889709473e-01 6.418332457542419434e-01 5.919303297996520996e-01 5.396350622177124023e-01 4.851582348346710205e-01 4.287208318710327148e-01 3.705494105815887451e-01 3.108824789524078369e-01 2.499635517597198486e-01 1.880399286746978760e-01 1.253653466701507568e-01 6.219267100095748901e-02 -1.226373016834259033e-03
-1.028984412550926208e-02 -7.364926487207412720e-02 -1.367463171482086182e-01 -1.993287801742553711e-01 -2.611451447010040283e-01 -3.219442367553710938e-01 -3.814795613288879395e-01 -4.395102858543395996e-01 -4.958023428916931152e-01 -5.501299500465393066e-01 -6.022754907608032227e-01 -6.520304679870605469e-01 -6.991986036300659180e-01 -7.435905933380126953e-01 -7.850306630134582520e-01 -8.233538269996643066e-01 -8.584067821502685547e-01 -8.900478482246398926e-01 -9.181506633758544922e-01 -9.426011443138122559e-01 -9.633005857467651367e-01 -9.801641106605529785e-01 -9.931237697601318359e-01 -1.002126574516296387e+00 -1.007137179374694824e+00 -1.008133769035339355e+00 -1.005112648010253906e+00 -9.980866312980651855e-01 -9.870840907096862793e-01 -9.721493124961853027e-01 -9.533420801162719727e-01 -9.307376742362976074e-01 -9.044265747070312500e-01 -8.745132684707641602e-01 -8.411170840263366699e-01 -8.043709993362426758e-01 -7.644209265708923340e-01 -7.214259505271911621e-01 -6.755567193031311035e-01 -6.269963979721069336e-01 -5.759380459785461426e-01 -5.225854516029357910e-01 -4.671522080898284912e-01 -4.098590612411499023e-01 -3.509348034858703613e-01 -2.906151413917541504e-01 -2.291409969329833984e-01 -1.667580306529998779e-01 -1.037147417664527893e-01 -4.026325047016143799e-02 2.334284037351608276e-02 8.685114234685897827e-02 1.500074267387390137e-01 2.125605046749114990e-01 2.742609381675720215e-01 3.348629176616668701e-01 3.941246569156646729e-01 4.518097937107086182e-01 5.076891779899597168e-01 5.615392327308654785e-01 6.131447553634643555e-01 6.623008847236633301e-01 7.088106274604797363e-01 7.524889707565307617e-01 7.931615114212036133e-01 8.306654095649719238e-01 8.648514151573181152e-01 8.955827355384826660e-01 9.227374792098999023e-01 9.462072253227233887e-01 9.658970236778259277e-01 9.817301630973815918e-01 9.936421513557434082e-01 1.001585841178894043e+00 1.005529522895812988e+00 1.005457520484924316e+00 1.001370072364807129e+00 9.932842850685119629e-01 9.812327027320861816e-01 9.652646183967590332e-01 9.454446434974670410e-01 9.218533039093017578e-01 8.945859670639038086e-01 8.637535572052001953e-01 8.294799327850341797e-01 7.919040918350219727e-01 7.511761188507080078e-01 7.074596881866455078e-01 6.609305739402770996e-01 6.117746233940124512e-01 5.601887702941894531e-01 5.063800215721130371e-01 4.505659043788909912e-01 3.929705023765563965e-01 3.338288664817810059e-01 2.733805775642395020e-01 2.118723094463348389e-01 1.495526432991027832e-01 8.667483180761337280e-02 2.348851412534713745e-02
-2.620421350002288818e-03 -6.601765751838684082e-02 -1.291554719209671021e-01 -1.917822659015655518e-01 -2.536437213420867920e-01 -3.144887983798980713e-01 -3.740706741809844971e-01 -4.321465194225311279e-01 -4.884814918041229248e-01 -5.428490042686462402e-01 -5.950302481651306152e-01 -6.448165774345397949e-01 -6.920098662376403809e-01 -7.364205121994018555e-01 -7.778721451759338379e-01 -8.161984682083129883e-01 -8.512453436851501465e-01 -8.828719854354858398e-01 -9.109507799148559570e-01 -9.353670477867126465e-01 -9.560222625732421875e-01 -9.728323817253112793e-01 -9.857283830642700195e-01 -9.946576356887817383e-01 -9.995844960212707520e-01 -1.000489354133605957e+00 -9.973681569099426270e-01 -9.902343750000000000e-01 -9.791172146797180176e-01 -9.640626907348632812e-01 -9.451314806938171387e-01 -9.224002361297607422e-01 -8.959600329399108887e-01 -8.659178614616394043e-01 -8.323943614959716797e-01 -7.955239415168762207e-01 -7.554541230201721191e-01 -7.123462557792663574e-01 -6.663731932640075684e-01 -6.177195906639099121e-01 -5.665808916091918945e-01 -5.131626129150390625e-01 -4.576797783374786377e-01 -4.003556370735168457e-01 -3.414216637611389160e-01 -2.811146080493927002e-01 -2.196767628192901611e-01 -1.573566496372222900e-01 -9.440457075834274292e-02 -3.107413277029991150e-02 3.238031268119812012e-02 9.570349007844924927e-02 1.586408019065856934e-01 2.209390103816986084e-01 2.823481261730194092e-01 3.426212668418884277e-01 4.015157222747802734e-01 4.587951600551605225e-01 5.142287611961364746e-01 5.675942301750183105e-01 6.186759471893310547e-01 6.672689914703369141e-01 7.131773233413696289e-01 7.562168836593627930e-01 7.962139248847961426e-01 8.330077528953552246e-01 8.664503097534179688e-01 8.964076638221740723e-01 9.227590560913085938e-01 9.453985095024108887e-01 9.642348885536193848e-01 9.791926741600036621e-01 9.902113080024719238e-01 9.972469210624694824e-01 1.000270485877990723e+00 9.992704987525939941e-01 9.942496418952941895e-01 9.852283596992492676e-01 9.722439646720886230e-01 9.553484320640563965e-01 9.346095919609069824e-01 9.101125001907348633e-01 8.819550871849060059e-01 8.502518534660339355e-01 8.151298761367797852e-01 7.767308354377746582e-01 7.352082133293151855e-01 6.907286643981933594e-01 6.434708237648010254e-01 5.936237573623657227e-01 5.413861274719238281e-01 4.869688451290130615e-01 4.305910766124725342e-01 3.724800646305084229e-01 3.128729760646820068e-01 2.520119845867156982e-01 1.901450753211975098e-01 1.275241076946258545e-01 6.440224498510360718e-02 1.029707491397857666e-03
-2.056360244750976562e-06 -6.342539936304092407e-02 -1.265970468521118164e-01 -1.892646253108978271e-01 -2.511748969554901123e-01 -3.120754957199096680e-01 -3.717184662818908691e-01 -4.298619627952575684e-01 -4.862694740295410156e-01 -5.407153367996215820e-01 -5.929799079895019531e-01 -6.428533196449279785e-01 -6.901377439498901367e-01 -7.346436977386474609e-01 -7.761929035186767578e-01 -8.146197199821472168e-01 -8.497691154479980469e-01 -8.815001249313354492e-01 -9.096841812133789062e-01 -9.342067241668701172e-01 -9.549681544303894043e-01 -9.718837141990661621e-01 -9.848851561546325684e-01 -9.939187169075012207e-01 -9.989479184150695801e-01 -9.999533891677856445e-01 -9.969304800033569336e-01 -9.898930191993713379e-01 -9.788693189620971680e-01 -9.639043211936950684e-01 -9.450592994689941406e-01 -9.224104881286621094e-01 -8.960489034652709961e-01 -8.660810589790344238e-01 -8.326273560523986816e-01 -7.958218455314636230e-01 -7.558125853538513184e-01 -7.127600312232971191e-01 -6.668368577957153320e-01 -6.182276606559753418e-01 -5.671287178993225098e-01 -5.137447118759155273e-01 -4.582913517951965332e-01 -4.009920954704284668e-01 -3.420774638652801514e-01 -2.817852497100830078e-01 -2.203586995601654053e-01 -1.580453515052795410e-01 -9.509625285863876343e-02 -3.176501765847206116e-02 3.169313073158264160e-02 9.502290934324264526e-02 1.579693555831909180e-01 2.202792167663574219e-01 2.817018926143646240e-01 3.419900536537170410e-01 4.009012281894683838e-01 4.581981897354125977e-01 5.136501789093017578e-01 5.670341253280639648e-01 6.181348562240600586e-01 6.667466163635253906e-01 7.126735448837280273e-01 7.557306885719299316e-01 7.957442998886108398e-01 8.325536847114562988e-01 8.660106062889099121e-01 8.959800004959106445e-01 9.223421812057495117e-01 9.449898600578308105e-01 9.638327956199645996e-01 9.787943959236145020e-01 9.898150563240051270e-01 9.968490004539489746e-01 9.998694062232971191e-01 9.988629221916198730e-01 9.938331246376037598e-01 9.848011136054992676e-01 9.718026518821716309e-01 9.548906683921813965e-01 9.341341853141784668e-01 9.096158146858215332e-01 8.814359903335571289e-01 8.497080206871032715e-01 8.145598769187927246e-01 7.761330604553222656e-01 7.345818877220153809e-01 6.900727152824401855e-01 6.427834630012512207e-01 5.929051041603088379e-01 5.406358242034912109e-01 4.861866831779479980e-01 4.297771453857421875e-01 3.716353178024291992e-01 3.119973540306091309e-01 2.511070072650909424e-01 1.892129480838775635e-01 1.265658438205718994e-01 6.341964751482009888e-02 2.505630254745483398e-05
-1.065433025360107422e-06 -6.342438608407974243e-02 -1.265959441661834717e-01 -1.892637014389038086e-01 -2.511736750602722168e-01 -3.120743632316589355e-01 -3.717181980609893799e-01 -4.298614859580993652e-01 -4.862703084945678711e-01 -5.407157540321350098e-01 -5.929799079895019531e-01 -6.428536176681518555e-01 -6.901375055313110352e-01 -7.346422672271728516e-01 -7.761907577514648438e-01 -8.146164417266845703e-01 -8.497645854949951172e-01 -8.814938068389892578e-01 -9.096764326095581055e-01 -9.341974258422851562e-01 -9.549574851989746094e-01 -9.718714952468872070e-01 -9.848710298538208008e-01 -9.939033985137939453e-01 -9.989316463470458984e-01 -9.999359846115112305e-01 -9.969121217727661133e-01 -9.898737668991088867e-01 -9.788482189178466797e-01 -9.638826847076416016e-01 -9.450361728668212891e-01 -9.223858118057250977e-01 -8.960224390029907227e-01 -8.660531044006347656e-01 -8.325972557067871094e-01 -7.957897186279296875e-01 -7.557778358459472656e-01 -7.127233743667602539e-01 -6.667978763580322266e-01 -6.181869506835937500e-01 -5.670862197875976562e-01 -5.137004256248474121e-01 -4.582459032535552979e-01 -4.009452164173126221e-01 -3.420295119285583496e-01 -2.817363440990447998e-01 -2.203090935945510864e-01 -1.579952239990234375e-01 -9.504601359367370605e-02 -3.171376883983612061e-02 3.174487501382827759e-02 9.507596492767333984e-02 1.580233573913574219e-01 2.203345000743865967e-01 2.817584574222564697e-01 3.420483171939849854e-01 4.009610116481781006e-01 4.582602083683013916e-01 5.137137174606323242e-01 5.670998096466064453e-01 6.182025671005249023e-01 6.668159961700439453e-01 7.127443552017211914e-01 7.558031082153320312e-01 7.958180904388427734e-01 8.326284885406494141e-01 8.660862445831298828e-01 8.960570096969604492e-01 9.224193096160888672e-01 9.450675249099731445e-01 9.639112949371337891e-01 9.788731336593627930e-01 9.898937940597534180e-01 9.969284534454345703e-01 9.999492168426513672e-01 9.989428520202636719e-01 9.939136505126953125e-01 9.848823547363281250e-01 9.718846082687377930e-01 9.549731016159057617e-01 9.342170953750610352e-01 9.097002744674682617e-01 8.815208673477172852e-01 8.497931957244873047e-01 8.146458864212036133e-01 7.762194871902465820e-01 7.346684932708740234e-01 6.901596784591674805e-01 6.428709030151367188e-01 5.929919481277465820e-01 5.407222509384155273e-01 4.862726032733917236e-01 4.298622310161590576e-01 3.717200160026550293e-01 3.120815157890319824e-01 2.511904239654541016e-01 1.892959177494049072e-01 1.266482472419738770e-01 6.350125372409820557e-02 1.066923141479492188e-04
1.104682683944702148e-03 -6.229881197214126587e-02 -1.254499256610870361e-01 -1.880979984998703003e-01 -2.499877363443374634e-01 -3.108680844306945801e-01 -3.704923093318939209e-01 -4.286170303821563721e-01 -4.850068092346191406e-01 -5.394353866577148438e-01 -5.916830301284790039e-01 -6.415411233901977539e-01 -6.888107061386108398e-01 -7.333025932312011719e-01 -7.748401165008544922e-01 -8.132560253143310547e-01 -8.483967781066894531e-01 -8.801207542419433594e-01 -9.083000421524047852e-01 -9.328206777572631836e-01 -9.535832405090332031e-01 -9.705032110214233398e-01 -9.835113286972045898e-01 -9.925554990768432617e-01 -9.975993633270263672e-01 -9.986222982406616211e-01 -9.956207275390625000e-01 -9.886076450347900391e-01 -9.776115417480468750e-01 -9.626780748367309570e-01 -9.438667297363281250e-01 -9.212548732757568359e-01 -8.949325084686279297e-01 -8.650071620941162109e-01 -8.315978050231933594e-01 -7.948396205902099609e-01 -7.548799514770507812e-01 -7.118788957595825195e-01 -6.660097837448120117e-01 -6.174578666687011719e-01 -5.664172172546386719e-01 -5.130941867828369141e-01 -4.577035009860992432e-01 -4.004688858985900879e-01 -3.416204452514648438e-01 -2.813960611820220947e-01 -2.200383841991424561e-01 -1.577947139739990234e-01 -9.491615742444992065e-02 -3.165549412369728088e-02 3.173186630010604858e-02 9.499144554138183594e-02 1.578682363033294678e-01 2.201094627380371094e-01 2.814640700817108154e-01 3.416859805583953857e-01 4.005319476127624512e-01 4.577658474445343018e-01 5.131565332412719727e-01 5.664814710617065430e-01 6.175252199172973633e-01 6.660822629928588867e-01 7.119562625885009766e-01 7.549635171890258789e-01 7.949301004409790039e-01 8.316944837570190430e-01 8.651094436645507812e-01 8.950401544570922852e-01 9.213658571243286133e-01 9.439808130264282227e-01 9.627935886383056641e-01 9.777284860610961914e-01 9.887249469757080078e-01 9.957388639450073242e-01 9.987417459487915039e-01 9.977209568023681641e-01 9.926809072494506836e-01 9.836411476135253906e-01 9.706376791000366211e-01 9.537247419357299805e-01 9.329690933227539062e-01 9.084548950195312500e-01 8.802816867828369141e-01 8.485627174377441406e-01 8.134255409240722656e-01 7.750118970870971680e-01 7.334744930267333984e-01 6.889814138412475586e-01 6.417095661163330078e-01 5.918484926223754883e-01 5.395985841751098633e-01 4.851687252521514893e-01 4.287792742252349854e-01 3.706580102443695068e-01 3.110413253307342529e-01 2.501724362373352051e-01 1.882990598678588867e-01 1.256735622882843018e-01 6.254883110523223877e-02 -8.247792720794677734e-04
3.383286297321319580e-03 -6.011619046330451965e-02 -1.233780607581138611e-01 -1.861490756273269653e-01 -2.481766790151596069e-01 -3.092064261436462402e-01 -3.689907193183898926e-01 -4.272855520248413086e-01 -4.838544130325317383e-01 -5.384690761566162109e-01 -5.909102559089660645e-01 -6.409660577774047852e-01 -6.884375810623168945e-01 -7.331342101097106934e-01 -7.748769521713256836e-01 -8.134979605674743652e-01 -8.488428592681884766e-01 -8.807681798934936523e-01 -9.091442227363586426e-01 -9.338561296463012695e-01 -9.548036456108093262e-01 -9.719008207321166992e-01 -9.850774407386779785e-01 -9.942811727523803711e-01 -9.994735121726989746e-01 -1.000634789466857910e+00 -9.977597594261169434e-01 -9.908615946769714355e-01 -9.799681305885314941e-01 -9.651242494583129883e-01 -9.463903307914733887e-01 -9.238420128822326660e-01 -8.975706100463867188e-01 -8.676819801330566406e-01 -8.342962265014648438e-01 -7.975472807884216309e-01 -7.575826644897460938e-01 -7.145635485649108887e-01 -6.686623692512512207e-01 -6.200636029243469238e-01 -5.689632892608642578e-01 -5.155670046806335449e-01 -4.600900411605834961e-01 -4.027567505836486816e-01 -3.437975645065307617e-01 -2.834512293338775635e-01 -2.219614833593368530e-01 -1.595763564109802246e-01 -9.654763340950012207e-02 -3.312959149479866028e-02 3.042148053646087646e-02 9.384933114051818848e-02 1.568983942270278931e-01 2.193143218755722046e-01 2.808454036712646484e-01 3.412437438964843750e-01 4.002655148506164551e-01 4.576730132102966309e-01 5.132343769073486328e-01 5.667251944541931152e-01 6.179302334785461426e-01 6.666429638862609863e-01 7.126662731170654297e-01 7.558149695396423340e-01 7.959150075912475586e-01 8.328045010566711426e-01 8.663355708122253418e-01 8.963720202445983887e-01 9.227930903434753418e-01 9.454931020736694336e-01 9.643800258636474609e-01 9.793766736984252930e-01 9.904236793518066406e-01 9.974759817123413086e-01 1.000504255294799805e+00 9.994969367980957031e-01 9.944570064544677734e-01 9.854048490524291992e-01 9.723778963088989258e-01 9.554282426834106445e-01 9.346244335174560547e-01 9.100520610809326172e-01 8.818096518516540527e-01 8.500122427940368652e-01 8.147880434989929199e-01 7.762797474861145020e-01 7.346423864364624023e-01 6.900429129600524902e-01 6.426610946655273438e-01 5.926872491836547852e-01 5.403220653533935547e-01 4.857765436172485352e-01 4.292713403701782227e-01 3.710355758666992188e-01 3.113071322441101074e-01 2.503292560577392578e-01 1.883507519960403442e-01 1.256249248981475830e-01 6.240442395210266113e-02 -1.058772206306457520e-03
4.009068012237548828e-03 -5.943705141544342041e-02 -1.226349472999572754e-01 -1.853327751159667969e-01 -2.472756803035736084e-01 -3.082116246223449707e-01 -3.678923249244689941e-01 -4.260753393173217773e-01 -4.825235605239868164e-01 -5.370104312896728516e-01 -5.893160700798034668e-01 -6.392297148704528809e-01 -6.865538358688354492e-01 -7.310978770256042480e-01 -7.726835608482360840e-01 -8.111438751220703125e-01 -8.463250398635864258e-01 -8.780842423439025879e-01 -9.062929749488830566e-01 -9.308369755744934082e-01 -9.516163468360900879e-01 -9.685457348823547363e-01 -9.815570116043090820e-01 -9.905965924263000488e-01 -9.956284761428833008e-01 -9.966320395469665527e-01 -9.936040043830871582e-01 -9.865577220916748047e-01 -9.755215048789978027e-01 -9.605414867401123047e-01 -9.416781067848205566e-01 -9.190085530281066895e-01 -8.926247358322143555e-01 -8.626329898834228516e-01 -8.291543722152709961e-01 -7.923232913017272949e-01 -7.522892951965332031e-01 -7.092131972312927246e-01 -6.632688045501708984e-01 -6.146413087844848633e-01 -5.635281205177307129e-01 -5.101345181465148926e-01 -4.546777009963989258e-01 -3.973806202411651611e-01 -3.384769260883331299e-01 -2.782042026519775391e-01 -2.168060541152954102e-01 -1.545315980911254883e-01 -9.163261204957962036e-02 -2.836275100708007812e-02 3.502143174409866333e-02 9.826441854238510132e-02 1.611105799674987793e-01 2.233060896396636963e-01 2.845996022224426270e-01 3.447443246841430664e-01 4.034966826438903809e-01 4.606196284294128418e-01 5.158825516700744629e-01 5.690621137619018555e-01 6.199432611465454102e-01 6.683205366134643555e-01 7.139980792999267578e-01 7.567920088768005371e-01 7.965284585952758789e-01 8.330479264259338379e-01 8.662021756172180176e-01 8.958578109741210938e-01 9.218948483467102051e-01 9.442080259323120117e-01 9.627066850662231445e-01 9.773166179656982422e-01 9.879778623580932617e-01 9.946472644805908203e-01 9.972971677780151367e-01 9.959170818328857422e-01 9.905111789703369141e-01 9.811017513275146484e-01 9.677259922027587891e-01 9.504381418228149414e-01 9.293081760406494141e-01 9.044216871261596680e-01 8.758787512779235840e-01 8.437956571578979492e-01 8.083008527755737305e-01 7.695372700691223145e-01 7.276613116264343262e-01 6.828403472900390625e-01 6.352547407150268555e-01 5.850939750671386719e-01 5.325604081153869629e-01 4.778651595115661621e-01 4.212287962436676025e-01 3.628802597522735596e-01 3.030577003955841064e-01 2.420047521591186523e-01 1.799696683883666992e-01 1.172059103846549988e-01 5.396581441164016724e-02 -9.498897939920425415e-03
9.483098983764648438e-04 -6.246110796928405762e-02 -1.256197988986968994e-01 -1.882748603820800781e-01 -2.501729428768157959e-01 -3.110621869564056396e-01 -3.706953525543212891e-01 -4.288304746150970459e-01 -4.852315783500671387e-01 -5.396718978881835938e-01 -5.919328927993774414e-01 -6.418045759201049805e-01 -6.890891790390014648e-01 -7.335960268974304199e-01 -7.751489877700805664e-01 -8.135809898376464844e-01 -8.487375378608703613e-01 -8.804771304130554199e-01 -9.086713194847106934e-01 -9.332059025764465332e-01 -9.539807438850402832e-01 -9.709126949310302734e-01 -9.839308857917785645e-01 -9.929836392402648926e-01 -9.980343580245971680e-01 -9.990630745887756348e-01 -9.960659146308898926e-01 -9.890558123588562012e-01 -9.780616164207458496e-01 -9.631292819976806641e-01 -9.443176984786987305e-01 -9.217049479484558105e-01 -8.953810930252075195e-01 -8.654527664184570312e-01 -8.320403695106506348e-01 -7.952778339385986328e-01 -7.553129196166992188e-01 -7.123060822486877441e-01 -6.664301753044128418e-01 -6.178695559501647949e-01 -5.668201446533203125e-01 -5.134865045547485352e-01 -4.580842554569244385e-01 -4.008364975452423096e-01 -3.419742286205291748e-01 -2.817343771457672119e-01 -2.203602492809295654e-01 -1.580989509820938110e-01 -9.520157426595687866e-02 -3.192119672894477844e-02 3.148682415485382080e-02 9.476762264966964722e-02 1.576666831970214844e-01 2.199299931526184082e-01 2.813082635402679443e-01 3.415533304214477539e-01 4.004228413105010986e-01 4.576804041862487793e-01 5.130946636199951172e-01 5.664424300193786621e-01 6.175091266632080078e-01 6.660889387130737305e-01 7.119855880737304688e-01 7.550144791603088379e-01 7.950022816658020020e-01 8.317877054214477539e-01 8.652230501174926758e-01 8.951730132102966309e-01 9.215177297592163086e-01 9.441507458686828613e-01 9.629809260368347168e-01 9.779326319694519043e-01 9.889447093009948730e-01 9.959730505943298340e-01 9.989891648292541504e-01 9.979806542396545410e-01 9.929508566856384277e-01 9.839207530021667480e-01 9.709256291389465332e-01 9.540191292762756348e-01 9.332687258720397949e-01 9.087591767311096191e-01 8.805886507034301758e-01 8.488716483116149902e-01 8.137360215187072754e-01 7.753221988677978516e-01 7.337849736213684082e-01 6.892911195755004883e-01 6.420173645019531250e-01 5.921545028686523438e-01 5.399016737937927246e-01 4.854685664176940918e-01 4.290754795074462891e-01 3.709492385387420654e-01 3.113276362419128418e-01 2.504522800445556641e-01 1.885725557804107666e-01 1.259397268295288086e-01 6.280731409788131714e-02 -5.742013454437255859e-04
1.150876283645629883e-03 -6.230311840772628784e-02 -1.255132257938385010e-01 -1.882281303405761719e-01 -2.501929402351379395e-01 -3.111564517021179199e-01 -3.708704113960266113e-01 -4.290927052497863770e-01 -4.855861663818359375e-01 -5.401244759559631348e-01 -5.924876332283020020e-01 -6.424653530120849609e-01 -6.898586750030517578e-01 -7.344769835472106934e-01 -7.761423587799072266e-01 -8.146868944168090820e-01 -8.499566316604614258e-01 -8.818077445030212402e-01 -9.101117849349975586e-01 -9.347534179687500000e-01 -9.556332230567932129e-01 -9.726642370223999023e-01 -9.857780933380126953e-01 -9.949214458465576172e-01 -1.000057101249694824e+00 -1.001163840293884277e+00 -9.982379078865051270e-01 -9.912922978401184082e-01 -9.803548455238342285e-01 -9.654703140258789062e-01 -9.467000365257263184e-01 -9.241183996200561523e-01 -8.978182673454284668e-01 -8.679044842720031738e-01 -8.344973921775817871e-01 -7.977316379547119141e-01 -7.577546834945678711e-01 -7.147268652915954590e-01 -6.688215136528015137e-01 -6.202230453491210938e-01 -5.691264867782592773e-01 -5.157388448715209961e-01 -4.602738022804260254e-01 -4.029554128646850586e-01 -3.440150618553161621e-01 -2.836900949478149414e-01 -2.222234159708023071e-01 -1.598631292581558228e-01 -9.686003625392913818e-02 -3.346804901957511902e-02 3.005764633417129517e-02 9.346133470535278320e-02 1.564879417419433594e-01 2.188836187124252319e-01 2.803977727890014648e-01 3.407826423645019531e-01 3.997948765754699707e-01 4.571966528892517090e-01 5.127571821212768555e-01 5.662530064582824707e-01 6.174678802490234375e-01 6.661947965621948242e-01 7.122383117675781250e-01 7.554123997688293457e-01 7.955430150032043457e-01 8.324690461158752441e-01 8.660414814949035645e-01 8.961243033409118652e-01 9.225980639457702637e-01 9.453551769256591797e-01 9.643040895462036133e-01 9.793685674667358398e-01 9.904882907867431641e-01 9.976172447204589844e-01 1.000727891921997070e+00 9.998068809509277344e-01 9.948577880859375000e-01 9.859009981155395508e-01 9.729722738265991211e-01 9.561249017715454102e-01 9.354264736175537109e-01 9.109614491462707520e-01 8.828287720680236816e-01 8.511419296264648438e-01 8.160302042961120605e-01 7.776334881782531738e-01 7.361071705818176270e-01 6.916181445121765137e-01 6.443441510200500488e-01 5.944758057594299316e-01 5.422120690345764160e-01 4.877647757530212402e-01 4.313533902168273926e-01 3.732062578201293945e-01 3.135604858398437500e-01 2.526596784591674805e-01 1.907519251108169556e-01 1.280904859304428101e-01 6.492762267589569092e-02 1.515597105026245117e-03
1.610152423381805420e-03 -6.182915344834327698e-02 -1.250248402357101440e-01 -1.877261698246002197e-01 -2.496786117553710938e-01 -3.106299638748168945e-01 -3.703333735466003418e-01 -4.285458028316497803e-01 -4.850304424762725830e-01 -5.395610928535461426e-01 -5.919179916381835938e-01 -6.418916583061218262e-01 -6.892825961112976074e-01 -7.339013218879699707e-01 -7.755703330039978027e-01 -8.141213655471801758e-01 -8.494011759757995605e-01 -8.812665939331054688e-01 -9.095900654792785645e-01 -9.342557191848754883e-01 -9.551644921302795410e-01 -9.722305536270141602e-01 -9.853853583335876465e-01 -9.945755600929260254e-01 -9.997628927230834961e-01 -1.000928044319152832e+00 -9.980663061141967773e-01 -9.911901354789733887e-01 -9.803269505500793457e-01 -9.655220508575439453e-01 -9.468350410461425781e-01 -9.243414402008056641e-01 -8.981319665908813477e-01 -8.683115243911743164e-01 -8.350002765655517578e-01 -7.983319759368896484e-01 -7.584525346755981445e-01 -7.155230045318603516e-01 -6.697151064872741699e-01 -6.212126016616821289e-01 -5.702104568481445312e-01 -5.169148445129394531e-01 -4.615388512611389160e-01 -4.043058156967163086e-01 -3.454465270042419434e-01 -2.851980924606323242e-01 -2.238034605979919434e-01 -1.615092009305953979e-01 -9.856623411178588867e-02 -3.522842749953269958e-02 2.824977040290832520e-02 9.161316603422164917e-02 1.546063423156738281e-01 2.169770896434783936e-01 2.784733772277832031e-01 3.388492465019226074e-01 3.978607058525085449e-01 4.552707970142364502e-01 5.108488798141479492e-01 5.643708705902099609e-01 6.156213879585266113e-01 6.643946170806884766e-01 7.104932665824890137e-01 7.537328600883483887e-01 7.939387559890747070e-01 8.309491872787475586e-01 8.646155595779418945e-01 8.948031067848205566e-01 9.213894605636596680e-01 9.442679882049560547e-01 9.633470773696899414e-01 9.785492420196533203e-01 9.898136854171752930e-01 9.970943927764892578e-01 1.000362396240234375e+00 9.996036291122436523e-01 9.948211908340454102e-01 9.860348701477050781e-01 9.732794761657714844e-01 9.566073417663574219e-01 9.360853433609008789e-01 9.117970466613769531e-01 8.838407397270202637e-01 8.523289561271667480e-01 8.173892498016357422e-01 7.791628241539001465e-01 7.378029227256774902e-01 6.934748291969299316e-01 6.463574171066284180e-01 5.966383218765258789e-01 5.445182919502258301e-01 4.902063310146331787e-01 4.339220225811004639e-01 3.758929967880249023e-01 3.163553178310394287e-01 2.555522322654724121e-01 1.937311291694641113e-01 1.311440765857696533e-01 6.804428249597549438e-02 4.682049155235290527e-03
-2.728208899497985840e-03 -6.612526625394821167e-02 -1.292631924152374268e-01 -1.918886601924896240e-01 -2.537492513656616211e-01 -3.145925998687744141e-01 -3.741721212863922119e-01 -4.322462081909179688e-01 -4.885793626308441162e-01 -5.429446101188659668e-01 -5.951233506202697754e-01 -6.449071764945983887e-01 -6.920977234840393066e-01 -7.365055680274963379e-01 -7.779534459114074707e-01 -8.162757754325866699e-01 -8.513183593750000000e-01 -8.829394578933715820e-01 -9.110122323036193848e-01 -9.354216456413269043e-01 -9.560697674751281738e-01 -9.728710055351257324e-01 -9.857577681541442871e-01 -9.946778416633605957e-01 -9.995958209037780762e-01 -1.000490903854370117e+00 -9.973601698875427246e-01 -9.902175664901733398e-01 -9.790920615196228027e-01 -9.640292525291442871e-01 -9.450899362564086914e-01 -9.223504066467285156e-01 -8.959029912948608398e-01 -8.658531904220581055e-01 -8.323224782943725586e-01 -7.954447865486145020e-01 -7.553680539131164551e-01 -7.122529745101928711e-01 -6.662726998329162598e-01 -6.176118850708007812e-01 -5.664660930633544922e-01 -5.130409598350524902e-01 -4.575514197349548340e-01 -4.002210199832916260e-01 -3.412809371948242188e-01 -2.809683382511138916e-01 -2.195259630680084229e-01 -1.572016775608062744e-01 -9.424570947885513306e-02 -3.091206029057502747e-02 3.254479914903640747e-02 9.586945176124572754e-02 1.588074564933776855e-01 2.211057245731353760e-01 2.825137674808502197e-01 3.427850604057312012e-01 4.016768634319305420e-01 4.589523077011108398e-01 5.143810510635375977e-01 5.677401423454284668e-01 6.188151240348815918e-01 6.674000024795532227e-01 7.132995724678039551e-01 7.563291192054748535e-01 7.963159680366516113e-01 8.330990076065063477e-01 8.665298819541931152e-01 8.964753746986389160e-01 9.228147268295288086e-01 9.454423189163208008e-01 9.642667770385742188e-01 9.792124032974243164e-01 9.902194738388061523e-01 9.972430467605590820e-01 1.000254869461059570e+00 9.992426633834838867e-01 9.942101240158081055e-01 9.851772785186767578e-01 9.721813201904296875e-01 9.552744626998901367e-01 9.345246553421020508e-01 9.100162386894226074e-01 8.818482756614685059e-01 8.501344323158264160e-01 8.150024414062500000e-01 7.765934467315673828e-01 7.350619435310363770e-01 6.905738711357116699e-01 6.433068513870239258e-01 5.934516191482543945e-01 5.412061810493469238e-01 4.867814779281616211e-01 4.303965568542480469e-01 3.722796738147735596e-01 3.126671612262725830e-01 2.518020868301391602e-01 1.899320483207702637e-01 1.273092180490493774e-01 6.418655812740325928e-02 8.142963051795959473e-04
-2.448633313179016113e-03 -6.584642827510833740e-02 -1.289844661951065063e-01 -1.916117370128631592e-01 -2.534738183021545410e-01 -3.143195807933807373e-01 -3.739014267921447754e-01 -4.319778680801391602e-01 -4.883136153221130371e-01 -5.426822900772094727e-01 -5.948647856712341309e-01 -6.446526050567626953e-01 -6.918476819992065430e-01 -7.362608313560485840e-01 -7.777145504951477051e-01 -8.160431981086730957e-01 -8.510919213294982910e-01 -8.827208280563354492e-01 -9.108006954193115234e-01 -9.352180361747741699e-01 -9.558741450309753418e-01 -9.726840853691101074e-01 -9.855791330337524414e-01 -9.945083856582641602e-01 -9.994348883628845215e-01 -1.000338912010192871e+00 -9.972172975540161133e-01 -9.900832772254943848e-01 -9.789662957191467285e-01 -9.639117717742919922e-01 -9.449805617332458496e-01 -9.222488999366760254e-01 -8.958094120025634766e-01 -8.657671213150024414e-01 -8.322432637214660645e-01 -7.953723669052124023e-01 -7.553021907806396484e-01 -7.121937274932861328e-01 -6.662200093269348145e-01 -6.175654530525207520e-01 -5.664259791374206543e-01 -5.130070447921752930e-01 -4.575241804122924805e-01 -4.002005457878112793e-01 -3.412671089172363281e-01 -2.809608578681945801e-01 -2.195252776145935059e-01 -1.572076976299285889e-01 -9.425834566354751587e-02 -3.093111142516136169e-02 3.251978754997253418e-02 9.583872556686401367e-02 1.587714552879333496e-01 2.210653275251388550e-01 2.824692130088806152e-01 3.427367210388183594e-01 4.016252756118774414e-01 4.588981866836547852e-01 5.143246650695800781e-01 5.676828622817993164e-01 6.187560558319091797e-01 6.673398613929748535e-01 7.132390737533569336e-01 7.562679648399353027e-01 7.962538003921508789e-01 8.330365419387817383e-01 8.664675354957580566e-01 8.964124917984008789e-01 9.227513670921325684e-01 9.453778862953186035e-01 9.642018675804138184e-01 9.791465401649475098e-01 9.901521801948547363e-01 9.971750378608703613e-01 1.000185132026672363e+00 9.991711974143981934e-01 9.941371083259582520e-01 9.851029515266418457e-01 9.721046090126037598e-01 9.551959633827209473e-01 9.344444870948791504e-01 9.099338650703430176e-01 8.817636966705322266e-01 8.500481843948364258e-01 8.149149417877197266e-01 7.765043973922729492e-01 7.349716424942016602e-01 6.904826760292053223e-01 6.432148814201354980e-01 5.933583378791809082e-01 5.411126017570495605e-01 4.866868853569030762e-01 4.303020238876342773e-01 3.721843361854553223e-01 3.125711083412170410e-01 2.517045736312866211e-01 1.898335069417953491e-01 1.272091567516326904e-01 6.408472359180450439e-02 7.104054093360900879e-04
-6.486177444458007812e-04 -6.405096501111984253e-02 -1.272004544734954834e-01 -1.898446530103683472e-01 -2.517301142215728760e-01 -3.126046955585479736e-01 -3.722222745418548584e-01 -4.303401112556457520e-01 -4.867224991321563721e-01 -5.411438941955566406e-01 -5.933845043182373047e-01 -6.432364583015441895e-01 -6.904999613761901855e-01 -7.349871397018432617e-01 -7.765193581581115723e-01 -8.149308562278747559e-01 -8.500676155090332031e-01 -8.817875385284423828e-01 -9.099630117416381836e-01 -9.344789981842041016e-01 -9.552360773086547852e-01 -9.721506237983703613e-01 -9.851540327072143555e-01 -9.941927194595336914e-01 -9.992302060127258301e-01 -1.000247120857238770e+00 -9.972397685050964355e-01 -9.902206063270568848e-01 -9.792186021804809570e-01 -9.642788767814636230e-01 -9.454620480537414551e-01 -9.228445291519165039e-01 -8.965164422988891602e-01 -8.665847182273864746e-01 -8.331687450408935547e-01 -7.964027523994445801e-01 -7.564343214035034180e-01 -7.134235501289367676e-01 -6.675429344177246094e-01 -6.189769506454467773e-01 -5.679211616516113281e-01 -5.145802497863769531e-01 -4.591691493988037109e-01 -4.019111692905426025e-01 -3.430365622043609619e-01 -2.827827632427215576e-01 -2.213923931121826172e-01 -1.591120064258575439e-01 -9.619335085153579712e-02 -3.288854286074638367e-02 3.054762631654739380e-02 9.385967999696731567e-02 1.567932963371276855e-01 2.190959453582763672e-01 2.805163562297821045e-01 3.408084511756896973e-01 3.997296988964080811e-01 4.570427834987640381e-01 5.125170946121215820e-01 5.659295916557312012e-01 6.170654296875000000e-01 6.657186746597290039e-01 7.116934061050415039e-01 7.548050284385681152e-01 7.948794960975646973e-01 8.317564129829406738e-01 8.652864694595336914e-01 8.953357338905334473e-01 9.217832088470458984e-01 9.445221424102783203e-01 9.634619951248168945e-01 9.785252809524536133e-01 9.896523952484130859e-01 9.967972040176391602e-01 9.999315738677978516e-01 9.990423917770385742e-01 9.941327571868896484e-01 9.852226972579956055e-01 9.723482131958007812e-01 9.555610418319702148e-01 9.349298477172851562e-01 9.105369448661804199e-01 8.824818730354309082e-01 8.508777618408203125e-01 8.158519864082336426e-01 7.775456309318542480e-01 7.361118793487548828e-01 6.917172670364379883e-01 6.445391178131103516e-01 5.947666764259338379e-01 5.425986647605895996e-01 4.882464706897735596e-01 4.319269955158233643e-01 3.738692104816436768e-01 3.143093585968017578e-01 2.534895837306976318e-01 1.916588544845581055e-01 1.290672421455383301e-01 6.596883386373519897e-02 2.614222466945648193e-03
3.279462456703186035e-03 -6.015165895223617554e-02 -1.233367025852203369e-01 -1.860239058732986450e-01 -2.479593008756637573e-01 -3.088907003402709961e-01 -3.685712218284606934e-01 -4.267573952674865723e-01 -4.832131266593933105e-01 -5.377118587493896484e-01 -5.900340080261230469e-01 -6.399703621864318848e-01 -6.873209476470947266e-01 -7.318975925445556641e-01 -7.735209465026855469e-01 -8.120249509811401367e-01 -8.472549915313720703e-01 -8.790680170059204102e-01 -9.073364734649658203e-01 -9.319458603858947754e-01 -9.527959227561950684e-01 -9.698019623756408691e-01 -9.828946590423583984e-01 -9.920214414596557617e-01 -9.971448183059692383e-01 -9.982448220252990723e-01 -9.953178763389587402e-01 -9.883757829666137695e-01 -9.774474501609802246e-01 -9.625780582427978516e-01 -9.438275098800659180e-01 -9.212723374366760254e-01 -8.950033187866210938e-01 -8.651259541511535645e-01 -8.317608237266540527e-01 -7.950421571731567383e-01 -7.551174759864807129e-01 -7.121471166610717773e-01 -6.663044691085815430e-01 -6.177738904953002930e-01 -5.667509436607360840e-01 -5.134417414665222168e-01 -4.580611586570739746e-01 -4.008329510688781738e-01 -3.419877886772155762e-01 -2.817634940147399902e-01 -2.204035222530364990e-01 -1.581551134586334229e-01 -9.526948630809783936e-02 -3.200005739927291870e-02 3.139781206846237183e-02 9.466892480850219727e-02 1.575581878423690796e-01 2.198122292757034302e-01 2.811803817749023438e-01 3.414153456687927246e-01 4.002743959426879883e-01 4.575200080871582031e-01 5.129210352897644043e-01 5.662546157836914062e-01 6.173055171966552734e-01 6.658669710159301758e-01 7.117435336112976074e-01 7.547506093978881836e-01 7.947140336036682129e-01 8.314725756645202637e-01 8.648790121078491211e-01 8.947975039482116699e-01 9.211083054542541504e-01 9.437050223350524902e-01 9.624966979026794434e-01 9.774073958396911621e-01 9.883762001991271973e-01 9.953592419624328613e-01 9.983279109001159668e-01 9.972696900367736816e-01 9.921887516975402832e-01 9.831052422523498535e-01 9.700557589530944824e-01 9.530933499336242676e-01 9.322854876518249512e-01 9.077178239822387695e-01 8.794884085655212402e-01 8.477120399475097656e-01 8.125163912773132324e-01 7.740435600280761719e-01 7.324473261833190918e-01 6.878947019577026367e-01 6.405638456344604492e-01 5.906448960304260254e-01 5.383375287055969238e-01 4.838525652885437012e-01 4.274092316627502441e-01 3.692364692687988281e-01 3.095713257789611816e-01 2.486566752195358276e-01 1.867413073778152466e-01 1.240767985582351685e-01 6.091739237308502197e-02 -2.487190067768096924e-03
7.064498960971832275e-03 -5.642650276422500610e-02 -1.196856200695037842e-01 -1.824600100517272949e-01 -2.444949150085449219e-01 -3.055378794670104980e-01 -3.653404712677001953e-01 -4.236585497856140137e-01 -4.802563190460205078e-01 -5.349047780036926270e-01 -5.873847007751464844e-01 -6.374843120574951172e-01 -6.850042939186096191e-01 -7.297542691230773926e-01 -7.715549468994140625e-01 -8.102385401725769043e-01 -8.456501960754394531e-01 -8.776465058326721191e-01 -9.060977697372436523e-01 -9.308896660804748535e-01 -9.519199132919311523e-01 -9.691037535667419434e-01 -9.823711514472961426e-01 -9.916678667068481445e-01 -9.969568252563476562e-01 -9.982167482376098633e-01 -9.954428672790527344e-01 -9.886474609375000000e-01 -9.778578281402587891e-01 -9.631185531616210938e-01 -9.444901943206787109e-01 -9.220470190048217773e-01 -8.958810567855834961e-01 -8.660967946052551270e-01 -8.328149318695068359e-01 -7.961692214012145996e-01 -7.563072443008422852e-01 -7.133893370628356934e-01 -6.675887703895568848e-01 -6.190899610519409180e-01 -5.680890679359436035e-01 -5.147919654846191406e-01 -4.594134688377380371e-01 -4.021785259246826172e-01 -3.433181643486022949e-01 -2.830702364444732666e-01 -2.216782271862030029e-01 -1.593909859657287598e-01 -9.645935148000717163e-02 -3.313828632235527039e-02 3.031709790229797363e-02 9.364998340606689453e-02 1.566053181886672974e-01 2.189290076494216919e-01 2.803688645362854004e-01 3.406774401664733887e-01 3.996107578277587891e-01 4.569312930107116699e-01 5.124067664146423340e-01 5.658134818077087402e-01 6.169353723526000977e-01 6.655657887458801270e-01 7.115080952644348145e-01 7.545765638351440430e-01 7.945977449417114258e-01 8.314091563224792480e-01 8.648628592491149902e-01 8.948237895965576172e-01 9.211700558662414551e-01 9.437966942787170410e-01 9.626112580299377441e-01 9.775379300117492676e-01 9.885167479515075684e-01 9.955025315284729004e-01 9.984667897224426270e-01 9.973973631858825684e-01 9.922978281974792480e-01 9.831895232200622559e-01 9.701090455055236816e-01 9.531093239784240723e-01 9.322581887245178223e-01 9.076417684555053711e-01 8.793589472770690918e-01 8.475236892700195312e-01 8.122659921646118164e-01 7.737268805503845215e-01 7.320607900619506836e-01 6.874360442161560059e-01 6.400313377380371094e-01 5.900361537933349609e-01 5.376521348953247070e-01 4.830896258354187012e-01 4.265695214271545410e-01 3.683214187622070312e-01 3.085822463035583496e-01 2.475967258214950562e-01 1.856133788824081421e-01 1.228858679533004761e-01 5.966746807098388672e-02 -3.790289163589477539e-03
