0.000000000000000000e+00 1.401584744453430176e+00 7.470054030418395996e-01 4.997359514236450195e-01 3.756155073642730713e-01 3.010782301425933838e-01 2.514169216156005859e-01 2.159947454929351807e-01 1.894827187061309814e-01 1.689144968986511230e-01 1.525091975927352905e-01 1.391331851482391357e-01 1.280294060707092285e-01 1.186757162213325500e-01 1.106974333524703979e-01 1.038196608424186707e-01 9.783805161714553833e-02 9.259448945522308350e-02 8.796631544828414917e-02 8.385723084211349487e-02 8.019094914197921753e-02 7.690452039241790771e-02 7.394640147686004639e-02 7.127572596073150635e-02 6.885688751935958862e-02 6.665986031293869019e-02 6.466118246316909790e-02 6.283951550722122192e-02 6.117574125528335571e-02 5.965476855635643005e-02 5.826399475336074829e-02 5.699142441153526306e-02 5.582713335752487183e-02 5.476255342364311218e-02 5.378985032439231873e-02 5.290285870432853699e-02 5.209498107433319092e-02 5.136083066463470459e-02 5.069656297564506531e-02 5.009853467345237732e-02 4.956256970763206482e-02 4.908567667007446289e-02 4.866569489240646362e-02 4.830044880509376526e-02 4.798733443021774292e-02 4.772450029850006104e-02 4.751134663820266724e-02 4.734706506133079529e-02 4.723015427589416504e-02 4.715991392731666565e-02 4.713658988475799561e-02
2.284520864486694336e+00 5.659122085571289062e+01 3.215934753417968750e+00 3.354721307754516602e+00 2.453402519226074219e+00 1.947181344032287598e+00 1.617951035499572754e+00 1.385378599166870117e+00 1.212643980979919434e+00 1.079343318939208984e+00 9.734216928482055664e-01 8.873019218444824219e-01 8.159698247909545898e-01 7.559757232666015625e-01 7.048726081848144531e-01 6.608648300170898438e-01 6.226235628128051758e-01 5.891209244728088379e-01 5.595756173133850098e-01 5.333563685417175293e-01 5.099670290946960449e-01 4.890103042125701904e-01 4.701603353023529053e-01 4.531383216381072998e-01 4.377276897430419922e-01 4.237357079982757568e-01 4.110044240951538086e-01 3.994000554084777832e-01 3.888086676597595215e-01 3.791289329528808594e-01 3.702765107154846191e-01 3.621779978275299072e-01 3.547691702842712402e-01 3.479961752891540527e-01 3.418071568012237549e-01 3.361565172672271729e-01 3.310166001319885254e-01 3.263499736785888672e-01 3.221269845962524414e-01 3.183225393295288086e-01 3.149121701717376709e-01 3.118781745433807373e-01 3.092069327831268311e-01 3.068825900554656982e-01 3.048889338970184326e-01 3.032192587852478027e-01 3.018665611743927002e-01 3.008201718330383301e-01 3.000769615173339844e-01 2.996318936347961426e-01 2.994830310344696045e-01
5.587564110755920410e-01 4.853485488891601562e+01 1.333099365234375000e+00 8.686137199401855469e-01 5.628362298011779785e-01 4.373386800289154053e-01 3.638638257980346680e-01 3.121447265148162842e-01 2.738447189331054688e-01 2.442282289266586304e-01 2.206174135208129883e-01 2.013577818870544434e-01 1.853602826595306396e-01 1.718728393316268921e-01 1.603635847568511963e-01 1.504373252391815186e-01 1.417998671531677246e-01 1.342213302850723267e-01 1.275308579206466675e-01 1.215888336300849915e-01 1.162856221199035645e-01 1.115302219986915588e-01 1.072514429688453674e-01 1.033855006098747253e-01 9.988366067409515381e-02 9.670240432024002075e-02 9.380608797073364258e-02 9.116739034652709961e-02 8.875571936368942261e-02 8.655378222465515137e-02 8.453726023435592651e-02 8.269399404525756836e-02 8.100716024637222290e-02 7.946304976940155029e-02 7.805389910936355591e-02 7.676774263381958008e-02 7.559754699468612671e-02 7.453423738479614258e-02 7.357036322355270386e-02 7.270210981369018555e-02 7.192535698413848877e-02 7.123469561338424683e-02 7.062602788209915161e-02 7.009549438953399658e-02 6.964116543531417847e-02 6.925933063030242920e-02 6.895124912261962891e-02 6.871375441551208496e-02 6.854478269815444946e-02 6.844202429056167603e-02 6.840357184410095215e-02
2.403141707181930542e-01 4.939643478393554688e+01 8.644024729728698730e-01 5.073983669281005859e-01 3.822932541370391846e-01 2.840186059474945068e-01 2.319434136152267456e-01 1.972696483135223389e-01 1.722331792116165161e-01 1.531532108783721924e-01 1.380787342786788940e-01 1.258588433265686035e-01 1.157448366284370422e-01 1.072480753064155579e-01 1.000111773610115051e-01 9.377560019493103027e-02 8.835960179567337036e-02 8.361541479825973511e-02 7.942715287208557129e-02 7.571158558130264282e-02 7.239639014005661011e-02 6.942680478096008301e-02 6.675511598587036133e-02 6.434106081724166870e-02 6.215666607022285461e-02 6.017240136861801147e-02 5.836482346057891846e-02 5.671761557459831238e-02 5.521608889102935791e-02 5.384192243218421936e-02 5.258753895759582520e-02 5.143808573484420776e-02 5.038760975003242493e-02 4.942654445767402649e-02 4.855031892657279968e-02 4.774898290634155273e-02 4.701854288578033447e-02 4.635667428374290466e-02 4.575712606310844421e-02 4.521492868661880493e-02 4.472818225622177124e-02 4.430145770311355591e-02 4.392396286129951477e-02 4.359045252203941345e-02 4.330926015973091125e-02 4.307024553418159485e-02 4.287785291671752930e-02 4.273240640759468079e-02 4.262398555874824524e-02 4.256341978907585144e-02 4.254321381449699402e-02
1.208515167236328125e-01 4.956694030761718750e+01 7.712108492851257324e-01 4.421809017658233643e-01 3.311986327171325684e-01 2.529515027999877930e-01 2.056280821561813354e-01 1.742633730173110962e-01 1.518487334251403809e-01 1.348569840192794800e-01 1.214775592088699341e-01 1.106576099991798401e-01 1.017192304134368896e-01 9.421781450510025024e-02 8.783774822950363159e-02 8.234494179487228394e-02 7.757632434368133545e-02 7.339569926261901855e-02 6.971313059329986572e-02 6.644660234451293945e-02 6.353298574686050415e-02 6.092089414596557617e-02 5.857310071587562561e-02 5.645246058702468872e-02 5.453122779726982117e-02 5.278834328055381775e-02 5.120423436164855957e-02 4.975958541035652161e-02 4.843832552433013916e-02 4.723163694143295288e-02 4.612727835774421692e-02 4.512177780270576477e-02 4.419822990894317627e-02 4.335340112447738647e-02 4.258254915475845337e-02 4.188082367181777954e-02 4.123943299055099487e-02 4.065877571702003479e-02 4.013349860906600952e-02 3.965853527188301086e-02 3.923138603568077087e-02 3.885716572403907776e-02 3.852219507098197937e-02 3.823358938097953796e-02 3.798455744981765747e-02 3.777509555220603943e-02 3.760734200477600098e-02 3.747577220201492310e-02 3.738338500261306763e-02 3.732825070619583130e-02 3.731121867895126343e-02
5.328478664159774780e-02 4.965738296508789062e+01 7.225599884986877441e-01 4.095467627048492432e-01 2.982710003852844238e-01 2.350126802921295166e-01 1.911921650171279907e-01 1.617446094751358032e-01 1.407639682292938232e-01 1.249019205570220947e-01 1.124435365200042725e-01 1.023845300078392029e-01 9.408292174339294434e-02 8.712370693683624268e-02 8.120986074209213257e-02 7.611888647079467773e-02 7.170012593269348145e-02 6.783295422792434692e-02 6.442300230264663696e-02 6.139915809035301208e-02 5.870226398110389709e-02 5.628669261932373047e-02 5.411516875028610229e-02 5.215522646903991699e-02 5.038108676671981812e-02 4.876545444130897522e-02 4.730182886123657227e-02 4.596535488963127136e-02 4.474536702036857605e-02 4.363056272268295288e-02 4.260956496000289917e-02 4.167556017637252808e-02 4.082402959465980530e-02 4.004523530602455139e-02 3.933143988251686096e-02 3.868220001459121704e-02 3.809164464473724365e-02 3.755519166588783264e-02 3.706950694322586060e-02 3.663169220089912415e-02 3.623825311660766602e-02 3.588700667023658752e-02 3.557901084423065186e-02 3.531270474195480347e-02 3.508259356021881104e-02 3.489118069410324097e-02 3.473337367177009583e-02 3.461481258273124695e-02 3.453086316585540771e-02 3.447645157575607300e-02 3.446072340011596680e-02
3.093420714139938354e-02 4.970138931274414062e+01 6.990046501159667969e-01 3.938372135162353516e-01 2.811670899391174316e-01 2.254381179809570312e-01 1.838795393705368042e-01 1.555038839578628540e-01 1.352604478597640991e-01 1.199672594666481018e-01 1.079629659652709961e-01 9.828270226716995239e-02 9.030082821846008301e-02 8.360695093870162964e-02 7.792040705680847168e-02 7.303468883037567139e-02 6.878889352083206177e-02 6.507409363985061646e-02 6.180037930607795715e-02 5.889687687158584595e-02 5.630739033222198486e-02 5.399079248309135437e-02 5.190639197826385498e-02 5.002363026142120361e-02 4.831789433956146240e-02 4.677157476544380188e-02 4.536576196551322937e-02 4.408203065395355225e-02 4.291034489870071411e-02 4.184372723102569580e-02 4.086754843592643738e-02 3.997102752327919006e-02 3.915003314614295959e-02 3.840358555316925049e-02 3.771845251321792603e-02 3.709685057401657104e-02 3.652958571910858154e-02 3.601168841123580933e-02 3.554822131991386414e-02 3.512963652610778809e-02 3.475062921643257141e-02 3.441477939486503601e-02 3.412193059921264648e-02 3.386320173740386963e-02 3.364456444978713989e-02 3.345825523138046265e-02 3.331003338098526001e-02 3.319583460688591003e-02 3.311374783515930176e-02 3.306167200207710266e-02 3.304714709520339966e-02
1.121908426284790039e-04 4.971891403198242188e+01 6.913591027259826660e-01 3.886551856994628906e-01 2.752493321895599365e-01 2.217604964971542358e-01 1.813460737466812134e-01 1.534002572298049927e-01 1.334162801504135132e-01 1.183127686381340027e-01 1.064663678407669067e-01 9.690941870212554932e-02 8.903101831674575806e-02 8.242910355329513550e-02 7.681675255298614502e-02 7.199499756097793579e-02 6.781029701232910156e-02 6.414560228586196899e-02 6.091688200831413269e-02 5.805345997214317322e-02 5.550322309136390686e-02 5.321518331766128540e-02 5.116098746657371521e-02 4.930362477898597717e-02 4.762171208858489990e-02 4.609882459044456482e-02 4.471278935670852661e-02 4.344932734966278076e-02 4.229478538036346436e-02 4.123967885971069336e-02 4.027644544839859009e-02 3.939227759838104248e-02 3.858811035752296448e-02 3.784902393817901611e-02 3.717527538537979126e-02 3.656324744224548340e-02 3.600182011723518372e-02 3.549493104219436646e-02 3.503407537937164307e-02 3.462193533778190613e-02 3.424911201000213623e-02 3.392024710774421692e-02 3.362935408949851990e-02 3.337337449193000793e-02 3.315870091319084167e-02 3.297532349824905396e-02 3.282860666513442993e-02 3.271718323230743408e-02 3.263575956225395203e-02 3.258724510669708252e-02 3.256860375404357910e-02
4.914303869009017944e-02 4.972582244873046875e+01 6.838998198509216309e-01 3.836721181869506836e-01 2.711611092090606689e-01 2.183539718389511108e-01 1.789802908897399902e-01 1.514696031808853149e-01 1.317468434572219849e-01 1.168348267674446106e-01 1.051282137632369995e-01 9.568835049867630005e-02 8.791004866361618042e-02 8.138749003410339355e-02 7.584613561630249023e-02 7.108434289693832397e-02 6.695019453763961792e-02 6.333252042531967163e-02 6.014430895447731018e-02 5.731907859444618225e-02 5.479684099555015564e-02 5.254073813557624817e-02 5.051030963659286499e-02 4.867784306406974792e-02 4.702010378241539001e-02 4.551333934068679810e-02 4.414530470967292786e-02 4.289774969220161438e-02 4.175785183906555176e-02 4.071573913097381592e-02 3.976245969533920288e-02 3.889163956046104431e-02 3.809471055865287781e-02 3.736726194620132446e-02 3.670207411050796509e-02 3.609557449817657471e-02 3.554444760084152222e-02 3.504158928990364075e-02 3.458716720342636108e-02 3.417842835187911987e-02 3.381418064236640930e-02 3.348918259143829346e-02 3.320045769214630127e-02 3.295350819826126099e-02 3.273531049489974976e-02 3.255620226263999939e-02 3.241165727376937866e-02 3.229943662881851196e-02 3.221866115927696228e-02 3.216873481869697571e-02 3.215445578098297119e-02
1.941004581749439240e-02 4.972846221923828125e+01 6.843725442886352539e-01 3.840126693248748779e-01 2.713891863822937012e-01 2.178927659988403320e-01 1.789609342813491821e-01 1.515286564826965332e-01 1.318128854036331177e-01 1.168961450457572937e-01 1.051880270242691040e-01 9.573897719383239746e-02 8.795318007469177246e-02 8.142956346273422241e-02 7.588487118482589722e-02 7.111857086420059204e-02 6.698194891214370728e-02 6.336070597171783447e-02 6.017428636550903320e-02 5.734562873840332031e-02 5.482284352183341980e-02 5.256444215774536133e-02 5.053594335913658142e-02 4.870148375630378723e-02 4.703944176435470581e-02 4.553331434726715088e-02 4.416513442993164062e-02 4.291722178459167480e-02 4.177323356270790100e-02 4.073439911007881165e-02 3.977958858013153076e-02 3.891083598136901855e-02 3.811411187052726746e-02 3.738607093691825867e-02 3.671806305646896362e-02 3.611261770129203796e-02 3.555931523442268372e-02 3.505696356296539307e-02 3.460304066538810730e-02 3.419476002454757690e-02 3.382899612188339233e-02 3.350333124399185181e-02 3.321479633450508118e-02 3.296479210257530212e-02 3.275220468640327454e-02 3.256995975971221924e-02 3.242572024464607239e-02 3.231506422162055969e-02 3.223560377955436707e-02 3.218606114387512207e-02 3.216740489006042480e-02
1.259602047502994537e-02 4.973008728027343750e+01 6.838150620460510254e-01 3.836829662322998047e-01 2.713019251823425293e-01 2.171082347631454468e-01 1.786482930183410645e-01 1.513302773237228394e-01 1.316660344600677490e-01 1.167674139142036438e-01 1.050752028822898865e-01 9.563684463500976562e-02 8.786104619503021240e-02 8.134074509143829346e-02 7.580363005399703979e-02 7.104203104972839355e-02 6.691023707389831543e-02 6.329660862684249878e-02 6.010944396257400513e-02 5.728267505764961243e-02 5.476609617471694946e-02 5.250793322920799255e-02 5.047827959060668945e-02 4.864763468503952026e-02 4.698967933654785156e-02 4.548506066203117371e-02 4.411464929580688477e-02 4.286898300051689148e-02 4.173059388995170593e-02 4.068799316883087158e-02 3.973541036248207092e-02 3.886699676513671875e-02 3.807311132550239563e-02 3.734597563743591309e-02 3.667831793427467346e-02 3.607406467199325562e-02 3.552203625440597534e-02 3.502142801880836487e-02 3.456491231918334961e-02 3.415824845433235168e-02 3.379084914922714233e-02 3.346477448940277100e-02 3.317740932106971741e-02 3.292760252952575684e-02 3.271313384175300598e-02 3.253601118922233582e-02 3.239015117287635803e-02 3.227481991052627563e-02 3.219553455710411072e-02 3.215028718113899231e-02 3.213237226009368896e-02
2.759538590908050537e-03 4.973123550415039062e+01 6.841924190521240234e-01 3.839409351348876953e-01 2.716723978519439697e-01 2.166790813207626343e-01 1.786018013954162598e-01 1.513605713844299316e-01 1.317121833562850952e-01 1.168191432952880859e-01 1.051191017031669617e-01 9.567839652299880981e-02 8.789873123168945312e-02 8.137896656990051270e-02 7.583580166101455688e-02 7.107231020927429199e-02 6.693590432405471802e-02 6.332023441791534424e-02 6.013317033648490906e-02 5.730562657117843628e-02 5.478578805923461914e-02 5.252780392765998840e-02 5.049657449126243591e-02 4.866399616003036499e-02 4.700737074017524719e-02 4.549919441342353821e-02 4.413171112537384033e-02 4.288474470376968384e-02 4.174384847283363342e-02 4.070366173982620239e-02 3.975238651037216187e-02 3.888118639588356018e-02 3.808490186929702759e-02 3.735737502574920654e-02 3.669289499521255493e-02 3.608699142932891846e-02 3.553434461355209351e-02 3.503270074725151062e-02 3.457965701818466187e-02 3.417113795876502991e-02 3.380289301276206970e-02 3.347671404480934143e-02 3.318983316421508789e-02 3.294011205434799194e-02 3.272532671689987183e-02 3.254682198166847229e-02 3.240177407860755920e-02 3.228753432631492615e-02 3.221070021390914917e-02 3.216267749667167664e-02 3.214673325419425964e-02
2.567826211452484131e-01 4.973501968383789062e+01 6.632665991783142090e-01 3.703302145004272461e-01 2.621020674705505371e-01 2.086640894412994385e-01 1.723627001047134399e-01 1.461485326290130615e-01 1.271947026252746582e-01 1.128170192241668701e-01 1.015214622020721436e-01 9.240425378084182739e-02 8.489196747541427612e-02 7.859607040882110596e-02 7.324112951755523682e-02 6.864221394062042236e-02 6.464776396751403809e-02 6.115560233592987061e-02 5.807765945792198181e-02 5.534690991044044495e-02 5.291381850838661194e-02 5.073472112417221069e-02 4.877289384603500366e-02 4.700322076678276062e-02 4.540209472179412842e-02 4.394607990980148315e-02 4.262393712997436523e-02 4.141857102513313293e-02 4.031776636838912964e-02 3.931321203708648682e-02 3.839290887117385864e-02 3.755350783467292786e-02 3.678669035434722900e-02 3.608205914497375488e-02 3.543875366449356079e-02 3.485260531306266785e-02 3.432124108076095581e-02 3.383637964725494385e-02 3.339466825127601624e-02 3.300252556800842285e-02 3.264946117997169495e-02 3.233449533581733704e-02 3.205556422472000122e-02 3.181555494666099548e-02 3.160851076245307922e-02 3.143444284796714783e-02 3.129201382398605347e-02 3.118518926203250885e-02 3.110783919692039490e-02 3.106180950999259949e-02 3.104845993220806122e-02
1.197735592722892761e-02 4.973349380493164062e+01 6.817709803581237793e-01 3.824519515037536621e-01 2.709709703922271729e-01 2.148354053497314453e-01 1.776284575462341309e-01 1.506654024124145508e-01 1.311424970626831055e-01 1.163235381245613098e-01 1.046749651432037354e-01 9.527821093797683716e-02 8.752850443124771118e-02 8.103254437446594238e-02 7.551542669534683228e-02 7.077246904373168945e-02 6.665632128715515137e-02 6.305254250764846802e-02 5.987834930419921875e-02 5.706358328461647034e-02 5.455334484577178955e-02 5.230472609400749207e-02 5.028287321329116821e-02 4.845850542187690735e-02 4.680602625012397766e-02 4.530737176537513733e-02 4.394583776593208313e-02 4.270177707076072693e-02 4.156829416751861572e-02 4.053183645009994507e-02 3.958401456475257874e-02 3.871551156044006348e-02 3.792123496532440186e-02 3.719714283943176270e-02 3.653277456760406494e-02 3.593063354492187500e-02 3.538181632757186890e-02 3.488486632704734802e-02 3.443096205592155457e-02 3.402267768979072571e-02 3.365827351808547974e-02 3.333676978945732117e-02 3.305018320679664612e-02 3.280014172196388245e-02 3.258655592799186707e-02 3.240781649947166443e-02 3.226317465305328369e-02 3.215201944112777710e-02 3.207030147314071655e-02 3.202367573976516724e-02 3.200777247548103333e-02
1.744810864329338074e-02 4.973414993286132812e+01 6.807264089584350586e-01 3.815836012363433838e-01 2.705198526382446289e-01 2.139143794775009155e-01 1.771109849214553833e-01 1.502834260463714600e-01 1.308247447013854980e-01 1.160464286804199219e-01 1.044309735298156738e-01 9.505436569452285767e-02 8.732221275568008423e-02 8.084292709827423096e-02 7.533793896436691284e-02 7.060489803552627563e-02 6.649873405694961548e-02 6.290560960769653320e-02 5.973903834819793701e-02 5.692671611905097961e-02 5.442262068390846252e-02 5.218335986137390137e-02 5.016453191637992859e-02 4.834583029150962830e-02 4.669705033302307129e-02 4.519960284233093262e-02 4.383902251720428467e-02 4.260037094354629517e-02 4.146957769989967346e-02 4.043662548065185547e-02 3.949200734496116638e-02 3.862528130412101746e-02 3.783435747027397156e-02 3.710986301302909851e-02 3.644978627562522888e-02 3.584671765565872192e-02 3.529739752411842346e-02 3.480049595236778259e-02 3.434867039322853088e-02 3.394065052270889282e-02 3.357863053679466248e-02 3.325576707720756531e-02 3.297356516122817993e-02 3.272328153252601624e-02 3.251054510474205017e-02 3.233211860060691833e-02 3.218714520335197449e-02 3.207439556717872620e-02 3.199597448110580444e-02 3.194971755146980286e-02 3.193223848938941956e-02
7.950305938720703125e-03 4.973525238037109375e+01 6.810314655303955078e-01 3.820088505744934082e-01 2.709744870662689209e-01 2.137464284896850586e-01 1.771656870841979980e-01 1.503773331642150879e-01 1.309207826852798462e-01 1.161385849118232727e-01 1.045111343264579773e-01 9.512408077716827393e-02 8.739081770181655884e-02 8.090564608573913574e-02 7.539442926645278931e-02 7.065937668085098267e-02 6.655000150203704834e-02 6.295260787010192871e-02 5.978177487850189209e-02 5.696878209710121155e-02 5.446542426943778992e-02 5.222033336758613586e-02 5.020009353756904602e-02 4.838220775127410889e-02 4.673125967383384705e-02 4.523319005966186523e-02 4.387224465608596802e-02 4.263241216540336609e-02 4.149964079260826111e-02 4.046696797013282776e-02 3.952101990580558777e-02 3.865333274006843567e-02 3.785984963178634644e-02 3.713727742433547974e-02 3.647844493389129639e-02 3.587419167160987854e-02 3.532319143414497375e-02 3.482651710510253906e-02 3.437476232647895813e-02 3.396800532937049866e-02 3.360392153263092041e-02 3.327668830752372742e-02 3.299277648329734802e-02 3.274763002991676331e-02 3.253259882330894470e-02 3.235455974936485291e-02 3.221067041158676147e-02 3.209717199206352234e-02 3.201768919825553894e-02 3.197072446346282959e-02 3.195577859878540039e-02
7.825737446546554565e-02 4.973499298095703125e+01 6.881287693977355957e-01 3.865072429180145264e-01 2.744047045707702637e-01 2.159214615821838379e-01 1.791063547134399414e-01 1.520677059888839722e-01 1.324024647474288940e-01 1.174539327621459961e-01 1.056959182024002075e-01 9.620597213506698608e-02 8.838179707527160645e-02 8.182472735643386841e-02 7.624997943639755249e-02 7.146235555410385132e-02 6.730240583419799805e-02 6.366428732872009277e-02 6.046037748456001282e-02 5.761726573109626770e-02 5.508284270763397217e-02 5.281106010079383850e-02 5.076828971505165100e-02 4.892803356051445007e-02 4.726087301969528198e-02 4.574572294950485229e-02 4.437081143260002136e-02 4.311421513557434082e-02 4.196857661008834839e-02 4.092235118150711060e-02 3.996504470705986023e-02 3.909004479646682739e-02 3.828952461481094360e-02 3.755729272961616516e-02 3.688767179846763611e-02 3.627878800034523010e-02 3.572230041027069092e-02 3.521987795829772949e-02 3.476241230964660645e-02 3.435255959630012512e-02 3.398442268371582031e-02 3.365613892674446106e-02 3.336821123957633972e-02 3.311615809798240662e-02 3.289920091629028320e-02 3.272144868969917297e-02 3.257555514574050903e-02 3.246080130338668823e-02 3.238213434815406799e-02 3.233578801155090332e-02 3.231582790613174438e-02
7.249407470226287842e-03 4.973668670654296875e+01 6.802670955657958984e-01 3.815317153930664062e-01 2.708839178085327148e-01 2.128342539072036743e-01 1.767391115427017212e-01 1.501013636589050293e-01 1.307044625282287598e-01 1.159525439143180847e-01 1.043479889631271362e-01 9.497860074043273926e-02 8.725333958864212036e-02 8.077766746282577515e-02 7.527562230825424194e-02 7.054582983255386353e-02 6.644368171691894531e-02 6.285139918327331543e-02 5.968739464879035950e-02 5.688064172863960266e-02 5.437638238072395325e-02 5.213385075330734253e-02 5.012186244130134583e-02 4.830252379179000854e-02 4.665596783161163330e-02 4.516003653407096863e-02 4.380388185381889343e-02 4.256423190236091614e-02 4.143371805548667908e-02 4.040195047855377197e-02 3.945623710751533508e-02 3.859254717826843262e-02 3.779909759759902954e-02 3.707742318511009216e-02 3.641772270202636719e-02 3.581784293055534363e-02 3.526765480637550354e-02 3.477000445127487183e-02 3.432031348347663879e-02 3.391261026263237000e-02 3.354939073324203491e-02 3.322524577379226685e-02 3.294179588556289673e-02 3.269363939762115479e-02 3.248021006584167480e-02 3.230435773730278015e-02 3.215778991580009460e-02 3.204917162656784058e-02 3.196807205677032471e-02 3.192010149359703064e-02 3.190696239471435547e-02
2.600870653986930847e-02 4.973692321777343750e+01 6.827777028083801270e-01 3.831314742565155029e-01 2.721356749534606934e-01 2.134649306535720825e-01 1.773696541786193848e-01 1.506717205047607422e-01 1.312121748924255371e-01 1.164030656218528748e-01 1.047564074397087097e-01 9.535045921802520752e-02 8.759585022926330566e-02 8.109688758850097656e-02 7.557202130556106567e-02 7.082279771566390991e-02 6.670148670673370361e-02 6.309656053781509399e-02 5.991997942328453064e-02 5.710227787494659424e-02 5.458978936076164246e-02 5.234003067016601562e-02 5.031957849860191345e-02 4.849355667829513550e-02 4.683851823210716248e-02 4.533869400620460510e-02 4.397453740239143372e-02 4.273165762424468994e-02 4.159453138709068298e-02 4.055619612336158752e-02 3.960938006639480591e-02 3.874055668711662292e-02 3.794667497277259827e-02 3.722047060728073120e-02 3.656023368239402771e-02 3.595565631985664368e-02 3.540482372045516968e-02 3.490251302719116211e-02 3.445224836468696594e-02 3.404784575104713440e-02 3.368011489510536194e-02 3.335680067539215088e-02 3.307043761014938354e-02 3.282087296247482300e-02 3.260864317417144775e-02 3.242797777056694031e-02 3.228295966982841492e-02 3.217094764113426208e-02 3.209007903933525085e-02 3.204398229718208313e-02 3.202920779585838318e-02
8.211281150579452515e-03 4.973768997192382812e+01 6.796057820320129395e-01 3.811239302158355713e-01 2.707886695861816406e-01 2.121559381484985352e-01 1.763944476842880249e-01 1.498745530843734741e-01 1.305239051580429077e-01 1.157966703176498413e-01 1.042089611291885376e-01 9.485207498073577881e-02 8.713830262422561646e-02 8.067179471254348755e-02 7.517787814140319824e-02 7.045767456293106079e-02 6.635718047618865967e-02 6.276850402355194092e-02 5.960621684789657593e-02 5.680663511157035828e-02 5.430613830685615540e-02 5.206650123000144958e-02 5.005672574043273926e-02 4.824121668934822083e-02 4.659438133239746094e-02 4.510327428579330444e-02 4.374497383832931519e-02 4.250727221369743347e-02 4.137679561972618103e-02 4.034632444381713867e-02 3.940526768565177917e-02 3.854004293680191040e-02 3.775195032358169556e-02 3.702907264232635498e-02 3.636956587433815002e-02 3.576984629034996033e-02 3.522110730409622192e-02 3.472111001610755920e-02 3.427458927035331726e-02 3.386776521801948547e-02 3.350452706217765808e-02 3.318265825510025024e-02 3.289806842803955078e-02 3.265048936009407043e-02 3.243672847747802734e-02 3.225925564765930176e-02 3.211566433310508728e-02 3.200272098183631897e-02 3.192459791898727417e-02 3.187628835439682007e-02 3.186229243874549866e-02
7.284216582775115967e-03 4.973805999755859375e+01 6.794632673263549805e-01 3.810238242149353027e-01 2.707625925540924072e-01 2.119260579347610474e-01 1.762800663709640503e-01 1.498023718595504761e-01 1.304726153612136841e-01 1.157520860433578491e-01 1.041705235838890076e-01 9.481723606586456299e-02 8.710546791553497314e-02 8.063978701829910278e-02 7.514628022909164429e-02 7.042711228132247925e-02 6.633252650499343872e-02 6.274590641260147095e-02 5.958546698093414307e-02 5.678405240178108215e-02 5.428667366504669189e-02 5.204697698354721069e-02 5.003467574715614319e-02 4.822020605206489563e-02 4.658001288771629333e-02 4.508630558848381042e-02 4.372658953070640564e-02 4.249105975031852722e-02 4.136167839169502258e-02 4.033214971423149109e-02 3.938776254653930664e-02 3.852642327547073364e-02 3.773576766252517700e-02 3.701386228203773499e-02 3.635295107960700989e-02 3.575529158115386963e-02 3.520702570676803589e-02 3.471105173230171204e-02 3.426021710038185120e-02 3.385465592145919800e-02 3.349054232239723206e-02 3.316796943545341492e-02 3.288375586271286011e-02 3.263696655631065369e-02 3.242266550660133362e-02 3.224668651819229126e-02 3.210390731692314148e-02 3.199161589145660400e-02 3.191202506422996521e-02 3.186641260981559753e-02 3.184998035430908203e-02
9.089057147502899170e-02 4.974281311035156250e+01 6.684610843658447266e-01 3.737869262695312500e-01 2.656719684600830078e-01 2.077696919441223145e-01 1.729262620210647583e-01 1.469784677028656006e-01 1.280205249786376953e-01 1.135773211717605591e-01 1.022142991423606873e-01 9.303732216358184814e-02 8.547081053256988525e-02 7.912962138652801514e-02 7.373930513858795166e-02 6.910600513219833374e-02 6.508576124906539917e-02 6.156692281365394592e-02 5.846873670816421509e-02 5.571692436933517456e-02 5.326705053448677063e-02 5.107000470161437988e-02 4.909719154238700867e-02 4.731476679444313049e-02 4.570339620113372803e-02 4.423928633332252502e-02 4.290580749511718750e-02 4.169106483459472656e-02 4.058634862303733826e-02 3.957557305693626404e-02 3.864907473325729370e-02 3.780245408415794373e-02 3.702723979949951172e-02 3.631831333041191101e-02 3.567370399832725525e-02 3.508278355002403259e-02 3.454857319593429565e-02 3.405990824103355408e-02 3.361759334802627563e-02 3.321880474686622620e-02 3.286259248852729797e-02 3.254482150077819824e-02 3.226682543754577637e-02 3.202525153756141663e-02 3.181491419672966003e-02 3.164007514715194702e-02 3.150025382637977600e-02 3.139081224799156189e-02 3.131435811519622803e-02 3.126766532659530640e-02 3.125081956386566162e-02
6.815284490585327148e-03 4.973858642578125000e+01 6.792042255401611328e-01 3.808599114418029785e-01 2.707371711730957031e-01 2.116047441959381104e-01 1.760986149311065674e-01 1.496919542551040649e-01 1.303880959749221802e-01 1.156831085681915283e-01 1.041086614131927490e-01 9.475906938314437866e-02 8.705326169729232788e-02 8.059504628181457520e-02 7.510414719581604004e-02 7.038592547178268433e-02 6.629145890474319458e-02 6.270646303892135620e-02 5.954784899950027466e-02 5.674883723258972168e-02 5.425212159752845764e-02 5.201611667871475220e-02 5.000524595379829407e-02 4.819103330373764038e-02 4.654913023114204407e-02 4.505513608455657959e-02 4.370095208287239075e-02 4.246367141604423523e-02 4.133491590619087219e-02 4.030268639326095581e-02 3.936151787638664246e-02 3.849985077977180481e-02 3.771042451262474060e-02 3.698864951729774475e-02 3.633013367652893066e-02 3.573185577988624573e-02 3.518413007259368896e-02 3.468926623463630676e-02 3.423888608813285828e-02 3.383446857333183289e-02 3.347225487232208252e-02 3.314916417002677917e-02 3.286338225007057190e-02 3.261562436819076538e-02 3.240511193871498108e-02 3.222845122218132019e-02 3.208321332931518555e-02 3.197175636887550354e-02 3.189177811145782471e-02 3.184550255537033081e-02 3.183248639106750488e-02
1.928343996405601501e-02 4.973908615112304688e+01 6.777473092079162598e-01 3.799575269222259521e-01 2.701130807399749756e-01 2.110147327184677124e-01 1.756386607885360718e-01 1.493216305971145630e-01 1.300694644451141357e-01 1.154009476304054260e-01 1.038552075624465942e-01 9.453139454126358032e-02 8.684112876653671265e-02 8.039993792772293091e-02 7.492309808731079102e-02 7.021730393171310425e-02 6.613204628229141235e-02 6.255647540092468262e-02 5.940435454249382019e-02 5.660975724458694458e-02 5.412166565656661987e-02 5.189029499888420105e-02 4.988691583275794983e-02 4.807442799210548401e-02 4.643457382917404175e-02 4.494634643197059631e-02 4.359166696667671204e-02 4.236042127013206482e-02 4.123713821172714233e-02 4.020729660987854004e-02 3.926717117428779602e-02 3.840704262256622314e-02 3.761902078986167908e-02 3.690096363425254822e-02 3.624500334262847900e-02 3.564662486314773560e-02 3.510017320513725281e-02 3.460424765944480896e-02 3.415603190660476685e-02 3.375197201967239380e-02 3.338925167918205261e-02 3.306823223829269409e-02 3.278520330786705017e-02 3.254063054919242859e-02 3.232823684811592102e-02 3.214942663908004761e-02 3.200483694672584534e-02 3.189376741647720337e-02 3.181547671556472778e-02 3.177017718553543091e-02 3.175320848822593689e-02
1.368522644042968750e-03 4.973872756958007812e+01 6.796801686286926270e-01 3.811407685279846191e-01 2.710019052028656006e-01 2.116311490535736084e-01 1.761475354433059692e-01 1.497659981250762939e-01 1.304590404033660889e-01 1.157484874129295349e-01 1.041680350899696350e-01 9.481638669967651367e-02 8.710614591836929321e-02 8.064227551221847534e-02 7.514822483062744141e-02 7.042960077524185181e-02 6.632916629314422607e-02 6.274410337209701538e-02 5.958509072661399841e-02 5.678191781044006348e-02 5.428114905953407288e-02 5.204560980200767517e-02 5.003521218895912170e-02 4.821914061903953552e-02 4.657564684748649597e-02 4.508391022682189941e-02 4.372575879096984863e-02 4.249024763703346252e-02 4.136053472757339478e-02 4.032997041940689087e-02 3.938451036810874939e-02 3.852099925279617310e-02 3.773266822099685669e-02 3.701325878500938416e-02 3.635439276695251465e-02 3.575225546956062317e-02 3.520605340600013733e-02 3.470844402909278870e-02 3.426029905676841736e-02 3.385457023978233337e-02 3.349122777581214905e-02 3.316850960254669189e-02 3.288230299949645996e-02 3.263530135154724121e-02 3.242414817214012146e-02 3.224490210413932800e-02 3.210202977061271667e-02 3.198939934372901917e-02 3.191131353378295898e-02 3.186528384685516357e-02 3.184741735458374023e-02
6.765611469745635986e-03 4.973899078369140625e+01 6.789592504501342773e-01 3.807066977024078369e-01 2.706947326660156250e-01 2.113430351018905640e-01 1.759103983640670776e-01 1.495800465345382690e-01 1.303010284900665283e-01 1.156088113784790039e-01 1.040430590510368347e-01 9.470196813344955444e-02 8.700245618820190430e-02 8.054558932781219482e-02 7.506029307842254639e-02 7.034175843000411987e-02 6.624835729598999023e-02 6.266795843839645386e-02 5.951258912682533264e-02 5.671404302120208740e-02 5.421769991517066956e-02 5.198281630873680115e-02 4.997436702251434326e-02 4.816061630845069885e-02 4.651803523302078247e-02 4.502850025892257690e-02 4.367233812808990479e-02 4.243804514408111572e-02 4.131137952208518982e-02 4.027926921844482422e-02 3.933919966220855713e-02 3.847670555114746094e-02 3.768920525908470154e-02 3.696773201227188110e-02 3.631202876567840576e-02 3.571075573563575745e-02 3.516397997736930847e-02 3.466653823852539062e-02 3.421919047832489014e-02 3.381351009011268616e-02 3.344840183854103088e-02 3.312703594565391541e-02 3.284486755728721619e-02 3.259566053748130798e-02 3.238309919834136963e-02 3.220772370696067810e-02 3.206186741590499878e-02 3.194979578256607056e-02 3.187326714396476746e-02 3.182645142078399658e-02 3.180810809135437012e-02
9.522694349288940430e-02 4.973793792724609375e+01 6.908015012741088867e-01 3.863970339298248291e-01 2.752053439617156982e-01 2.147543579339981079e-01 1.786891371011734009e-01 1.519489437341690063e-01 1.323648691177368164e-01 1.174422055482864380e-01 1.056963950395584106e-01 9.620459377765655518e-02 8.838164061307907104e-02 8.182290196418762207e-02 7.624898105859756470e-02 7.145910710096359253e-02 6.730174273252487183e-02 6.366658210754394531e-02 6.045897677540779114e-02 5.761276185512542725e-02 5.507971718907356262e-02 5.280746519565582275e-02 5.076505988836288452e-02 4.892440885305404663e-02 4.725855216383934021e-02 4.574416577816009521e-02 4.436796903610229492e-02 4.311210662126541138e-02 4.196587577462196350e-02 4.091914743185043335e-02 3.996202349662780762e-02 3.908766061067581177e-02 3.828698396682739258e-02 3.755461052060127258e-02 3.688647598028182983e-02 3.627486899495124817e-02 3.572138026356697083e-02 3.521680086851119995e-02 3.476138412952423096e-02 3.434804826974868774e-02 3.398028761148452759e-02 3.365388140082359314e-02 3.336293622851371765e-02 3.311430290341377258e-02 3.290025889873504639e-02 3.271622583270072937e-02 3.257118538022041321e-02 3.245963528752326965e-02 3.237733989953994751e-02 3.233191743493080139e-02 3.231611475348472595e-02
7.433846592903137207e-03 4.973919296264648438e+01 6.787834167480468750e-01 3.806006312370300293e-01 2.706362903118133545e-01 2.112411260604858398e-01 1.758043467998504639e-01 1.495113670825958252e-01 1.302506625652313232e-01 1.155643239617347717e-01 1.040041074156761169e-01 9.466851502656936646e-02 8.696967363357543945e-02 8.051601052284240723e-02 7.503192126750946045e-02 7.031647861003875732e-02 6.622547656297683716e-02 6.264652311801910400e-02 5.949016660451889038e-02 5.669364705681800842e-02 5.419812723994255066e-02 5.196464806795120239e-02 4.995663091540336609e-02 4.814292863011360168e-02 4.649993032217025757e-02 4.501128196716308594e-02 4.365628585219383240e-02 4.242298379540443420e-02 4.129546135663986206e-02 4.026512056589126587e-02 3.932384401559829712e-02 3.846102952957153320e-02 3.767329826951026917e-02 3.695427626371383667e-02 3.629637509584426880e-02 3.569341450929641724e-02 3.515020385384559631e-02 3.465399518609046936e-02 3.420582041144371033e-02 3.380049765110015869e-02 3.343727439641952515e-02 3.311543911695480347e-02 3.283264487981796265e-02 3.258446976542472839e-02 3.237275406718254089e-02 3.219551593065261841e-02 3.205012157559394836e-02 3.194097056984901428e-02 3.186376765370368958e-02 3.181525319814682007e-02 3.179869055747985840e-02
6.741367280483245850e-03 4.973915863037109375e+01 6.788713335990905762e-01 3.806519210338592529e-01 2.706848382949829102e-01 2.112487107515335083e-01 1.757915318012237549e-01 1.495147198438644409e-01 1.302586793899536133e-01 1.155764162540435791e-01 1.040129512548446655e-01 9.467712044715881348e-02 8.697614073753356934e-02 8.052319288253784180e-02 7.503766566514968872e-02 7.032120972871780396e-02 6.623216718435287476e-02 6.265360116958618164e-02 5.949704349040985107e-02 5.669791251420974731e-02 5.420469492673873901e-02 5.196706950664520264e-02 4.995933920145034790e-02 4.814608767628669739e-02 4.650668799877166748e-02 4.501691088080406189e-02 4.366189613938331604e-02 4.242423921823501587e-02 4.129927977919578552e-02 4.026843979954719543e-02 3.932539746165275574e-02 3.846644982695579529e-02 3.767682611942291260e-02 3.695867955684661865e-02 3.629963099956512451e-02 3.570019826292991638e-02 3.515390679240226746e-02 3.465794026851654053e-02 3.420773893594741821e-02 3.380224853754043579e-02 3.344083204865455627e-02 3.311813995242118835e-02 3.283384814858436584e-02 3.258844465017318726e-02 3.237628191709518433e-02 3.219687938690185547e-02 3.205521404743194580e-02 3.194275125861167908e-02 3.186505660414695740e-02 3.181603550910949707e-02 3.180013597011566162e-02
4.885540530085563660e-02 4.973261260986328125e+01 6.892979741096496582e-01 3.873934745788574219e-01 2.756207585334777832e-01 2.149802893400192261e-01 1.788251847028732300e-01 1.520998328924179077e-01 1.325132101774215698e-01 1.175791919231414795e-01 1.058216020464897156e-01 9.631758928298950195e-02 8.848700672388076782e-02 8.192481100559234619e-02 7.634390145540237427e-02 7.154709100723266602e-02 6.738439947366714478e-02 6.374374777078628540e-02 6.053017452359199524e-02 5.768421292304992676e-02 5.514584109187126160e-02 5.287516862154006958e-02 5.083020031452178955e-02 4.898632317781448364e-02 4.731673002243041992e-02 4.580039158463478088e-02 4.442227631807327271e-02 4.316283389925956726e-02 4.201717302203178406e-02 4.097042605280876160e-02 4.001318290829658508e-02 3.913392871618270874e-02 3.833289071917533875e-02 3.760205209255218506e-02 3.693186119198799133e-02 3.631995990872383118e-02 3.576522693037986755e-02 3.526116907596588135e-02 3.480385243892669678e-02 3.439059481024742126e-02 3.402386605739593506e-02 3.369484096765518188e-02 3.340630233287811279e-02 3.315291926264762878e-02 3.294091299176216125e-02 3.276043385267257690e-02 3.261185809969902039e-02 3.249834850430488586e-02 3.241732344031333923e-02 3.236786276102066040e-02 3.235571458935737610e-02
6.616100668907165527e-03 4.973913192749023438e+01 6.788982152938842773e-01 3.806656897068023682e-01 2.707008123397827148e-01 2.112528085708618164e-01 1.757469028234481812e-01 1.495013535022735596e-01 1.302500069141387939e-01 1.155678406357765198e-01 1.040106043219566345e-01 9.467043727636337280e-02 8.697184920310974121e-02 8.051902055740356445e-02 7.503519207239151001e-02 7.032001018524169922e-02 6.622864305973052979e-02 6.265013664960861206e-02 5.949389934539794922e-02 5.669646337628364563e-02 5.420096218585968018e-02 5.196878686547279358e-02 4.995873570442199707e-02 4.814613610506057739e-02 4.650564864277839661e-02 4.501575604081153870e-02 4.366109147667884827e-02 4.242451861500740051e-02 4.129807651042938232e-02 4.026509821414947510e-02 3.932467103004455566e-02 3.846579417586326599e-02 3.767661005258560181e-02 3.695620968937873840e-02 3.629955649375915527e-02 3.569894656538963318e-02 3.515321388840675354e-02 3.465466573834419250e-02 3.420572355389595032e-02 3.380401432514190674e-02 3.343988582491874695e-02 3.311783447861671448e-02 3.283397853374481201e-02 3.258556127548217773e-02 3.237261250615119934e-02 3.219607844948768616e-02 3.205156326293945312e-02 3.194047138094902039e-02 3.186235204339027405e-02 3.181582689285278320e-02 3.180090337991714478e-02
1.139365136623382568e-02 4.973989105224609375e+01 6.778594255447387695e-01 3.800480663776397705e-01 2.702557146549224854e-01 2.108911573886871338e-01 1.754254847764968872e-01 1.492384970188140869e-01 1.300278604030609131e-01 1.153725832700729370e-01 1.038322523236274719e-01 9.451291710138320923e-02 8.682884275913238525e-02 8.038367331027984619e-02 7.490754127502441406e-02 7.020294666290283203e-02 6.611649692058563232e-02 6.254145503044128418e-02 5.939170345664024353e-02 5.659969523549079895e-02 5.410964041948318481e-02 5.188073962926864624e-02 4.987503215670585632e-02 4.806378483772277832e-02 4.642628505825996399e-02 4.493838921189308167e-02 4.358632117509841919e-02 4.235022887587547302e-02 4.122602567076683044e-02 4.019981250166893005e-02 3.925949335098266602e-02 3.839779645204544067e-02 3.761385008692741394e-02 3.689334914088249207e-02 3.623566031455993652e-02 3.563810884952545166e-02 3.509106859564781189e-02 3.459497913718223572e-02 3.414865210652351379e-02 3.374503552913665771e-02 3.338164091110229492e-02 3.306063264608383179e-02 3.277646377682685852e-02 3.253127261996269226e-02 3.232068195939064026e-02 3.214116394519805908e-02 3.199651464819908142e-02 3.188801556825637817e-02 3.181034699082374573e-02 3.176124766469001770e-02 3.174582868814468384e-02
1.204936206340789795e-02 4.974319076538085938e+01 6.758761405944824219e-01 3.789243698120117188e-01 2.694320678710937500e-01 2.102465927600860596e-01 1.748628020286560059e-01 1.487671583890914917e-01 1.296159625053405762e-01 1.150058284401893616e-01 1.035046279430389404e-01 9.421204775571823120e-02 8.654955774545669556e-02 8.012699335813522339e-02 7.466954737901687622e-02 6.997720152139663696e-02 6.590715795755386353e-02 6.234441697597503662e-02 5.920249596238136292e-02 5.642008408904075623e-02 5.393712222576141357e-02 5.171300843358039856e-02 4.971340298652648926e-02 4.791029542684555054e-02 4.627935960888862610e-02 4.479612410068511963e-02 4.344828054308891296e-02 4.221656545996665955e-02 4.109482094645500183e-02 4.006982967257499695e-02 3.913421556353569031e-02 3.827513381838798523e-02 3.749237582087516785e-02 3.677748888731002808e-02 3.612188994884490967e-02 3.552426025271415710e-02 3.497919067740440369e-02 3.448584675788879395e-02 3.403749316930770874e-02 3.363809734582901001e-02 3.327617421746253967e-02 3.295513242483139038e-02 3.267068788409233093e-02 3.242675960063934326e-02 3.221628069877624512e-02 3.204048424959182739e-02 3.189480677247047424e-02 3.178475424647331238e-02 3.170701861381530762e-02 3.165995702147483826e-02 3.164315223693847656e-02
6.535861641168594360e-03 4.973927688598632812e+01 6.788054704666137695e-01 3.806107938289642334e-01 2.706737816333770752e-01 2.112181931734085083e-01 1.756364256143569946e-01 1.494412720203399658e-01 1.302111148834228516e-01 1.155377924442291260e-01 1.039834842085838318e-01 9.464865922927856445e-02 8.695475757122039795e-02 8.049923181533813477e-02 7.501619309186935425e-02 7.030281424522399902e-02 6.621287763118743896e-02 6.263257563114166260e-02 5.948087200522422791e-02 5.668225139379501343e-02 5.418694391846656799e-02 5.195472016930580139e-02 4.994618892669677734e-02 4.813382402062416077e-02 4.649434983730316162e-02 4.500346630811691284e-02 4.364795610308647156e-02 4.241346940398216248e-02 4.128515720367431641e-02 4.025635495781898499e-02 3.931617364287376404e-02 3.845568001270294189e-02 3.766698762774467468e-02 3.694528713822364807e-02 3.628936409950256348e-02 3.568861633539199829e-02 3.514259681105613708e-02 3.464746475219726562e-02 3.419820219278335571e-02 3.379451483488082886e-02 3.343214094638824463e-02 3.310956805944442749e-02 3.282361105084419250e-02 3.257628902792930603e-02 3.236625716090202332e-02 3.218840435147285461e-02 3.204439580440521240e-02 3.193369507789611816e-02 3.185456991195678711e-02 3.180623799562454224e-02 3.179021552205085754e-02
1.514472439885139465e-02 4.965007781982421875e+01 7.331464290618896484e-01 4.134753346443176270e-01 2.945861816406250000e-01 2.299195677042007446e-01 1.910913735628128052e-01 1.626608520746231079e-01 1.417730599641799927e-01 1.258221566677093506e-01 1.132537126541137695e-01 1.030988171696662903e-01 9.472293406724929810e-02 8.769825845956802368e-02 8.172938972711563110e-02 7.659653574228286743e-02 7.214029878377914429e-02 6.824379414319992065e-02 6.480757147073745728e-02 6.176058202981948853e-02 5.904243141412734985e-02 5.661040917038917542e-02 5.442395806312561035e-02 5.244648456573486328e-02 5.065924674272537231e-02 4.903590679168701172e-02 4.756330698728561401e-02 4.621732234954833984e-02 4.498900100588798523e-02 4.386591911315917969e-02 4.284146428108215332e-02 4.189990460872650146e-02 4.104426130652427673e-02 4.026047140359878540e-02 3.954403847455978394e-02 3.889066725969314575e-02 3.829412162303924561e-02 3.775568306446075439e-02 3.726616129279136658e-02 3.682414069771766663e-02 3.642830997705459595e-02 3.607733547687530518e-02 3.576683998107910156e-02 3.550030291080474854e-02 3.526885807514190674e-02 3.507560491561889648e-02 3.491860255599021912e-02 3.479618579149246216e-02 3.471147641539573669e-02 3.465938568115234375e-02 3.464187309145927429e-02
6.524577736854553223e-03 4.973979187011718750e+01 6.785544157028198242e-01 3.804589509963989258e-01 2.705698311328887939e-01 2.111297696828842163e-01 1.755077838897705078e-01 1.493603736162185669e-01 1.301431953907012939e-01 1.154808178544044495e-01 1.039321571588516235e-01 9.460455179214477539e-02 8.691235631704330444e-02 8.046109229326248169e-02 7.497857511043548584e-02 7.026807218790054321e-02 6.617977470159530640e-02 6.260064244270324707e-02 5.945213139057159424e-02 5.665487423539161682e-02 5.416205152869224548e-02 5.192907527089118958e-02 4.992233216762542725e-02 4.811113327741622925e-02 4.646798223257064819e-02 4.498244449496269226e-02 4.362704604864120483e-02 4.239375889301300049e-02 4.126866906881332397e-02 4.023772478103637695e-02 3.929524868726730347e-02 3.843549266457557678e-02 3.764752671122550964e-02 3.692792728543281555e-02 3.627116605639457703e-02 3.567137941718101501e-02 3.512647002935409546e-02 3.463136777281761169e-02 3.418023139238357544e-02 3.377747163176536560e-02 3.341490402817726135e-02 3.309176489710807800e-02 3.280895948410034180e-02 3.256078436970710754e-02 3.235052153468132019e-02 3.217516094446182251e-02 3.202782943844795227e-02 3.191945701837539673e-02 3.183894604444503784e-02 3.179238364100456238e-02 3.177496045827865601e-02
1.749593019485473633e-02 4.989585113525390625e+01 5.927115082740783691e-01 3.290918767452239990e-01 2.330624461174011230e-01 1.813813149929046631e-01 1.507893055677413940e-01 1.282278597354888916e-01 1.116635426878929138e-01 9.903948009014129639e-02 8.911030739545822144e-02 8.109039068222045898e-02 7.448504120111465454e-02 6.895217299461364746e-02 6.425047665834426880e-02 6.020853295922279358e-02 5.670253932476043701e-02 5.363301932811737061e-02 5.093199387192726135e-02 4.853728413581848145e-02 4.639745876193046570e-02 4.448479786515235901e-02 4.276663064956665039e-02 4.121270775794982910e-02 3.980582207441329956e-02 3.853265941143035889e-02 3.737306967377662659e-02 3.631582483649253845e-02 3.534830361604690552e-02 3.446479886770248413e-02 3.366014361381530762e-02 3.292275965213775635e-02 3.224823996424674988e-02 3.162983059883117676e-02 3.106998652219772339e-02 3.055811859667301178e-02 3.008531220257282257e-02 2.966276556253433228e-02 2.927821315824985504e-02 2.893218398094177246e-02 2.862096205353736877e-02 2.834521792829036713e-02 2.810067310929298401e-02 2.789033390581607819e-02 2.771126292645931244e-02 2.755812555551528931e-02 2.743548713624477386e-02 2.733810245990753174e-02 2.727217040956020355e-02 2.722934260964393616e-02 2.721850574016571045e-02
2.581690251827239990e-02 4.975609588623046875e+01 6.649966835975646973e-01 3.727001249790191650e-01 2.649683952331542969e-01 2.066731899976730347e-01 1.717537194490432739e-01 1.461806595325469971e-01 1.273777484893798828e-01 1.130235269665718079e-01 1.017185375094413757e-01 9.258680790662765503e-02 8.505493402481079102e-02 7.874453067779541016e-02 7.338184863328933716e-02 6.877021491527557373e-02 6.476793438196182251e-02 6.126559153199195862e-02 5.817998200654983521e-02 5.544615536928176880e-02 5.300474911928176880e-02 5.081566423177719116e-02 4.885463789105415344e-02 4.708406329154968262e-02 4.547650367021560669e-02 4.402080923318862915e-02 4.269528388977050781e-02 4.148640111088752747e-02 4.038390144705772400e-02 3.937891870737075806e-02 3.845670446753501892e-02 3.761504590511322021e-02 3.684441000223159790e-02 3.614198043942451477e-02 3.549537435173988342e-02 3.490963205695152283e-02 3.437452390789985657e-02 3.389135375618934631e-02 3.345097973942756653e-02 3.305665403604507446e-02 3.270103782415390015e-02 3.238572552800178528e-02 3.211006522178649902e-02 3.186617046594619751e-02 3.165798634290695190e-02 3.148553520441055298e-02 3.134299069643020630e-02 3.123838454484939575e-02 3.115775994956493378e-02 3.111189231276512146e-02 3.109531849622726440e-02
1.171319112181663513e-01 4.966354751586914062e+01 7.523271441459655762e-01 4.233775138854980469e-01 3.017041087150573730e-01 2.356152683496475220e-01 1.956062614917755127e-01 1.665407270193099976e-01 1.451622992753982544e-01 1.288323104381561279e-01 1.159668564796447754e-01 1.055642962455749512e-01 9.698615223169326782e-02 8.979226648807525635e-02 8.367845416069030762e-02 7.842329144477844238e-02 7.386049628257751465e-02 6.987022608518600464e-02 6.635109335184097290e-02 6.323011964559555054e-02 6.045031920075416565e-02 5.795795843005180359e-02 5.571950972080230713e-02 5.369699746370315552e-02 5.186657980084419250e-02 5.020400136709213257e-02 4.869407787919044495e-02 4.731705412268638611e-02 4.605744406580924988e-02 4.491303861141204834e-02 4.386160150170326233e-02 4.290098696947097778e-02 4.202134162187576294e-02 4.121861234307289124e-02 4.048383608460426331e-02 3.981430456042289734e-02 3.920518234372138977e-02 3.865290805697441101e-02 3.814841806888580322e-02 3.769982978701591492e-02 3.729500994086265564e-02 3.693550452589988708e-02 3.661984950304031372e-02 3.634437546133995056e-02 3.610915690660476685e-02 3.591207042336463928e-02 3.574795275926589966e-02 3.562507033348083496e-02 3.553720936179161072e-02 3.548246994614601135e-02 3.546705842018127441e-02
5.895309150218963623e-03 4.973960876464843750e+01 6.787874102592468262e-01 3.805734813213348389e-01 2.706480324268341064e-01 2.112250179052352905e-01 1.754466593265533447e-01 1.493561118841171265e-01 1.301611959934234619e-01 1.155000701546669006e-01 1.039522364735603333e-01 9.462168067693710327e-02 8.692747354507446289e-02 8.047850430011749268e-02 7.499603182077407837e-02 7.028128206729888916e-02 6.619247794151306152e-02 6.261520832777023315e-02 5.946366116404533386e-02 5.666725710034370422e-02 5.417630821466445923e-02 5.193899571895599365e-02 4.993123561143875122e-02 4.812116920948028564e-02 4.647988080978393555e-02 4.499026760458946228e-02 4.363689944148063660e-02 4.240239784121513367e-02 4.127615690231323242e-02 4.024570807814598083e-02 3.930586576461791992e-02 3.844219073653221130e-02 3.765514492988586426e-02 3.693599626421928406e-02 3.627774119377136230e-02 3.567989170551300049e-02 3.513411805033683777e-02 3.463726863265037537e-02 3.418883681297302246e-02 3.378189727663993835e-02 3.342075273394584656e-02 3.309826552867889404e-02 3.281416371464729309e-02 3.256910294294357300e-02 3.235753253102302551e-02 3.217819705605506897e-02 3.203500062227249146e-02 3.192213922739028931e-02 3.184542059898376465e-02 3.179889544844627380e-02 3.178488463163375854e-02
6.992751359939575195e-02 4.962036514282226562e+01 7.670053243637084961e-01 4.320045113563537598e-01 3.081091046333312988e-01 2.407895922660827637e-01 1.998480409383773804e-01 1.702134013175964355e-01 1.483929604291915894e-01 1.317128241062164307e-01 1.185661181807518005e-01 1.079398840665817261e-01 9.917120635509490967e-02 9.181685745716094971e-02 8.556716144084930420e-02 8.019618690013885498e-02 7.553060352802276611e-02 7.145098596811294556e-02 6.785339862108230591e-02 6.466540694236755371e-02 6.181651353836059570e-02 5.927056819200515747e-02 5.698268115520477295e-02 5.491228774189949036e-02 5.304011330008506775e-02 5.134144425392150879e-02 4.979643225669860840e-02 4.838992282748222351e-02 4.710501432418823242e-02 4.592922329902648926e-02 4.485385119915008545e-02 4.387178272008895874e-02 4.297442361712455750e-02 4.215201735496520996e-02 4.139941930770874023e-02 4.071612283587455750e-02 4.009502008557319641e-02 3.952793776988983154e-02 3.901645913720130920e-02 3.855581581592559814e-02 3.814115002751350403e-02 3.777246177196502686e-02 3.744873031973838806e-02 3.716845437884330750e-02 3.692669793963432312e-02 3.672555834054946899e-02 3.655965998768806458e-02 3.643133118748664856e-02 3.634376078844070435e-02 3.628842532634735107e-02 3.627010807394981384e-02
6.351083517074584961e-03 4.973468399047851562e+01 6.811102032661437988e-01 3.819620013236999512e-01 2.716635465621948242e-01 2.120453864336013794e-01 1.760534495115280151e-01 1.499100774526596069e-01 1.306540071964263916e-01 1.159403696656227112e-01 1.043490841984748840e-01 9.498523175716400146e-02 8.726072311401367188e-02 8.078650385141372681e-02 7.528560608625411987e-02 7.055432349443435669e-02 6.645085662603378296e-02 6.285671144723892212e-02 5.969189479947090149e-02 5.688576400279998779e-02 5.438038706779479980e-02 5.213921144604682922e-02 5.012657493352890015e-02 4.830669984221458435e-02 4.665831476449966431e-02 4.516233876347541809e-02 4.380596429109573364e-02 4.256482422351837158e-02 4.143342375755310059e-02 4.040114581584930420e-02 3.945609182119369507e-02 3.859283030033111572e-02 3.780088946223258972e-02 3.707844018936157227e-02 3.641912713646888733e-02 3.581784665584564209e-02 3.526833280920982361e-02 3.477147966623306274e-02 3.432114049792289734e-02 3.391396626830101013e-02 3.355142101645469666e-02 3.322669863700866699e-02 3.294131904840469360e-02 3.269516304135322571e-02 3.248195722699165344e-02 3.230539336800575256e-02 3.215894103050231934e-02 3.204954788088798523e-02 3.196868300437927246e-02 3.192133828997612000e-02 3.190822899341583252e-02
1.687751710414886475e-02 4.987754058837890625e+01 6.131015419960021973e-01 3.430554866790771484e-01 2.436156272888183594e-01 1.895451545715332031e-01 1.572826057672500610e-01 1.338275820016860962e-01 1.165685206651687622e-01 1.033980920910835266e-01 9.303706884384155273e-02 8.466996997594833374e-02 7.777516543865203857e-02 7.199756801128387451e-02 6.708623468875885010e-02 6.286757439374923706e-02 5.920751020312309265e-02 5.600512772798538208e-02 5.318139493465423584e-02 5.067902430891990662e-02 4.844811186194419861e-02 4.645226150751113892e-02 4.465421661734580994e-02 4.303269088268280029e-02 4.156739264726638794e-02 4.023570194840431213e-02 3.902369365096092224e-02 3.791936114430427551e-02 3.691162541508674622e-02 3.599071875214576721e-02 3.514879196882247925e-02 3.437755256891250610e-02 3.367311879992485046e-02 3.303029015660285950e-02 3.244048357009887695e-02 3.190802037715911865e-02 3.141785040497779846e-02 3.097368031740188599e-02 3.057124093174934387e-02 3.021014668047428131e-02 2.988658845424652100e-02 2.959900721907615662e-02 2.934531308710575104e-02 2.912296354770660400e-02 2.893521264195442200e-02 2.877539768815040588e-02 2.864755317568778992e-02 2.854721434414386749e-02 2.847494930028915405e-02 2.843656018376350403e-02 2.842309325933456421e-02
6.466940045356750488e-03 4.973932266235351562e+01 6.785225272178649902e-01 3.804483413696289062e-01 2.705688774585723877e-01 2.112149745225906372e-01 1.752871870994567871e-01 1.492782086133956909e-01 1.301058083772659302e-01 1.154534369707107544e-01 1.039133444428443909e-01 9.458772838115692139e-02 8.689694106578826904e-02 8.044681698083877563e-02 7.496555149555206299e-02 7.025793939828872681e-02 6.617125123739242554e-02 6.259421259164810181e-02 5.943790450692176819e-02 5.664390325546264648e-02 5.415314435958862305e-02 5.192343145608901978e-02 4.991397634148597717e-02 4.810182005167007446e-02 4.646107554435729980e-02 4.497357085347175598e-02 4.362145438790321350e-02 4.238707944750785828e-02 4.125905036926269531e-02 4.023022949695587158e-02 3.928881883621215820e-02 3.843074291944503784e-02 3.764135390520095825e-02 3.692262619733810425e-02 3.626300022006034851e-02 3.566499054431915283e-02 3.511876240372657776e-02 3.462456166744232178e-02 3.417668864130973816e-02 3.377243876457214355e-02 3.340969607234001160e-02 3.308737650513648987e-02 3.280230239033699036e-02 3.255712240934371948e-02 3.234485536813735962e-02 3.216920047998428345e-02 3.202457726001739502e-02 3.191137686371803284e-02 3.183237090706825256e-02 3.178665041923522949e-02 3.177036345005035400e-02
2.148143947124481201e-02 4.977055740356445312e+01 6.584931015968322754e-01 3.687674999237060547e-01 2.620428204536437988e-01 2.044295817613601685e-01 1.696479320526123047e-01 1.444779485464096069e-01 1.259164810180664062e-01 1.117293387651443481e-01 1.005541682243347168e-01 9.152583777904510498e-02 8.408064395189285278e-02 7.784130424261093140e-02 7.253956049680709839e-02 6.797901540994644165e-02 6.402081996202468872e-02 6.056275218725204468e-02 5.751395970582962036e-02 5.480498448014259338e-02 5.239517986774444580e-02 5.023505166172981262e-02 4.829275980591773987e-02 4.654175043106079102e-02 4.495443031191825867e-02 4.351225122809410095e-02 4.220187291502952576e-02 4.101194813847541809e-02 3.991977125406265259e-02 3.892321512103080750e-02 3.801310807466506958e-02 3.717938438057899475e-02 3.641954064369201660e-02 3.572357445955276489e-02 3.508649766445159912e-02 3.450805693864822388e-02 3.398041054606437683e-02 3.350049257278442383e-02 3.306579589843750000e-02 3.267469257116317749e-02 3.232376277446746826e-02 3.201283514499664307e-02 3.173594921827316284e-02 3.149585053324699402e-02 3.129477798938751221e-02 3.112233802676200867e-02 3.098245896399021149e-02 3.087493591010570526e-02 3.079944103956222534e-02 3.075326979160308838e-02 3.073875606060028076e-02
8.357901126146316528e-03 4.973157882690429688e+01 6.800060868263244629e-01 3.814785778522491455e-01 2.713584899902343750e-01 2.118403911590576172e-01 1.757431030273437500e-01 1.497089266777038574e-01 1.304937303066253662e-01 1.158050969243049622e-01 1.042306646704673767e-01 9.487847238779067993e-02 8.716661483049392700e-02 8.069877326488494873e-02 7.520116865634918213e-02 7.047504186630249023e-02 6.637718528509140015e-02 6.278797984123229980e-02 5.962549895048141479e-02 5.682156607508659363e-02 5.432226136326789856e-02 5.208260565996170044e-02 5.007047206163406372e-02 4.825122654438018799e-02 4.660951718688011169e-02 4.511510208249092102e-02 4.375558346509933472e-02 4.251802712678909302e-02 4.138976708054542542e-02 4.035733267664909363e-02 3.941398113965988159e-02 3.854863718152046204e-02 3.775945678353309631e-02 3.703729435801506042e-02 3.637768328189849854e-02 3.577664494514465332e-02 3.523053973913192749e-02 3.473262861371040344e-02 3.428334370255470276e-02 3.387845307588577271e-02 3.351192921400070190e-02 3.318961709737777710e-02 3.290643915534019470e-02 3.265725821256637573e-02 3.244549408555030823e-02 3.226930648088455200e-02 3.212288394570350647e-02 3.201342001557350159e-02 3.193492069840431213e-02 3.188457712531089783e-02 3.187124058604240417e-02
3.865871578454971313e-03 4.971871948242187500e+01 6.868448853492736816e-01 3.856487870216369629e-01 2.743880152702331543e-01 2.143352925777435303e-01 1.777495890855789185e-01 1.514289081096649170e-01 1.319995969533920288e-01 1.171464025974273682e-01 1.054367423057556152e-01 9.597920626401901245e-02 8.817695081233978271e-02 8.163595944643020630e-02 7.607448101043701172e-02 7.129976898431777954e-02 6.714759767055511475e-02 6.352053582668304443e-02 6.032031029462814331e-02 5.748100951313972473e-02 5.495344847440719604e-02 5.268716439604759216e-02 5.065300688147544861e-02 4.881639406085014343e-02 4.715149477124214172e-02 4.564235359430313110e-02 4.426719620823860168e-02 4.301247000694274902e-02 4.187030345201492310e-02 4.082874208688735962e-02 3.987172245979309082e-02 3.899839520454406738e-02 3.819932788610458374e-02 3.746772184967994690e-02 3.680315241217613220e-02 3.619449213147163391e-02 3.563991189002990723e-02 3.513849899172782898e-02 3.468215465545654297e-02 3.426918014883995056e-02 3.390277549624443054e-02 3.357803821563720703e-02 3.329067677259445190e-02 3.303905576467514038e-02 3.282335400581359863e-02 3.264366462826728821e-02 3.249850869178771973e-02 3.238551318645477295e-02 3.230359777808189392e-02 3.225802257657051086e-02 3.224421665072441101e-02
5.422435700893402100e-02 4.954260635375976562e+01 6.826828122138977051e-01 3.896327018737792969e-01 2.792952656745910645e-01 2.185407578945159912e-01 1.814059913158416748e-01 1.546915173530578613e-01 1.349237263202667236e-01 1.197844892740249634e-01 1.078477874398231506e-01 9.819100052118301392e-02 9.022239595651626587e-02 8.353911340236663818e-02 7.785712927579879761e-02 7.296872884035110474e-02 6.873017549514770508e-02 6.501562893390655518e-02 6.174429878592491150e-02 5.884288996458053589e-02 5.625685676932334900e-02 5.393796041607856750e-02 5.185624212026596069e-02 4.997347295284271240e-02 4.826983436942100525e-02 4.672619700431823730e-02 4.531994089484214783e-02 4.403829202055931091e-02 4.286668449640274048e-02 4.179891198873519897e-02 4.082079604268074036e-02 3.992781788110733032e-02 3.911013901233673096e-02 3.836178779602050781e-02 3.767826408147811890e-02 3.705830127000808716e-02 3.649263083934783936e-02 3.597643598914146423e-02 3.551121056079864502e-02 3.509074449539184570e-02 3.471282869577407837e-02 3.437945246696472168e-02 3.408379107713699341e-02 3.382644057273864746e-02 3.360735997557640076e-02 3.342238813638687134e-02 3.327650576829910278e-02 3.315930813550949097e-02 3.307649120688438416e-02 3.302802518010139465e-02 3.301060199737548828e-02
6.131082773208618164e-02 4.965685653686523438e+01 7.742468714714050293e-01 4.336940050125122070e-01 3.095915019512176514e-01 2.418057918548583984e-01 2.003545314073562622e-01 1.707262396812438965e-01 1.488517820835113525e-01 1.321212649345397949e-01 1.189301908016204834e-01 1.082670316100120544e-01 9.946820139884948730e-02 9.209139645099639893e-02 8.582268655300140381e-02 8.043268322944641113e-02 7.575492560863494873e-02 7.165979593992233276e-02 6.805103272199630737e-02 6.485283374786376953e-02 6.200021877884864807e-02 5.944523215293884277e-02 5.714770779013633728e-02 5.507367476820945740e-02 5.319577082991600037e-02 5.149161443114280701e-02 4.994113743305206299e-02 4.852937906980514526e-02 4.724099859595298767e-02 4.606235399842262268e-02 4.498593136668205261e-02 4.399900883436203003e-02 4.309764504432678223e-02 4.227537661790847778e-02 4.152307659387588501e-02 4.083737730979919434e-02 4.021133854985237122e-02 3.964347764849662781e-02 3.912953659892082214e-02 3.866569325327873230e-02 3.825141862034797668e-02 3.788133338093757629e-02 3.755693882703781128e-02 3.727450594305992126e-02 3.703330084681510925e-02 3.682927787303924561e-02 3.666452318429946899e-02 3.653782606124877930e-02 3.644721210002899170e-02 3.639272600412368774e-02 3.637257218360900879e-02
9.825105220079421997e-02 5.018152999877929688e+01 3.911111056804656982e-01 2.122049778699874878e-01 1.478755921125411987e-01 1.140943616628646851e-01 9.459111094474792480e-02 8.037006855010986328e-02 6.986475735902786255e-02 6.186955422163009644e-02 5.560579523444175720e-02 5.056485161185264587e-02 4.641975089907646179e-02 4.295108094811439514e-02 4.000983759760856628e-02 3.748523816466331482e-02 3.529535233974456787e-02 3.337955847382545471e-02 3.169154375791549683e-02 3.019839152693748474e-02 2.886716648936271667e-02 2.767488919198513031e-02 2.660220488905906677e-02 2.563559263944625854e-02 2.475993521511554718e-02 2.396533824503421783e-02 2.324315533041954041e-02 2.258593402802944183e-02 2.198107168078422546e-02 2.143290080130100250e-02 2.093280851840972900e-02 2.047405950725078583e-02 2.005388028919696808e-02 1.966988667845726013e-02 1.931929402053356171e-02 1.900071837007999420e-02 1.870948821306228638e-02 1.844610460102558136e-02 1.820493862032890320e-02 1.798787526786327362e-02 1.779644191265106201e-02 1.762496121227741241e-02 1.747287064790725708e-02 1.734251528978347778e-02 1.723066903650760651e-02 1.713400520384311676e-02 1.705660670995712280e-02 1.700066030025482178e-02 1.695788092911243439e-02 1.693116687238216400e-02 1.692246645689010620e-02
1.246159151196479797e-02 4.969869232177734375e+01 7.173153162002563477e-01 4.027101397514343262e-01 2.866398990154266357e-01 2.239022105932235718e-01 1.855326145887374878e-01 1.581228673458099365e-01 1.378602087497711182e-01 1.223592236638069153e-01 1.101377382874488831e-01 1.002591550350189209e-01 9.211206436157226562e-02 8.527948707342147827e-02 7.947177439928054810e-02 7.447960227727890015e-02 7.014638185501098633e-02 6.635401397943496704e-02 6.301116198301315308e-02 6.005105003714561462e-02 5.740685760974884033e-02 5.504221096634864807e-02 5.291378498077392578e-02 5.099312588572502136e-02 4.925553128123283386e-02 4.767962172627449036e-02 4.624469578266143799e-02 4.493415728211402893e-02 4.374304786324501038e-02 4.265020415186882019e-02 4.165388643741607666e-02 4.074044153094291687e-02 3.990640863776206970e-02 3.914518281817436218e-02 3.844811022281646729e-02 3.781234100461006165e-02 3.723371028900146484e-02 3.670592233538627625e-02 3.623225167393684387e-02 3.580089658498764038e-02 3.541798144578933716e-02 3.507704660296440125e-02 3.477605059742927551e-02 3.451426327228546143e-02 3.428962454199790955e-02 3.410182148218154907e-02 3.394968062639236450e-02 3.383255377411842346e-02 3.374974802136421204e-02 3.369876742362976074e-02 3.368068113923072815e-02
3.229020908474922180e-02 4.988891220092773438e+01 5.696945786476135254e-01 3.174291551113128662e-01 2.249431908130645752e-01 1.751492768526077271e-01 1.451439410448074341e-01 1.236277818679809570e-01 1.077068373560905457e-01 9.554271399974822998e-02 8.596518635749816895e-02 7.823476940393447876e-02 7.185921818017959595e-02 6.651996076107025146e-02 6.198582425713539124e-02 5.808647722005844116e-02 5.470275878906250000e-02 5.174511298537254333e-02 4.913602769374847412e-02 4.682400822639465332e-02 4.476250708103179932e-02 4.291767627000808716e-02 4.125757887959480286e-02 3.976012393832206726e-02 3.840138390660285950e-02 3.717422485351562500e-02 3.605493903160095215e-02 3.503223508596420288e-02 3.410223871469497681e-02 3.325041756033897400e-02 3.247280791401863098e-02 3.176082298159599304e-02 3.111121244728565216e-02 3.051571547985076904e-02 2.997246198356151581e-02 2.947640605270862579e-02 2.902740798890590668e-02 2.861539274454116821e-02 2.824634872376918793e-02 2.790863439440727234e-02 2.761327475309371948e-02 2.734675072133541107e-02 2.711147442460060120e-02 2.690585330128669739e-02 2.673408575356006622e-02 2.658524736762046814e-02 2.646579034626483917e-02 2.637537568807601929e-02 2.630850858986377716e-02 2.627013064920902252e-02 2.625769004225730896e-02
4.760876297950744629e-03 4.987701797485351562e+01 6.237340569496154785e-01 3.468524217605590820e-01 2.455936223268508911e-01 1.913004964590072632e-01 1.584070175886154175e-01 1.349355131387710571e-01 1.175762861967086792e-01 1.043043732643127441e-01 9.385830163955688477e-02 8.542124181985855103e-02 7.846599072217941284e-02 7.263696193695068359e-02 6.768265366554260254e-02 6.342851370573043823e-02 5.973478779196739197e-02 5.650524049997329712e-02 5.365816503763198853e-02 5.113272741436958313e-02 4.887960106134414673e-02 4.686617106199264526e-02 4.505231976509094238e-02 4.341839998960494995e-02 4.193778336048126221e-02 4.059220105409622192e-02 3.937096148729324341e-02 3.825675323605537415e-02 3.723978251218795776e-02 3.631225600838661194e-02 3.546271473169326782e-02 3.468112647533416748e-02 3.397349640727043152e-02 3.332548961043357849e-02 3.273257985711097717e-02 3.219081461429595947e-02 3.169542551040649414e-02 3.125070407986640930e-02 3.084427677094936371e-02 3.047879971563816071e-02 3.015141747891902924e-02 2.986180409789085388e-02 2.960569970309734344e-02 2.938535809516906738e-02 2.919364348053932190e-02 2.903042174875736237e-02 2.890156395733356476e-02 2.880103699862957001e-02 2.873014099895954132e-02 2.868862636387348175e-02 2.867305278778076172e-02
1.872730627655982971e-02 4.972755050659179688e+01 6.530300974845886230e-01 3.674611449241638184e-01 2.614784240722656250e-01 2.042118310928344727e-01 1.691772043704986572e-01 1.442199498414993286e-01 1.257329434156417847e-01 1.115871891379356384e-01 1.004350334405899048e-01 9.142480790615081787e-02 8.399153500795364380e-02 7.776027172803878784e-02 7.246452569961547852e-02 6.791140884160995483e-02 6.396370381116867065e-02 6.050211936235427856e-02 5.745430663228034973e-02 5.475493147969245911e-02 5.234643816947937012e-02 5.019107460975646973e-02 4.824858158826828003e-02 4.649902135133743286e-02 4.491288959980010986e-02 4.347039759159088135e-02 4.216502979397773743e-02 4.097203910350799561e-02 3.988205268979072571e-02 3.889016434550285339e-02 3.797971829771995544e-02 3.714723140001296997e-02 3.638932108879089355e-02 3.569072857499122620e-02 3.505381569266319275e-02 3.447570651769638062e-02 3.394730761647224426e-02 3.346787765622138977e-02 3.303689509630203247e-02 3.264360129833221436e-02 3.229358047246932983e-02 3.198372572660446167e-02 3.170919418334960938e-02 3.147037699818611145e-02 3.126711398363113403e-02 3.109369054436683655e-02 3.095533698797225952e-02 3.084939531981945038e-02 3.077242709696292877e-02 3.072647750377655029e-02 3.071057423949241638e-02
4.085414111614227295e-04 4.972819900512695312e+01 6.928036808967590332e-01 3.883048593997955322e-01 2.762583494186401367e-01 2.157843858003616333e-01 1.786983758211135864e-01 1.523360908031463623e-01 1.328126192092895508e-01 1.178708150982856750e-01 1.060931533575057983e-01 9.657366573810577393e-02 8.872575312852859497e-02 8.214111626148223877e-02 7.654754072427749634e-02 7.173588871955871582e-02 6.756442785263061523e-02 6.391222774982452393e-02 6.069361045956611633e-02 5.783987045288085938e-02 5.529232695698738098e-02 5.301522091031074524e-02 5.096660554409027100e-02 4.911592602729797363e-02 4.744270071387290955e-02 4.591912031173706055e-02 4.453856498003005981e-02 4.327837750315666199e-02 4.213005304336547852e-02 4.107841476798057556e-02 4.011952877044677734e-02 3.924063220620155334e-02 3.843641653656959534e-02 3.770098462700843811e-02 3.702934831380844116e-02 3.641873225569725037e-02 3.585827350616455078e-02 3.535523265600204468e-02 3.489571064710617065e-02 3.448487445712089539e-02 3.411445766687393188e-02 3.378507122397422791e-02 3.349340707063674927e-02 3.324304893612861633e-02 3.302646055817604065e-02 3.284536302089691162e-02 3.269756585359573364e-02 3.258470818400382996e-02 3.250344470143318176e-02 3.245482966303825378e-02 3.244213387370109558e-02
1.036766916513442993e-02 4.977016448974609375e+01 6.617726683616638184e-01 3.704976439476013184e-01 2.632866799831390381e-01 2.055585831403732300e-01 1.701850891113281250e-01 1.450726538896560669e-01 1.264653950929641724e-01 1.122281774878501892e-01 1.010086387395858765e-01 9.194117784500122070e-02 8.446379005908966064e-02 7.819492369890213013e-02 7.286671549081802368e-02 6.829013675451278687e-02 6.431647390127182007e-02 6.083630025386810303e-02 5.777132511138916016e-02 5.505532771348953247e-02 5.263393744826316833e-02 5.046466737985610962e-02 4.850970581173896790e-02 4.675270989537239075e-02 4.515649005770683289e-02 4.371085762977600098e-02 4.239600896835327148e-02 4.119441285729408264e-02 4.009738937020301819e-02 3.910082578659057617e-02 3.818692639470100403e-02 3.735089674592018127e-02 3.658496215939521790e-02 3.588399663567543030e-02 3.524490818381309509e-02 3.466403856873512268e-02 3.413285315036773682e-02 3.365175798535346985e-02 3.321534767746925354e-02 3.282031416893005371e-02 3.246812149882316589e-02 3.215731307864189148e-02 3.188224136829376221e-02 3.164028748869895935e-02 3.143537417054176331e-02 3.126545250415802002e-02 3.112334571778774261e-02 3.101587854325771332e-02 3.093816153705120087e-02 3.089370392262935638e-02 3.087525069713592529e-02
5.400355905294418335e-03 4.972390365600585938e+01 6.878818273544311523e-01 3.861093819141387939e-01 2.747239768505096436e-01 2.146043181419372559e-01 1.776821464300155640e-01 1.515026688575744629e-01 1.320945918560028076e-01 1.172367110848426819e-01 1.055223122239112854e-01 9.605652838945388794e-02 8.824988454580307007e-02 8.170086145401000977e-02 7.613664120435714722e-02 7.135558128356933594e-02 6.720160692930221558e-02 6.357041001319885254e-02 6.036707386374473572e-02 5.753028020262718201e-02 5.499685555696487427e-02 5.273164808750152588e-02 5.069324001669883728e-02 4.885350167751312256e-02 4.718840867280960083e-02 4.567611217498779297e-02 4.429918527603149414e-02 4.304907843470573425e-02 4.190742969512939453e-02 4.085913300514221191e-02 3.990179672837257385e-02 3.902857750654220581e-02 3.823092207312583923e-02 3.749817982316017151e-02 3.683072701096534729e-02 3.622419759631156921e-02 3.566881641745567322e-02 3.516385704278945923e-02 3.470907360315322876e-02 3.429757058620452881e-02 3.392797708511352539e-02 3.360385447740554810e-02 3.331735730171203613e-02 3.306359797716140747e-02 3.285042941570281982e-02 3.266771882772445679e-02 3.252334892749786377e-02 3.241223469376564026e-02 3.232995793223381042e-02 3.228207677602767944e-02 3.226741030812263489e-02
8.546333760023117065e-03 4.976470565795898438e+01 6.868062615394592285e-01 3.839006423950195312e-01 2.727950513362884521e-01 2.130200117826461792e-01 1.762686073780059814e-01 1.502769589424133301e-01 1.310118436813354492e-01 1.162627935409545898e-01 1.046412736177444458e-01 9.525038301944732666e-02 8.750760555267333984e-02 8.101250231266021729e-02 7.549198716878890991e-02 7.074985653162002563e-02 6.663305312395095825e-02 6.303001195192337036e-02 5.985610932111740112e-02 5.703954771161079407e-02 5.453052744269371033e-02 5.228250101208686829e-02 5.026061087846755981e-02 4.843927547335624695e-02 4.678394645452499390e-02 4.528519883751869202e-02 4.392167180776596069e-02 4.268167912960052490e-02 4.154461622238159180e-02 4.050844535231590271e-02 3.956253454089164734e-02 3.869638219475746155e-02 3.790478780865669250e-02 3.718036413192749023e-02 3.651832416653633118e-02 3.591518476605415344e-02 3.536266088485717773e-02 3.486345335841178894e-02 3.441054746508598328e-02 3.400348126888275146e-02 3.364018723368644714e-02 3.331731632351875305e-02 3.303029015660285950e-02 3.278158605098724365e-02 3.256764635443687439e-02 3.238998726010322571e-02 3.224572911858558655e-02 3.213464841246604919e-02 3.205379098653793335e-02 3.200737759470939636e-02 3.198972716927528381e-02
2.217650413513183594e-03 4.982262802124023438e+01 6.674112081527709961e-01 3.710632026195526123e-01 2.635222375392913818e-01 2.055723071098327637e-01 1.700166314840316772e-01 1.449093818664550781e-01 1.263042241334915161e-01 1.120676547288894653e-01 1.008568555116653442e-01 9.179751574993133545e-02 8.432619273662567139e-02 7.806821167469024658e-02 7.274521142244338989e-02 6.817184388637542725e-02 6.420423835515975952e-02 6.073350459337234497e-02 5.767207220196723938e-02 5.495881289243698120e-02 5.253984406590461731e-02 5.037499219179153442e-02 4.842624068260192871e-02 4.666965082287788391e-02 4.507629573345184326e-02 4.363284260034561157e-02 4.232026636600494385e-02 4.112328588962554932e-02 4.003047198057174683e-02 3.903032839298248291e-02 3.811729326844215393e-02 3.728458285331726074e-02 3.651866316795349121e-02 3.581876307725906372e-02 3.518250957131385803e-02 3.460235148668289185e-02 3.407032415270805359e-02 3.358958289027214050e-02 3.315511345863342285e-02 3.276147693395614624e-02 3.241005912423133850e-02 3.209912776947021484e-02 3.182236105203628540e-02 3.158427029848098755e-02 3.137791156768798828e-02 3.120638243854045868e-02 3.106629848480224609e-02 3.095881454646587372e-02 3.088163398206233978e-02 3.083704784512519836e-02 3.082147240638732910e-02
3.098405897617340088e-03 4.978053283691406250e+01 6.713640093803405762e-01 3.747364878654479980e-01 2.666986584663391113e-01 2.080725729465484619e-01 1.721261292695999146e-01 1.467583328485488892e-01 1.279399991035461426e-01 1.135315299034118652e-01 1.021819561719894409e-01 9.300816059112548828e-02 8.544468134641647339e-02 7.910171151161193848e-02 7.371236383914947510e-02 6.908095628023147583e-02 6.505999714136123657e-02 6.154143810272216797e-02 5.844295397400856018e-02 5.569193884730339050e-02 5.324122309684753418e-02 5.104594305157661438e-02 4.907377064228057861e-02 4.729278385639190674e-02 4.567798972129821777e-02 4.421624541282653809e-02 4.288444668054580688e-02 4.167104139924049377e-02 4.056233540177345276e-02 3.955210000276565552e-02 3.862800449132919312e-02 3.778041526675224304e-02 3.700765594840049744e-02 3.630032017827033997e-02 3.565404191613197327e-02 3.506435453891754150e-02 3.452756255865097046e-02 3.404225036501884460e-02 3.360065445303916931e-02 3.320010378956794739e-02 3.284234926104545593e-02 3.252818435430526733e-02 3.224919363856315613e-02 3.200574219226837158e-02 3.179758787155151367e-02 3.162463754415512085e-02 3.148334100842475891e-02 3.137388080358505249e-02 3.129645064473152161e-02 3.125052154064178467e-02 3.123572468757629395e-02
1.796985790133476257e-02 4.974464416503906250e+01 6.736893653869628906e-01 3.780258893966674805e-01 2.688755989074707031e-01 2.098270654678344727e-01 1.736078113317489624e-01 1.480599343776702881e-01 1.290936917066574097e-01 1.145680174231529236e-01 1.031198278069496155e-01 9.386895596981048584e-02 8.623681217432022095e-02 7.983776181936264038e-02 7.439939677715301514e-02 6.972780078649520874e-02 6.566930562257766724e-02 6.211694329977035522e-02 5.898915603756904602e-02 5.621648952364921570e-02 5.374415218830108643e-02 5.152565240859985352e-02 4.953522980213165283e-02 4.773978516459465027e-02 4.611140489578247070e-02 4.463217407464981079e-02 4.328789934515953064e-02 4.206591472029685974e-02 4.094727337360382080e-02 3.992552682757377625e-02 3.899182379245758057e-02 3.813702613115310669e-02 3.735848516225814819e-02 3.664436563849449158e-02 3.598903119564056396e-02 3.539377823472023010e-02 3.485252708196640015e-02 3.436208888888359070e-02 3.391685336828231812e-02 3.351333737373352051e-02 3.315572813153266907e-02 3.283569216728210449e-02 3.255502879619598389e-02 3.231051191687583923e-02 3.210093453526496887e-02 3.192453831434249878e-02 3.178033977746963501e-02 3.166954964399337769e-02 3.159396350383758545e-02 3.154387697577476501e-02 3.153098747134208679e-02
9.621586650609970093e-03 4.976013565063476562e+01 6.633350253105163574e-01 3.716986477375030518e-01 2.641990184783935547e-01 2.063493430614471436e-01 1.706916838884353638e-01 1.455797553062438965e-01 1.269250512123107910e-01 1.126376017928123474e-01 1.013786569237709045e-01 9.228025376796722412e-02 8.477769792079925537e-02 7.848638296127319336e-02 7.314190268516540527e-02 6.854469329118728638e-02 6.455582380294799805e-02 6.106457486748695374e-02 5.799071863293647766e-02 5.526101216673851013e-02 5.282924324274063110e-02 5.065271258354187012e-02 4.869661480188369751e-02 4.692508652806282043e-02 4.532440379261970520e-02 4.387529566884040833e-02 4.255485907196998596e-02 4.135167598724365234e-02 4.025302082300186157e-02 3.924861922860145569e-02 3.833102434873580933e-02 3.748976439237594604e-02 3.672233223915100098e-02 3.601955994963645935e-02 3.537716343998908997e-02 3.479415923357009888e-02 3.426216915249824524e-02 3.377830982208251953e-02 3.334098681807518005e-02 3.294632211327552795e-02 3.259181603789329529e-02 3.227770328521728516e-02 3.200021386146545410e-02 3.175923600792884827e-02 3.155491128563880920e-02 3.138056769967079163e-02 3.124142810702323914e-02 3.113334625959396362e-02 3.105373121798038483e-02 3.100801818072795868e-02 3.099406138062477112e-02
9.646032005548477173e-03 4.978901672363281250e+01 6.619321703910827637e-01 3.698016405105590820e-01 2.625766396522521973e-01 2.049811929464340210e-01 1.695270091295242310e-01 1.445789635181427002e-01 1.260436922311782837e-01 1.118540987372398376e-01 1.006707102060317993e-01 9.163174033164978027e-02 8.417657017707824707e-02 7.792872190475463867e-02 7.261869311332702637e-02 6.805652379989624023e-02 6.409521400928497314e-02 6.063000112771987915e-02 5.757488310337066650e-02 5.486727133393287659e-02 5.245166271924972534e-02 5.029112100601196289e-02 4.834504052996635437e-02 4.658980295062065125e-02 4.500129446387290955e-02 4.355840384960174561e-02 4.225056990981101990e-02 4.105525091290473938e-02 3.996415808796882629e-02 3.896531835198402405e-02 3.805511817336082458e-02 3.722156956791877747e-02 3.645598888397216797e-02 3.576138988137245178e-02 3.512681275606155396e-02 3.454612940549850464e-02 3.401500359177589417e-02 3.353551402688026428e-02 3.310053795576095581e-02 3.270945325493812561e-02 3.235974535346031189e-02 3.204700350761413574e-02 3.177301213145256042e-02 3.153304383158683777e-02 3.132637962698936462e-02 3.115702234208583832e-02 3.101645782589912415e-02 3.090928308665752411e-02 3.083116747438907623e-02 3.078841604292392731e-02 3.077248111367225647e-02
5.037611722946166992e-02 4.982666397094726562e+01 5.357010364532470703e-01 3.010601401329040527e-01 2.130793929100036621e-01 1.662408709526062012e-01 1.375924497842788696e-01 1.173973008990287781e-01 1.023392379283905029e-01 9.080200642347335815e-02 8.171177655458450317e-02 7.437127828598022461e-02 6.831996142864227295e-02 6.324614584445953369e-02 5.893609300255775452e-02 5.523018911480903625e-02 5.201744288206100464e-02 4.920539259910583496e-02 4.672473296523094177e-02 4.452473670244216919e-02 4.256676882505416870e-02 4.081169143319129944e-02 3.923587128520011902e-02 3.781128302216529846e-02 3.652068600058555603e-02 3.535022959113121033e-02 3.428570926189422607e-02 3.331774845719337463e-02 3.243064880371093750e-02 3.162309899926185608e-02 3.088240511715412140e-02 3.020589053630828857e-02 2.958641946315765381e-02 2.901882492005825043e-02 2.850566618144512177e-02 2.803526259958744049e-02 2.760461159050464630e-02 2.721461281180381775e-02 2.686199173331260681e-02 2.654685080051422119e-02 2.626067772507667542e-02 2.600674889981746674e-02 2.578326314687728882e-02 2.558834105730056763e-02 2.542107738554477692e-02 2.528299577534198761e-02 2.517200633883476257e-02 2.508465014398097992e-02 2.502305060625076294e-02 2.498283423483371735e-02 2.497114054858684540e-02
8.110634982585906982e-03 4.991825103759765625e+01 6.520847082138061523e-01 3.597468137741088867e-01 2.547070086002349854e-01 1.983972489833831787e-01 1.638649404048919678e-01 1.396750956773757935e-01 1.217150688171386719e-01 1.079764366149902344e-01 9.715653955936431885e-02 8.842215687036514282e-02 8.122072368860244751e-02 7.518321275711059570e-02 7.005616277456283569e-02 6.564941257238388062e-02 6.182656437158584595e-02 5.848045274615287781e-02 5.553206801414489746e-02 5.292068794369697571e-02 5.058886855840682983e-02 4.850370436906814575e-02 4.662817344069480896e-02 4.493303596973419189e-02 4.340242594480514526e-02 4.201126843690872192e-02 4.074556753039360046e-02 3.959314525127410889e-02 3.853902593255043030e-02 3.757829219102859497e-02 3.669998794794082642e-02 3.589526936411857605e-02 3.515991941094398499e-02 3.448795899748802185e-02 3.387464210391044617e-02 3.331322968006134033e-02 3.280362859368324280e-02 3.233936801552772522e-02 3.192153573036193848e-02 3.154242411255836487e-02 3.120390512049198151e-02 3.090362437069416046e-02 3.063866123557090759e-02 3.040783479809761047e-02 3.021075017750263214e-02 3.004337847232818604e-02 2.991075254976749420e-02 2.980705164372920990e-02 2.973500080406665802e-02 2.968827635049819946e-02 2.967426925897598267e-02
3.657542169094085693e-03 4.973241806030273438e+01 6.811051964759826660e-01 3.820105195045471191e-01 2.717700004577636719e-01 2.123620659112930298e-01 1.755909472703933716e-01 1.498047113418579102e-01 1.306288987398147583e-01 1.159355863928794861e-01 1.043536439538002014e-01 9.499123692512512207e-02 8.726921677589416504e-02 8.079595118761062622e-02 7.529348880052566528e-02 7.056205719709396362e-02 6.645682454109191895e-02 6.286261230707168579e-02 5.969613045454025269e-02 5.688828974962234497e-02 5.438611283898353577e-02 5.214405059814453125e-02 5.013014748692512512e-02 4.831067100167274475e-02 4.666391015052795410e-02 4.516750946640968323e-02 4.380907118320465088e-02 4.256921261548995972e-02 4.143796861171722412e-02 4.040548577904701233e-02 3.946051374077796936e-02 3.859737515449523926e-02 3.780425712466239929e-02 3.708007186651229858e-02 3.642044588923454285e-02 3.582202270627021790e-02 3.527076542377471924e-02 3.477434068918228149e-02 3.432342782616615295e-02 3.391800820827484131e-02 3.355066850781440735e-02 3.322941809892654419e-02 3.294438123703002930e-02 3.269602358341217041e-02 3.248448669910430908e-02 3.230605646967887878e-02 3.216100856661796570e-02 3.205107524991035461e-02 3.197103366255760193e-02 3.192358836531639099e-02 3.191041201353073120e-02
5.106065794825553894e-02 4.997333145141601562e+01 4.563286006450653076e-01 2.528581619262695312e-01 1.773789525032043457e-01 1.379307955503463745e-01 1.140606701374053955e-01 9.730596095323562622e-02 8.477037400007247925e-02 7.517236471176147461e-02 6.762075424194335938e-02 6.152853369712829590e-02 5.651302635669708252e-02 5.230607837438583374e-02 4.873772338032722473e-02 4.567083716392517090e-02 4.300793632864952087e-02 4.067984223365783691e-02 3.862945362925529480e-02 3.681090101599693298e-02 3.519199416041374207e-02 3.373914211988449097e-02 3.243131563067436218e-02 3.125492483377456665e-02 3.018888272345066071e-02 2.921916916966438293e-02 2.834045514464378357e-02 2.753634937107563019e-02 2.680752053856849670e-02 2.613763324916362762e-02 2.552411891520023346e-02 2.496624179184436798e-02 2.445624209940433502e-02 2.398624271154403687e-02 2.355888113379478455e-02 2.317086048424243927e-02 2.281737513840198517e-02 2.249341830611228943e-02 2.220093831419944763e-02 2.193944528698921204e-02 2.170435898005962372e-02 2.149300277233123779e-02 2.131035923957824707e-02 2.115036919713020325e-02 2.101200446486473083e-02 2.089778147637844086e-02 2.080218866467475891e-02 2.072845399379730225e-02 2.067951671779155731e-02 2.064974606037139893e-02 2.063930407166481018e-02
9.445337578654289246e-03 4.938946914672851562e+01 7.368731498718261719e-01 4.245847463607788086e-01 3.045943975448608398e-01 2.389788478612899780e-01 1.979201287031173706e-01 1.690823882818222046e-01 1.475836634635925293e-01 1.310766190290451050e-01 1.180393323302268982e-01 1.074874103069305420e-01 9.877425432205200195e-02 9.146352112293243408e-02 8.524693548679351807e-02 7.990111410617828369e-02 7.525874674320220947e-02 7.119700312614440918e-02 6.761368364095687866e-02 6.443759799003601074e-02 6.160601973533630371e-02 5.906971544027328491e-02 5.678812414407730103e-02 5.472981184720993042e-02 5.286285281181335449e-02 5.117141827940940857e-02 4.963286966085433960e-02 4.823073744773864746e-02 4.694834724068641663e-02 4.577730968594551086e-02 4.470958933234214783e-02 4.372680187225341797e-02 4.283369705080986023e-02 4.201508685946464539e-02 4.126918688416481018e-02 4.058672487735748291e-02 3.996585682034492493e-02 3.939888626337051392e-02 3.889061510562896729e-02 3.843092173337936401e-02 3.801847249269485474e-02 3.765139728784561157e-02 3.732826933264732361e-02 3.704836219549179077e-02 3.680699691176414490e-02 3.660634532570838928e-02 3.644197434186935425e-02 3.631788492202758789e-02 3.622592985630035400e-02 3.617045283317565918e-02 3.615250438451766968e-02
4.310499876737594604e-03 4.971561050415039062e+01 7.115036249160766602e-01 3.991107940673828125e-01 2.840456664562225342e-01 2.220291048288345337e-01 1.834874451160430908e-01 1.565540432929992676e-01 1.365225017070770264e-01 1.211722195148468018e-01 1.090688332915306091e-01 9.928604215383529663e-02 9.121818095445632935e-02 8.445024490356445312e-02 7.869929075241088867e-02 7.375550270080566406e-02 6.946270167827606201e-02 6.571090966463088989e-02 6.239858269691467285e-02 5.946598201990127563e-02 5.684903264045715332e-02 5.450752750039100647e-02 5.239962413907051086e-02 5.049496144056320190e-02 4.877645149827003479e-02 4.721478000283241272e-02 4.579249024391174316e-02 4.449897259473800659e-02 4.331528395414352417e-02 4.223361611366271973e-02 4.124476015567779541e-02 4.034325480461120605e-02 3.951527923345565796e-02 3.876037895679473877e-02 3.806947171688079834e-02 3.744121268391609192e-02 3.686762228608131409e-02 3.634833544492721558e-02 3.587820753455162048e-02 3.545230999588966370e-02 3.507240116596221924e-02 3.473515808582305908e-02 3.443625569343566895e-02 3.417637571692466736e-02 3.395412117242813110e-02 3.376901522278785706e-02 3.361764177680015564e-02 3.350158035755157471e-02 3.341998904943466187e-02 3.337094187736511230e-02 3.335415199398994446e-02
3.282030671834945679e-02 4.961600112915039062e+01 7.992780804634094238e-01 4.477816224098205566e-01 3.195596337318420410e-01 2.498989105224609375e-01 2.065460681915283203e-01 1.762719899415969849e-01 1.537590920925140381e-01 1.365026533603668213e-01 1.228894144296646118e-01 1.118796467781066895e-01 1.027971804141998291e-01 9.517677873373031616e-02 8.869963139295578003e-02 8.312880247831344604e-02 7.829482108354568481e-02 7.406420260667800903e-02 7.033541053533554077e-02 6.702762842178344727e-02 6.407967209815979004e-02 6.144008785486221313e-02 5.906687676906585693e-02 5.692389979958534241e-02 5.498236790299415588e-02 5.321929603815078735e-02 5.161657929420471191e-02 5.015744641423225403e-02 4.882514104247093201e-02 4.760886356234550476e-02 4.649455472826957703e-02 4.547794908285140991e-02 4.454599320888519287e-02 4.369417577981948853e-02 4.291819036006927490e-02 4.220931604504585266e-02 4.156186804175376892e-02 4.097340628504753113e-02 4.044307023286819458e-02 3.996529057621955872e-02 3.953529149293899536e-02 3.915610164403915405e-02 3.882021829485893250e-02 3.852621838450431824e-02 3.827608004212379456e-02 3.806583955883979797e-02 3.789550065994262695e-02 3.776494413614273071e-02 3.767254576086997986e-02 3.761643171310424805e-02 3.760005533695220947e-02
8.380487561225891113e-03 4.969555664062500000e+01 7.048271894454956055e-01 3.964753448963165283e-01 2.824995815753936768e-01 2.206189334392547607e-01 1.823538988828659058e-01 1.556348800659179688e-01 1.357359588146209717e-01 1.204799711704254150e-01 1.084518805146217346e-01 9.872820228338241577e-02 9.070565551519393921e-02 8.397831767797470093e-02 7.826033979654312134e-02 7.334312051534652710e-02 6.907565891742706299e-02 6.534445285797119141e-02 6.205096468329429626e-02 5.913626402616500854e-02 5.653599649667739868e-02 5.420468002557754517e-02 5.210879072546958923e-02 5.021673440933227539e-02 4.850696027278900146e-02 4.695106297731399536e-02 4.553858935832977295e-02 4.425119236111640930e-02 4.307723045349121094e-02 4.200129956007003784e-02 4.101746901869773865e-02 4.011875018477439880e-02 3.930041939020156860e-02 3.854554146528244019e-02 3.786028549075126648e-02 3.723325952887535095e-02 3.666647523641586304e-02 3.614959865808486938e-02 3.567669913172721863e-02 3.525529056787490845e-02 3.487826511263847351e-02 3.454318642616271973e-02 3.424729779362678528e-02 3.398855775594711304e-02 3.376777097582817078e-02 3.358323499560356140e-02 3.343424573540687561e-02 3.331404179334640503e-02 3.323426097631454468e-02 3.318379819393157959e-02 3.316473215818405151e-02
5.130074918270111084e-03 4.977255249023437500e+01 6.797570586204528809e-01 3.803801536560058594e-01 2.704068124294281006e-01 2.110698521137237549e-01 1.743680536746978760e-01 1.487848311662673950e-01 1.297312080860137939e-01 1.151326149702072144e-01 1.036236435174942017e-01 9.432630240917205811e-02 8.665589243173599243e-02 8.022610843181610107e-02 7.475958764553070068e-02 7.006140798330307007e-02 6.598629802465438843e-02 6.241582706570625305e-02 5.927146598696708679e-02 5.648351088166236877e-02 5.399867519736289978e-02 5.177408456802368164e-02 4.977147281169891357e-02 4.796315357089042664e-02 4.632858932018280029e-02 4.484672844409942627e-02 4.349349066615104675e-02 4.226245358586311340e-02 4.114359244704246521e-02 4.011604189872741699e-02 3.917790949344635010e-02 3.831653669476509094e-02 3.753267601132392883e-02 3.681689128279685974e-02 3.616171330213546753e-02 3.556461259722709656e-02 3.501942008733749390e-02 3.452633321285247803e-02 3.407706692814826965e-02 3.367524966597557068e-02 3.331042826175689697e-02 3.299053013324737549e-02 3.270773217082023621e-02 3.246255964040756226e-02 3.225285187363624573e-02 3.207478672266006470e-02 3.193054348230361938e-02 3.182093054056167603e-02 3.173987939953804016e-02 3.169475868344306946e-02 3.167813271284103394e-02
2.346735447645187378e-03 4.969638442993164062e+01 7.040192484855651855e-01 3.956651091575622559e-01 2.817043364048004150e-01 2.203043103218078613e-01 1.820302009582519531e-01 1.553651094436645508e-01 1.354992538690567017e-01 1.202677637338638306e-01 1.082584857940673828e-01 9.855458140373229980e-02 9.054438024759292603e-02 8.382843434810638428e-02 7.811995595693588257e-02 7.321417331695556641e-02 6.895294040441513062e-02 6.522607803344726562e-02 6.194287911057472229e-02 5.902973562479019165e-02 5.643255636096000671e-02 5.410696193575859070e-02 5.201530456542968750e-02 5.012767761945724487e-02 4.842020943760871887e-02 4.686937853693962097e-02 4.545676708221435547e-02 4.416981339454650879e-02 4.299665614962577820e-02 4.192467406392097473e-02 4.094644263386726379e-02 4.004782065749168396e-02 3.922621160745620728e-02 3.847741335630416870e-02 3.779206797480583191e-02 3.717014193534851074e-02 3.659940138459205627e-02 3.608183190226554871e-02 3.561580553650856018e-02 3.519471734762191772e-02 3.481639921665191650e-02 3.447950631380081177e-02 3.418502956628799438e-02 3.392810747027397156e-02 3.370641544461250305e-02 3.352241218090057373e-02 3.337410092353820801e-02 3.325692564249038696e-02 3.317597508430480957e-02 3.312370553612709045e-02 3.310832753777503967e-02
2.711933851242065430e-02 4.985145187377929688e+01 7.995641231536865234e-01 4.404623806476593018e-01 3.121721744537353516e-01 2.435359060764312744e-01 2.009434103965759277e-01 1.713674366474151611e-01 1.493916958570480347e-01 1.325708180665969849e-01 1.193147674202919006e-01 1.086019352078437805e-01 9.976644814014434814e-02 9.235782921314239502e-02 8.606496453285217285e-02 8.065573871135711670e-02 7.596131414175033569e-02 7.185193896293640137e-02 6.823235005140304565e-02 6.502109020948410034e-02 6.216049194335937500e-02 5.959755182266235352e-02 5.729048699140548706e-02 5.521143600344657898e-02 5.333025380969047546e-02 5.162113532423973083e-02 5.006536096334457397e-02 4.864928498864173889e-02 4.735670611262321472e-02 4.617656022310256958e-02 4.509611800312995911e-02 4.410629719495773315e-02 4.320329427719116211e-02 4.237823188304901123e-02 4.162222519516944885e-02 4.093310981988906860e-02 4.030810296535491943e-02 3.973840549588203430e-02 3.922368958592414856e-02 3.876047208905220032e-02 3.834235668182373047e-02 3.797520697116851807e-02 3.764857724308967590e-02 3.736596554517745972e-02 3.712363168597221375e-02 3.691960871219635010e-02 3.675348684191703796e-02 3.662648051977157593e-02 3.653679788112640381e-02 3.648189455270767212e-02 3.646111488342285156e-02
4.422964900732040405e-02 4.992451858520507812e+01 5.366767644882202148e-01 2.989839017391204834e-01 2.112442404031753540e-01 1.644808948040008545e-01 1.357695013284683228e-01 1.158347427845001221e-01 1.009374633431434631e-01 8.952972292900085449e-02 8.055301755666732788e-02 7.330482453107833862e-02 6.732893735170364380e-02 6.232481449842453003e-02 5.807154625654220581e-02 5.441809445619583130e-02 5.124920606613159180e-02 4.847470298409461975e-02 4.603114351630210876e-02 4.386501014232635498e-02 4.193322360515594482e-02 4.020415619015693665e-02 3.864882513880729675e-02 3.724443167448043823e-02 3.597535192966461182e-02 3.482095897197723389e-02 3.377320617437362671e-02 3.281794860959053040e-02 3.194722160696983337e-02 3.114749491214752197e-02 3.041764348745346069e-02 2.975512482225894928e-02 2.914299815893173218e-02 2.858591824769973755e-02 2.807742729783058167e-02 2.761289849877357483e-02 2.719049528241157532e-02 2.680642902851104736e-02 2.645820565521717072e-02 2.614456601440906525e-02 2.586513571441173553e-02 2.561727352440357208e-02 2.539645135402679443e-02 2.520471625030040741e-02 2.503990381956100464e-02 2.490272931754589081e-02 2.479488588869571686e-02 2.470705844461917877e-02 2.464281953871250153e-02 2.460750564932823181e-02 2.459578216075897217e-02
1.037107035517692566e-02 4.965782546997070312e+01 7.558626532554626465e-01 4.249401688575744629e-01 3.028345406055450439e-01 2.366565614938735962e-01 1.955163627862930298e-01 1.668961495161056519e-01 1.455765366554260254e-01 1.292271316051483154e-01 1.163322851061820984e-01 1.059054359793663025e-01 9.730526804924011230e-02 9.008777886629104614e-02 8.395569026470184326e-02 7.868354022502899170e-02 7.410853356122970581e-02 7.010383903980255127e-02 6.657290458679199219e-02 6.344129890203475952e-02 6.065381690859794617e-02 5.815045163035392761e-02 5.590456724166870117e-02 5.387661978602409363e-02 5.203863978385925293e-02 5.037226900458335876e-02 4.885734990239143372e-02 4.747308418154716492e-02 4.621428623795509338e-02 4.505958780646324158e-02 4.400714114308357239e-02 4.304448142647743225e-02 4.216160252690315247e-02 4.135420918464660645e-02 4.061789065599441528e-02 3.994811698794364929e-02 3.933750092983245850e-02 3.878137096762657166e-02 3.827862069010734558e-02 3.782659396529197693e-02 3.742203488945960999e-02 3.705884516239166260e-02 3.674248978495597839e-02 3.646636009216308594e-02 3.622782602906227112e-02 3.602804988622665405e-02 3.586647659540176392e-02 3.574462607502937317e-02 3.565665706992149353e-02 3.560136631131172180e-02 3.558381274342536926e-02
1.869994774460792542e-02 4.937275314331054688e+01 7.883191108703613281e-01 4.520552456378936768e-01 3.249518573284149170e-01 2.548962235450744629e-01 2.108496129512786865e-01 1.801453530788421631e-01 1.572404652833938599e-01 1.396529674530029297e-01 1.257621943950653076e-01 1.145168840885162354e-01 1.052365079522132874e-01 9.745014458894729614e-02 9.082233905792236328e-02 8.512490987777709961e-02 8.018295466899871826e-02 7.585332542657852173e-02 7.203692197799682617e-02 6.865152716636657715e-02 6.563531607389450073e-02 6.293107569217681885e-02 6.050196662545204163e-02 5.830760672688484192e-02 5.631951987743377686e-02 5.451819673180580139e-02 5.287581309676170349e-02 5.138304829597473145e-02 5.001668259501457214e-02 4.877076670527458191e-02 4.763358458876609802e-02 4.658936709165573120e-02 4.563399776816368103e-02 4.475845396518707275e-02 4.396438971161842346e-02 4.323810338973999023e-02 4.257847368717193604e-02 4.197685420513153076e-02 4.143377766013145447e-02 4.094409197568893433e-02 4.050575569272041321e-02 4.011222347617149353e-02 3.976957872509956360e-02 3.947001695632934570e-02 3.921462967991828918e-02 3.899852931499481201e-02 3.882474079728126526e-02 3.868891671299934387e-02 3.859411552548408508e-02 3.853796422481536865e-02 3.851565346121788025e-02
4.871834069490432739e-03 4.987267684936523438e+01 6.432700753211975098e-01 3.564642369747161865e-01 2.527885138988494873e-01 1.970839947462081909e-01 1.626489162445068359e-01 1.387737542390823364e-01 1.209610924124717712e-01 1.073217764496803284e-01 9.657556563615798950e-02 8.789779245853424072e-02 8.074310421943664551e-02 7.474606484174728394e-02 6.964912265539169312e-02 6.526932120323181152e-02 6.146866455674171448e-02 5.814357846975326538e-02 5.521222576498985291e-02 5.261513218283653259e-02 5.029848963022232056e-02 4.822491481900215149e-02 4.635899141430854797e-02 4.467644169926643372e-02 4.315225407481193542e-02 4.177067428827285767e-02 4.051248356699943542e-02 3.936639428138732910e-02 3.831829503178596497e-02 3.736275061964988708e-02 3.649006038904190063e-02 3.569176420569419861e-02 3.496060147881507874e-02 3.429056331515312195e-02 3.368066996335983276e-02 3.312281146645545959e-02 3.261668980121612549e-02 3.215676546096801758e-02 3.173902258276939392e-02 3.136226534843444824e-02 3.102719038724899292e-02 3.072786889970302582e-02 3.046386130154132843e-02 3.023432940244674683e-02 3.003657236695289612e-02 2.987417206168174744e-02 2.974084764719009399e-02 2.963761985301971436e-02 2.956523559987545013e-02 2.952001616358757019e-02 2.950342372059822083e-02
5.679309368133544922e-03 4.974120712280273438e+01 6.695430874824523926e-01 3.755644261837005615e-01 2.670966386795043945e-01 2.087450772523880005e-01 1.724032461643218994e-01 1.471795737743377686e-01 1.283521354198455811e-01 1.139152273535728455e-01 1.025328040122985840e-01 9.333324432373046875e-02 8.574670553207397461e-02 7.938393950462341309e-02 7.397600263357162476e-02 6.933083385229110718e-02 6.529618799686431885e-02 6.176755204796791077e-02 5.865414068102836609e-02 5.589306727051734924e-02 5.343599617481231689e-02 5.123285949230194092e-02 4.925353080034255981e-02 4.746562242507934570e-02 4.584609344601631165e-02 4.437898844480514526e-02 4.304395243525505066e-02 4.182646796107292175e-02 4.071292281150817871e-02 3.969641774892807007e-02 3.876997902989387512e-02 3.792003542184829712e-02 3.714157268404960632e-02 3.643395379185676575e-02 3.578616678714752197e-02 3.519434109330177307e-02 3.465401381254196167e-02 3.416639938950538635e-02 3.372111544013023376e-02 3.332372382283210754e-02 3.296770527958869934e-02 3.264798969030380249e-02 3.236903622746467590e-02 3.212583065032958984e-02 3.191507980227470398e-02 3.174161165952682495e-02 3.159945830702781677e-02 3.148957341909408569e-02 3.141221031546592712e-02 3.136400133371353149e-02 3.134910762310028076e-02
3.310792148113250732e-03 4.974493408203125000e+01 6.714606881141662598e-01 3.763370513916015625e-01 2.676612436771392822e-01 2.091950476169586182e-01 1.727497428655624390e-01 1.474777162075042725e-01 1.286056786775588989e-01 1.141395196318626404e-01 1.027362793684005737e-01 9.351727366447448730e-02 8.591500669717788696e-02 7.953922450542449951e-02 7.412020117044448853e-02 6.946323812007904053e-02 6.542224436998367310e-02 6.188265606760978699e-02 5.876725167036056519e-02 5.600434541702270508e-02 5.353802070021629333e-02 5.133323743939399719e-02 4.934970289468765259e-02 4.755738377571105957e-02 4.593401402235031128e-02 4.446520656347274780e-02 4.312737286090850830e-02 4.190725088119506836e-02 4.079284518957138062e-02 3.977741673588752747e-02 3.884490206837654114e-02 3.799341619014739990e-02 3.721525520086288452e-02 3.650372102856636047e-02 3.585420176386833191e-02 3.526240214705467224e-02 3.472351282835006714e-02 3.423354402184486389e-02 3.378500416874885559e-02 3.338658809661865234e-02 3.303125500679016113e-02 3.271130099892616272e-02 3.243322670459747314e-02 3.218838199973106384e-02 3.197945654392242432e-02 3.180294111371040344e-02 3.166078403592109680e-02 3.154892101883888245e-02 3.147266060113906860e-02 3.142574802041053772e-02 3.141029924154281616e-02
7.388982921838760376e-03 4.975303268432617188e+01 6.692176461219787598e-01 3.751514852046966553e-01 2.667114734649658203e-01 2.084436863660812378e-01 1.721041500568389893e-01 1.469233185052871704e-01 1.281212121248245239e-01 1.137055605649948120e-01 1.023410707712173462e-01 9.315770119428634644e-02 8.558414131402969360e-02 7.923533767461776733e-02 7.383652776479721069e-02 6.919760257005691528e-02 6.517016887664794922e-02 6.164731457829475403e-02 5.854142829775810242e-02 5.579029023647308350e-02 5.333476886153221130e-02 5.113570764660835266e-02 4.915618896484375000e-02 4.737396538257598877e-02 4.575926437973976135e-02 4.429336637258529663e-02 4.295984283089637756e-02 4.174494743347167969e-02 4.063588753342628479e-02 3.962234407663345337e-02 3.869389370083808899e-02 3.784762695431709290e-02 3.707269206643104553e-02 3.636270761489868164e-02 3.571744263172149658e-02 3.512620925903320312e-02 3.458816930651664734e-02 3.409877419471740723e-02 3.365732356905937195e-02 3.325793147087097168e-02 3.290397673845291138e-02 3.258480504155158997e-02 3.230386599898338318e-02 3.206303715705871582e-02 3.185403719544410706e-02 3.167898207902908325e-02 3.153889998793601990e-02 3.143141418695449829e-02 3.134916722774505615e-02 3.130302578210830688e-02 3.128895536065101624e-02
8.013200014829635620e-03 4.980070877075195312e+01 6.633155941963195801e-01 3.700146079063415527e-01 2.627425193786621094e-01 2.051819264888763428e-01 1.693563908338546753e-01 1.445589959621429443e-01 1.260414421558380127e-01 1.118507832288742065e-01 1.006636023521423340e-01 9.162525087594985962e-02 8.417163789272308350e-02 7.792319357395172119e-02 7.261265069246292114e-02 6.805048137903213501e-02 6.408932060003280640e-02 6.062042713165283203e-02 5.756859108805656433e-02 5.486024916172027588e-02 5.244787409901618958e-02 5.028403550386428833e-02 4.834034293889999390e-02 4.658593982458114624e-02 4.499800503253936768e-02 4.355563223361968994e-02 4.224371165037155151e-02 4.104928299784660339e-02 3.995937108993530273e-02 3.895994648337364197e-02 3.805006667971611023e-02 3.721635416150093079e-02 3.645506873726844788e-02 3.575636073946952820e-02 3.512006998062133789e-02 3.454006835818290710e-02 3.401098772883415222e-02 3.353180736303329468e-02 3.309539705514907837e-02 3.270513936877250671e-02 3.235252946615219116e-02 3.204090520739555359e-02 3.176697716116905212e-02 3.152795135974884033e-02 3.132253140211105347e-02 3.115161880850791931e-02 3.101301752030849457e-02 3.090320155024528503e-02 3.082522191107273102e-02 3.078140504658222198e-02 3.076792880892753601e-02
2.508793026208877563e-03 4.973101043701171875e+01 6.844761967658996582e-01 3.839487731456756592e-01 2.731152474880218506e-01 2.135140597820281982e-01 1.762812584638595581e-01 1.505053788423538208e-01 1.312539428472518921e-01 1.164941713213920593e-01 1.048567071557044983e-01 9.545299410820007324e-02 8.769419789314270020e-02 8.118538558483123779e-02 7.565595954656600952e-02 7.090529054403305054e-02 6.677608191967010498e-02 6.316765397787094116e-02 5.998608097434043884e-02 5.716527253389358521e-02 5.464949086308479309e-02 5.239820107817649841e-02 5.036963149905204773e-02 4.854327812790870667e-02 4.688955843448638916e-02 4.538724571466445923e-02 4.402058199048042297e-02 4.277590289711952209e-02 4.164069518446922302e-02 4.059969633817672729e-02 3.964842110872268677e-02 3.878137096762657166e-02 3.798983618617057800e-02 3.726203367114067078e-02 3.659796342253684998e-02 3.599276021122932434e-02 3.544357791543006897e-02 3.494155406951904297e-02 3.448775410652160645e-02 3.407884016633033752e-02 3.371369838714599609e-02 3.339104354381561279e-02 3.310427814722061157e-02 3.285478428006172180e-02 3.264230117201805115e-02 3.246239945292472839e-02 3.231874480843544006e-02 3.220552206039428711e-02 3.212540596723556519e-02 3.207775205373764038e-02 3.206017985939979553e-02
4.316049441695213318e-02 5.002812194824218750e+01 4.445884823799133301e-01 2.447610348463058472e-01 1.716310828924179077e-01 1.333839893341064453e-01 1.099784597754478455e-01 9.388217329978942871e-02 8.176925778388977051e-02 7.249207049608230591e-02 6.519786268472671509e-02 5.931500717997550964e-02 5.447388067841529846e-02 5.041757225990295410e-02 4.697265475988388062e-02 4.401526227593421936e-02 4.144946113228797913e-02 3.920282050967216492e-02 3.722589835524559021e-02 3.547237068414688110e-02 3.390790522098541260e-02 3.251080587506294250e-02 3.125158324837684631e-02 3.011522442102432251e-02 2.908876352012157440e-02 2.815848216414451599e-02 2.730819582939147949e-02 2.653524652123451233e-02 2.582889422774314880e-02 2.518709935247898102e-02 2.459577657282352448e-02 2.405477128922939301e-02 2.356515266001224518e-02 2.311102487146854401e-02 2.270009554922580719e-02 2.232806757092475891e-02 2.198358811438083649e-02 2.167317084968090057e-02 2.139347791671752930e-02 2.113996632397174835e-02 2.091298438608646393e-02 2.070995233952999115e-02 2.053291164338588715e-02 2.037651464343070984e-02 2.024595439434051514e-02 2.013704553246498108e-02 2.004420571029186249e-02 1.997454650700092316e-02 1.992848701775074005e-02 1.989503018558025360e-02 1.988760754466056824e-02
1.421134546399116516e-02 4.990437316894531250e+01 6.645640134811401367e-01 3.667698800563812256e-01 2.596017420291900635e-01 2.024091631174087524e-01 1.669032126665115356e-01 1.424168199300765991e-01 1.241336762905120850e-01 1.101302504539489746e-01 9.910079836845397949e-02 9.019146859645843506e-02 8.284728974103927612e-02 7.669150084257125854e-02 7.146082073450088501e-02 6.696823239326477051e-02 6.306646019220352173e-02 5.965727940201759338e-02 5.664808303117752075e-02 5.398512631654739380e-02 5.160684883594512939e-02 4.947778210043907166e-02 4.756509140133857727e-02 4.583865776658058167e-02 4.427544772624969482e-02 4.285491630434989929e-02 4.156621173024177551e-02 4.038925468921661377e-02 3.931462764739990234e-02 3.833675384521484375e-02 3.743611648678779602e-02 3.661613911390304565e-02 3.586539626121520996e-02 3.518003225326538086e-02 3.455489128828048706e-02 3.398388251662254333e-02 3.346258774399757385e-02 3.299162164330482483e-02 3.256290405988693237e-02 3.217581287026405334e-02 3.183183819055557251e-02 3.152329102158546448e-02 3.125332668423652649e-02 3.101849369704723358e-02 3.081825375556945801e-02 3.064914047718048096e-02 3.051150217652320862e-02 3.040388971567153931e-02 3.033157065510749817e-02 3.028639592230319977e-02 3.026990965008735657e-02
6.662167608737945557e-03 4.966727447509765625e+01 7.359218597412109375e-01 4.138302206993103027e-01 2.948377132415771484e-01 2.306841611862182617e-01 1.904429644346237183e-01 1.626100391149520874e-01 1.418348252773284912e-01 1.258999705314636230e-01 1.133337020874023438e-01 1.031763926148414612e-01 9.479392319917678833e-02 8.776354044675827026e-02 8.178755640983581543e-02 7.665145397186279297e-02 7.219165563583374023e-02 6.829050928354263306e-02 6.485185772180557251e-02 6.180413439869880676e-02 5.908318236470222473e-02 5.664740875363349915e-02 5.445898696780204773e-02 5.248387157917022705e-02 5.069396644830703735e-02 4.907000064849853516e-02 4.759587347507476807e-02 4.624774679541587830e-02 4.502001404762268066e-02 4.389475286006927490e-02 4.286867752671241760e-02 4.193014651536941528e-02 4.106888547539710999e-02 4.028568044304847717e-02 3.956919163465499878e-02 3.891535103321075439e-02 3.832149878144264221e-02 3.777873143553733826e-02 3.728739172220230103e-02 3.684600070118904114e-02 3.645270317792892456e-02 3.610153868794441223e-02 3.579231351613998413e-02 3.552243486046791077e-02 3.529051691293716431e-02 3.509730473160743713e-02 3.494085371494293213e-02 3.481964394450187683e-02 3.473408520221710205e-02 3.468154743313789368e-02 3.466447442770004272e-02
1.057409048080444336e-01 5.022683715820312500e+01 3.484182953834533691e-01 1.880434602499008179e-01 1.302386373281478882e-01 1.004643067717552185e-01 8.256910741329193115e-02 7.038892060518264771e-02 6.118734180927276611e-02 5.416415631771087646e-02 4.865938797593116760e-02 4.423533007502555847e-02 4.060006886720657349e-02 3.756153956055641174e-02 3.498535975813865662e-02 3.277469426393508911e-02 3.085515089333057404e-02 2.918009646236896515e-02 2.770450338721275330e-02 2.639787085354328156e-02 2.523058280348777771e-02 2.418625727295875549e-02 2.325133606791496277e-02 2.240463159978389740e-02 2.163760736584663391e-02 2.094336785376071930e-02 2.031160518527030945e-02 1.973813958466053009e-02 1.921116001904010773e-02 1.873229257762432098e-02 1.829064078629016876e-02 1.789131946861743927e-02 1.752269081771373749e-02 1.718716509640216827e-02 1.688184589147567749e-02 1.660431921482086182e-02 1.634900085628032684e-02 1.611655950546264648e-02 1.590795256197452545e-02 1.572079956531524658e-02 1.554901897907257080e-02 1.540098525583744049e-02 1.526770554482936859e-02 1.515245717018842697e-02 1.505390834063291550e-02 1.497216802090406418e-02 1.490489952266216278e-02 1.485515572130680084e-02 1.481850817799568176e-02 1.479512639343738556e-02 1.478560641407966614e-02
1.111050322651863098e-02 4.978037643432617188e+01 6.413391828536987305e-01 3.590795397758483887e-01 2.550776600837707520e-01 1.992796212434768677e-01 1.644683480262756348e-01 1.404433995485305786e-01 1.224633157253265381e-01 1.086753606796264648e-01 9.781146794557571411e-02 8.903528749942779541e-02 8.179382979869842529e-02 7.572051137685775757e-02 7.055991888046264648e-02 6.612745672464370728e-02 6.227887794375419617e-02 5.891180783510208130e-02 5.594382807612419128e-02 5.331475287675857544e-02 5.096584185957908630e-02 4.886524751782417297e-02 4.697735607624053955e-02 4.526937380433082581e-02 4.372813552618026733e-02 4.232757166028022766e-02 4.105279594659805298e-02 3.989095985889434814e-02 3.883143141865730286e-02 3.786103427410125732e-02 3.697606176137924194e-02 3.616680204868316650e-02 3.542521968483924866e-02 3.474846482276916504e-02 3.412876650691032410e-02 3.356583416461944580e-02 3.305257111787796021e-02 3.258726745843887329e-02 3.216288611292839050e-02 3.178250044584274292e-02 3.144133090972900391e-02 3.113887831568717957e-02 3.087182901799678802e-02 3.063848242163658142e-02 3.044058941304683685e-02 3.027247264981269836e-02 3.013938106596469879e-02 3.003437258303165436e-02 2.996005304157733917e-02 2.991466596722602844e-02 2.989876642823219299e-02
3.626685589551925659e-03 4.974174118041992188e+01 6.782184243202209473e-01 3.801085352897644043e-01 2.703522741794586182e-01 2.112712115049362183e-01 1.743895560503005981e-01 1.489265561103820801e-01 1.298755109310150146e-01 1.152665391564369202e-01 1.037518456578254700e-01 9.444340318441390991e-02 8.676604926586151123e-02 8.032914251089096069e-02 7.485420256853103638e-02 7.015210390090942383e-02 6.607049703598022461e-02 6.249666959047317505e-02 5.934975668787956238e-02 5.655894055962562561e-02 5.407209321856498718e-02 5.184216797351837158e-02 4.983629286289215088e-02 4.802824556827545166e-02 4.639277979731559753e-02 4.490656778216362000e-02 4.355448111891746521e-02 4.232292622327804565e-02 4.119848459959030151e-02 4.017092287540435791e-02 3.922967240214347839e-02 3.837118297815322876e-02 3.758301958441734314e-02 3.686366230249404907e-02 3.621093183755874634e-02 3.561294078826904297e-02 3.506684675812721252e-02 3.457168117165565491e-02 3.412418812513351440e-02 3.372045606374740601e-02 3.335687890648841858e-02 3.303498029708862305e-02 3.275145962834358215e-02 3.250713273882865906e-02 3.229589760303497314e-02 3.211783245205879211e-02 3.197618573904037476e-02 3.186463937163352966e-02 3.178400546312332153e-02 3.173809498548507690e-02 3.172333166003227234e-02
1.186631619930267334e-03 4.974366378784179688e+01 6.774415969848632812e-01 3.796685636043548584e-01 2.699753344058990479e-01 2.110741287469863892e-01 1.741902977228164673e-01 1.487472057342529297e-01 1.297158151865005493e-01 1.151246577501296997e-01 1.036217212677001953e-01 9.432321786880493164e-02 8.665508776903152466e-02 8.022563904523849487e-02 7.476145029067993164e-02 7.006281614303588867e-02 6.598757207393646240e-02 6.241793930530548096e-02 5.927579104900360107e-02 5.648697912693023682e-02 5.400378629565238953e-02 5.177583917975425720e-02 4.977603629231452942e-02 4.796884953975677490e-02 4.633370786905288696e-02 4.484998434782028198e-02 4.349974542856216431e-02 4.226952791213989258e-02 4.114438593387603760e-02 4.011910408735275269e-02 3.918227180838584900e-02 3.832396119832992554e-02 3.753802552819252014e-02 3.681875392794609070e-02 3.616226091980934143e-02 3.556494042277336121e-02 3.502064570784568787e-02 3.452752530574798584e-02 3.407705202698707581e-02 3.367776423692703247e-02 3.331431001424789429e-02 3.299348801374435425e-02 3.271199762821197510e-02 3.246693313121795654e-02 3.225499019026756287e-02 3.207695856690406799e-02 3.193510696291923523e-02 3.182604908943176270e-02 3.174129128456115723e-02 3.169791772961616516e-02 3.168088942766189575e-02
6.458435207605361938e-03 4.967369461059570312e+01 6.918030977249145508e-01 3.900137543678283691e-01 2.778779268264770508e-01 2.175311148166656494e-01 1.795661300420761108e-01 1.533567011356353760e-01 1.337604969739913940e-01 1.187310293316841125e-01 1.068801730871200562e-01 9.729685634374618530e-02 8.939441293478012085e-02 8.276394009590148926e-02 7.712583243846893311e-02 7.228266447782516479e-02 6.807950139045715332e-02 6.440051645040512085e-02 6.115642189979553223e-02 5.828285217285156250e-02 5.571716278791427612e-02 5.342032387852668762e-02 5.135716870427131653e-02 4.949254170060157776e-02 4.780656099319458008e-02 4.627516865730285645e-02 4.488051682710647583e-02 4.361290484666824341e-02 4.245211556553840637e-02 4.139465466141700745e-02 4.042693600058555603e-02 3.953994065523147583e-02 3.873108699917793274e-02 3.799075633287429810e-02 3.731380030512809753e-02 3.669690713286399841e-02 3.613425418734550476e-02 3.562555834650993347e-02 3.516641259193420410e-02 3.475046902894973755e-02 3.437775373458862305e-02 3.404549136757850647e-02 3.375186026096343994e-02 3.349848836660385132e-02 3.328055515885353088e-02 3.309812396764755249e-02 3.295096009969711304e-02 3.283908218145370483e-02 3.275476023554801941e-02 3.270688280463218689e-02 3.269037231802940369e-02
7.076881825923919678e-03 4.975395584106445312e+01 7.304245829582214355e-01 4.081087112426757812e-01 2.903327643871307373e-01 2.265296429395675659e-01 1.869093030691146851e-01 1.595822870731353760e-01 1.391644477844238281e-01 1.235120818018913269e-01 1.111719980835914612e-01 1.011986583471298218e-01 9.297148138284683228e-02 8.607248961925506592e-02 8.020984381437301636e-02 7.516960054636001587e-02 7.079741358757019043e-02 6.696820259094238281e-02 6.359502673149108887e-02 6.060389801859855652e-02 5.793884769082069397e-02 5.554924905300140381e-02 5.340209603309631348e-02 5.146485939621925354e-02 4.970727860927581787e-02 4.811540991067886353e-02 4.666923359036445618e-02 4.534974694252014160e-02 4.414425790309906006e-02 4.304254055023193359e-02 4.203399270772933960e-02 4.111406207084655762e-02 4.027348756790161133e-02 3.950549289584159851e-02 3.879959136247634888e-02 3.815819695591926575e-02 3.757692128419876099e-02 3.704439476132392883e-02 3.656424209475517273e-02 3.613063320517539978e-02 3.574281558394432068e-02 3.539969399571418762e-02 3.509554266929626465e-02 3.483055159449577332e-02 3.460360318422317505e-02 3.441479057073593140e-02 3.426149487495422363e-02 3.414246067404747009e-02 3.405638039112091064e-02 3.400565683841705322e-02 3.398963063955307007e-02
2.655312791466712952e-02 4.953929519653320312e+01 8.093520402908325195e-01 4.573109149932861328e-01 3.265393078327178955e-01 2.556588947772979736e-01 2.111480534076690674e-01 1.803783327341079712e-01 1.573876440525054932e-01 1.397452503442764282e-01 1.258234381675720215e-01 1.145588904619216919e-01 1.052633970975875854e-01 9.746369719505310059e-02 9.083288162946701050e-02 8.513073623180389404e-02 8.018383383750915527e-02 7.585253566503524780e-02 7.203373312950134277e-02 6.864807009696960449e-02 6.562987715005874634e-02 6.292559206485748291e-02 6.049340218305587769e-02 5.829989165067672729e-02 5.631271004676818848e-02 5.450896173715591431e-02 5.286924913525581360e-02 5.137318000197410583e-02 5.000966787338256836e-02 4.876198992133140564e-02 4.762042686343193054e-02 4.657865688204765320e-02 4.562513157725334167e-02 4.475281760096549988e-02 4.395715147256851196e-02 4.323217272758483887e-02 4.256931319832801819e-02 4.196871072053909302e-02 4.142345488071441650e-02 4.093466326594352722e-02 4.049511626362800598e-02 4.010428488254547119e-02 3.976028040051460266e-02 3.946192562580108643e-02 3.920492157340049744e-02 3.898868337273597717e-02 3.881656005978584290e-02 3.868167474865913391e-02 3.858625888824462891e-02 3.853030502796173096e-02 3.850642964243888855e-02
3.008004277944564819e-03 4.969190597534179688e+01 6.894343495368957520e-01 3.882682323455810547e-01 2.764658629894256592e-01 2.161766588687896729e-01 1.784581840038299561e-01 1.524396240711212158e-01 1.329600960016250610e-01 1.180173531174659729e-01 1.062338277697563171e-01 9.670843929052352905e-02 8.885114639997482300e-02 8.226200938224792480e-02 7.665899395942687988e-02 7.184391468763351440e-02 6.766584515571594238e-02 6.400801986455917358e-02 6.078361347317695618e-02 5.792564153671264648e-02 5.537763237953186035e-02 5.309639126062393188e-02 5.104359611868858337e-02 4.919115453958511353e-02 4.751396551728248596e-02 4.599146917462348938e-02 4.460821300745010376e-02 4.334497824311256409e-02 4.219311103224754333e-02 4.114171490073204041e-02 4.018069058656692505e-02 3.930188342928886414e-02 3.849359601736068726e-02 3.775835037231445312e-02 3.708489239215850830e-02 3.647397831082344055e-02 3.591619431972503662e-02 3.541023284196853638e-02 3.494998440146446228e-02 3.453673794865608215e-02 3.416521474719047546e-02 3.383476287126541138e-02 3.354341164231300354e-02 3.329219296574592590e-02 3.307783603668212891e-02 3.289517015218734741e-02 3.275031968951225281e-02 3.263680636882781982e-02 3.255447745323181152e-02 3.250640630722045898e-02 3.249045833945274353e-02
1.845223829150199890e-02 4.979251480102539062e+01 6.811133623123168945e-01 3.806194961071014404e-01 2.697024643421173096e-01 2.105978876352310181e-01 1.736821830272674561e-01 1.482900828123092651e-01 1.292978078126907349e-01 1.147394701838493347e-01 1.032686308026313782e-01 9.399694949388504028e-02 8.635266870260238647e-02 7.994193583726882935e-02 7.449524849653244019e-02 6.981407850980758667e-02 6.574968248605728149e-02 6.219407171010971069e-02 5.906013771891593933e-02 5.628164112567901611e-02 5.380677804350852966e-02 5.158576369285583496e-02 4.959322139620780945e-02 4.779369756579399109e-02 4.616361483931541443e-02 4.468405246734619141e-02 4.333855211734771729e-02 4.211337864398956299e-02 4.099400714039802551e-02 3.997087478637695312e-02 3.903365880250930786e-02 3.817972913384437561e-02 3.740054741501808167e-02 3.668296337127685547e-02 3.602883592247962952e-02 3.543723374605178833e-02 3.489199280738830566e-02 3.440039977431297302e-02 3.395641222596168518e-02 3.355307504534721375e-02 3.319112956523895264e-02 3.287017717957496643e-02 3.259013593196868896e-02 3.234507143497467041e-02 3.213417157530784607e-02 3.195879980921745300e-02 3.181624785065650940e-02 3.170669451355934143e-02 3.162807598710060120e-02 3.157889097929000854e-02 3.156414255499839783e-02
1.991172879934310913e-02 4.979113388061523438e+01 6.483542919158935547e-01 3.629390597343444824e-01 2.579996287822723389e-01 2.014253437519073486e-01 1.661466211080551147e-01 1.418734490871429443e-01 1.236961707472801208e-01 1.097667068243026733e-01 9.879322350025177002e-02 8.992297202348709106e-02 8.260776102542877197e-02 7.647605985403060913e-02 7.126408070325851440e-02 6.678608804941177368e-02 6.289891898632049561e-02 5.949471518397331238e-02 5.649938061833381653e-02 5.384142696857452393e-02 5.147285014390945435e-02 4.935200884938240051e-02 4.744207486510276794e-02 4.572047665715217590e-02 4.416155815124511719e-02 4.274795949459075928e-02 4.145807400345802307e-02 4.028688371181488037e-02 3.921645879745483398e-02 3.823573142290115356e-02 3.734254091978073120e-02 3.652416169643402100e-02 3.577569872140884399e-02 3.509515896439552307e-02 3.446834161877632141e-02 3.389763459563255310e-02 3.338090702891349792e-02 3.290703520178794861e-02 3.248351812362670898e-02 3.209868073463439941e-02 3.175495564937591553e-02 3.144784644246101379e-02 3.117939643561840057e-02 3.094381093978881836e-02 3.074003942310810089e-02 3.057253174483776093e-02 3.043706156313419342e-02 3.033314831554889679e-02 3.025605902075767517e-02 3.021211549639701843e-02 3.019636124372482300e-02
1.182078197598457336e-02 4.977975082397460938e+01 6.427108645439147949e-01 3.595810830593109131e-01 2.557101249694824219e-01 1.996833533048629761e-01 1.647418141365051270e-01 1.407011449337005615e-01 1.226873844861984253e-01 1.088729277253150940e-01 9.798759222030639648e-02 8.919093757867813110e-02 8.193818479776382446e-02 7.585655897855758667e-02 7.068859785795211792e-02 6.624569743871688843e-02 6.239151209592819214e-02 5.901633203029632568e-02 5.604535713791847229e-02 5.341167747974395752e-02 5.105899274349212646e-02 4.895228147506713867e-02 4.706211015582084656e-02 4.535377398133277893e-02 4.380473494529724121e-02 4.240100085735321045e-02 4.112427681684494019e-02 3.996281698346138000e-02 3.890218958258628845e-02 3.793094307184219360e-02 3.704307228326797485e-02 3.623222187161445618e-02 3.548935428261756897e-02 3.481100127100944519e-02 3.419045358896255493e-02 3.362653031945228577e-02 3.311333432793617249e-02 3.264551609754562378e-02 3.222110867500305176e-02 3.184002265334129333e-02 3.149787336587905884e-02 3.119283728301525116e-02 3.092791698873043060e-02 3.069459833204746246e-02 3.049384430050849915e-02 3.032733127474784851e-02 3.019266203045845032e-02 3.008722700178623199e-02 3.001331537961959839e-02 2.996700443327426910e-02 2.995144203305244446e-02
7.940527051687240601e-03 4.977252578735351562e+01 6.461195349693298340e-01 3.618734478950500488e-01 2.571245729923248291e-01 2.009167373180389404e-01 1.657537370920181274e-01 1.415824890136718750e-01 1.234622001647949219e-01 1.095649749040603638e-01 9.861195087432861328e-02 8.976071327924728394e-02 8.246294409036636353e-02 7.634284347295761108e-02 7.114222645759582520e-02 6.667130440473556519e-02 6.278788298368453979e-02 5.939485132694244385e-02 5.640389025211334229e-02 5.375098064541816711e-02 5.138566717505455017e-02 4.926516860723495483e-02 4.736170172691345215e-02 4.564290493726730347e-02 4.408695548772811890e-02 4.267334192991256714e-02 4.139049351215362549e-02 4.021935909986495972e-02 3.914877027273178101e-02 3.817591071128845215e-02 3.728149831295013428e-02 3.646372631192207336e-02 3.571740910410881042e-02 3.503330796957015991e-02 3.441033139824867249e-02 3.383973613381385803e-02 3.332477435469627380e-02 3.285595029592514038e-02 3.242843598127365112e-02 3.204457461833953857e-02 3.170009702444076538e-02 3.139349818229675293e-02 3.112538158893585205e-02 3.089019469916820526e-02 3.069163858890533447e-02 3.052176535129547119e-02 3.038617782294750214e-02 3.028047643601894379e-02 3.020663186907768250e-02 3.016318194568157196e-02 3.014663979411125183e-02
1.240619644522666931e-02 4.976459503173828125e+01 6.433786153793334961e-01 3.610776364803314209e-01 2.566823363304138184e-01 2.005263864994049072e-01 1.654428690671920776e-01 1.413190960884094238e-01 1.232322007417678833e-01 1.093612983822822571e-01 9.843203425407409668e-02 8.959751576185226440e-02 8.230918645858764648e-02 7.620057463645935059e-02 7.101162523031234741e-02 6.654752790927886963e-02 6.267548352479934692e-02 5.928421765565872192e-02 5.629882216453552246e-02 5.365186184644699097e-02 5.129332467913627625e-02 4.917905479669570923e-02 4.727495461702346802e-02 4.555924609303474426e-02 4.400749132037162781e-02 4.259828850626945496e-02 4.131426289677619934e-02 4.014349356293678284e-02 3.907814621925354004e-02 3.810309246182441711e-02 3.721224516630172729e-02 3.639635443687438965e-02 3.565166145563125610e-02 3.496854752302169800e-02 3.434941917657852173e-02 3.377927467226982117e-02 3.326301276683807373e-02 3.279191628098487854e-02 3.236698731780052185e-02 3.198384493589401245e-02 3.164333105087280273e-02 3.133696690201759338e-02 3.106688521802425385e-02 3.083513863384723663e-02 3.063365258276462555e-02 3.046553954482078552e-02 3.033068962395191193e-02 3.022566810250282288e-02 3.014868870377540588e-02 3.010581061244010925e-02 3.009064123034477234e-02
4.278182983398437500e-03 4.963754272460937500e+01 7.314471602439880371e-01 4.125808477401733398e-01 2.941531538963317871e-01 2.302553206682205200e-01 1.900370419025421143e-01 1.623433530330657959e-01 1.416148841381072998e-01 1.257143765687942505e-01 1.131740510463714600e-01 1.030328646302223206e-01 9.466288238763809204e-02 8.764449506998062134e-02 8.167862147092819214e-02 7.654845714569091797e-02 7.209771871566772461e-02 6.820197403430938721e-02 6.476903706789016724e-02 6.172191724181175232e-02 5.900955200195312500e-02 5.657717213034629822e-02 5.439091101288795471e-02 5.241728946566581726e-02 5.063052475452423096e-02 4.900852590799331665e-02 4.753151908516883850e-02 4.619050398468971252e-02 4.496148601174354553e-02 4.384044557809829712e-02 4.281534999608993530e-02 4.187535867094993591e-02 4.101997986435890198e-02 4.023695364594459534e-02 3.951944783329963684e-02 3.886714205145835876e-02 3.827174752950668335e-02 3.773171454668045044e-02 3.724286705255508423e-02 3.680115193128585815e-02 3.640761226415634155e-02 3.605800494551658630e-02 3.574801981449127197e-02 3.547868132591247559e-02 3.524746745824813843e-02 3.505429998040199280e-02 3.489811345934867859e-02 3.477852419018745422e-02 3.469160944223403931e-02 3.463966399431228638e-02 3.462241590023040771e-02
1.371083781123161316e-02 4.961788177490234375e+01 7.878835201263427734e-01 4.432271420955657959e-01 3.160290718078613281e-01 2.473872750997543335e-01 2.041691839694976807e-01 1.743820011615753174e-01 1.521167457103729248e-01 1.350401192903518677e-01 1.215708628296852112e-01 1.106769666075706482e-01 1.016893684864044189e-01 9.415144473314285278e-02 8.774407953023910522e-02 8.223441988229751587e-02 7.744949311017990112e-02 7.326558977365493774e-02 6.957785040140151978e-02 6.630672514438629150e-02 6.338803470134735107e-02 6.077653169631958008e-02 5.842739716172218323e-02 5.630761757493019104e-02 5.438885837793350220e-02 5.264639854431152344e-02 5.106316134333610535e-02 4.961866140365600586e-02 4.830058664083480835e-02 4.709450900554656982e-02 4.599283635616302490e-02 4.498625546693801880e-02 4.406610503792762756e-02 4.322483018040657043e-02 4.245272651314735413e-02 4.175118356943130493e-02 4.111276939511299133e-02 4.053007811307907104e-02 4.000764712691307068e-02 3.953594341874122620e-02 3.911018371582031250e-02 3.873164206743240356e-02 3.840218856930732727e-02 3.811192512512207031e-02 3.786463290452957153e-02 3.765745088458061218e-02 3.748863562941551208e-02 3.735702484846115112e-02 3.726626187562942505e-02 3.720988333225250244e-02 3.719078376889228821e-02
