# x
1.000000000000000000e+00 6.171875000000000000e-01
1.000000000000000000e+00 7.480468750000000000e-01
1.000000000000000000e+00 6.542968750000000000e-01
1.000000000000000000e+00 6.914062500000000000e-01
1.000000000000000000e+00 3.203125000000000000e-01
1.000000000000000000e+00 1.933593750000000000e-01
1.000000000000000000e+00 8.183593750000000000e-01
1.000000000000000000e+00 7.539062500000000000e-01
1.000000000000000000e+00 9.667968750000000000e-01
1.000000000000000000e+00 8.046875000000000000e-01
1.000000000000000000e+00 3.574218750000000000e-01
1.000000000000000000e+00 1.992187500000000000e-01
1.000000000000000000e+00 5.273437500000000000e-01
1.000000000000000000e+00 5.937500000000000000e-01
1.000000000000000000e+00 1.035156250000000000e-01
1.000000000000000000e+00 7.656250000000000000e-01
1.000000000000000000e+00 8.437500000000000000e-01
1.000000000000000000e+00 3.242187500000000000e-01
1.000000000000000000e+00 8.828125000000000000e-01
1.000000000000000000e+00 1.230468750000000000e-01
1.000000000000000000e+00 2.089843750000000000e-01
1.000000000000000000e+00 9.921875000000000000e-01
1.000000000000000000e+00 5.625000000000000000e-01
1.000000000000000000e+00 1.523437500000000000e-01
1.000000000000000000e+00 7.617187500000000000e-01
1.000000000000000000e+00 1.171875000000000000e-02
1.000000000000000000e+00 5.468750000000000000e-01
1.000000000000000000e+00 8.886718750000000000e-01
1.000000000000000000e+00 2.773437500000000000e-01
1.000000000000000000e+00 8.945312500000000000e-01
1.000000000000000000e+00 5.449218750000000000e-01
1.000000000000000000e+00 1.699218750000000000e-01
1.000000000000000000e+00 9.492187500000000000e-01
1.000000000000000000e+00 8.554687500000000000e-01
1.000000000000000000e+00 1.484375000000000000e-01
1.000000000000000000e+00 6.054687500000000000e-01
1.000000000000000000e+00 1.386718750000000000e-01
1.000000000000000000e+00 6.679687500000000000e-01
1.000000000000000000e+00 6.367187500000000000e-01
1.000000000000000000e+00 6.796875000000000000e-01
1.000000000000000000e+00 1.445312500000000000e-01
1.000000000000000000e+00 7.792968750000000000e-01
1.000000000000000000e+00 4.101562500000000000e-01
1.000000000000000000e+00 5.761718750000000000e-01
1.000000000000000000e+00 6.074218750000000000e-01
1.000000000000000000e+00 3.359375000000000000e-01
1.000000000000000000e+00 4.062500000000000000e-01
1.000000000000000000e+00 8.593750000000000000e-02
1.000000000000000000e+00 9.824218750000000000e-01
1.000000000000000000e+00 3.554687500000000000e-01
1.000000000000000000e+00 9.804687500000000000e-01
1.000000000000000000e+00 2.460937500000000000e-01
1.000000000000000000e+00 1.542968750000000000e-01
1.000000000000000000e+00 6.230468750000000000e-01
1.000000000000000000e+00 5.078125000000000000e-01
1.000000000000000000e+00 9.453125000000000000e-01
1.000000000000000000e+00 4.980468750000000000e-01
1.000000000000000000e+00 5.000000000000000000e-01
1.000000000000000000e+00 3.046875000000000000e-01
1.000000000000000000e+00 8.027343750000000000e-01
1.000000000000000000e+00 1.757812500000000000e-01
1.000000000000000000e+00 9.257812500000000000e-01
1.000000000000000000e+00 8.789062500000000000e-01
1.000000000000000000e+00 1.367187500000000000e-02
1.000000000000000000e+00 7.734375000000000000e-01
1.000000000000000000e+00 5.507812500000000000e-01
1.000000000000000000e+00 4.570312500000000000e-01
1.000000000000000000e+00 1.347656250000000000e-01
1.000000000000000000e+00 7.578125000000000000e-01
1.000000000000000000e+00 6.855468750000000000e-01
1.000000000000000000e+00 5.527343750000000000e-01
1.000000000000000000e+00 3.593750000000000000e-01
1.000000000000000000e+00 1.328125000000000000e-01
1.000000000000000000e+00 8.730468750000000000e-01
1.000000000000000000e+00 2.636718750000000000e-01
1.000000000000000000e+00 6.601562500000000000e-01
1.000000000000000000e+00 2.968750000000000000e-01
1.000000000000000000e+00 9.648437500000000000e-01
1.000000000000000000e+00 9.179687500000000000e-01
1.000000000000000000e+00 9.687500000000000000e-01
1.000000000000000000e+00 3.652343750000000000e-01
1.000000000000000000e+00 3.339843750000000000e-01
1.000000000000000000e+00 3.632812500000000000e-01
1.000000000000000000e+00 7.011718750000000000e-01
1.000000000000000000e+00 7.304687500000000000e-01
1.000000000000000000e+00 4.667968750000000000e-01
1.000000000000000000e+00 8.398437500000000000e-01
1.000000000000000000e+00 5.273437500000000000e-02
1.000000000000000000e+00 8.476562500000000000e-01
1.000000000000000000e+00 7.968750000000000000e-01
1.000000000000000000e+00 9.765625000000000000e-02
1.000000000000000000e+00 5.839843750000000000e-01
1.000000000000000000e+00 8.750000000000000000e-01
1.000000000000000000e+00 8.964843750000000000e-01
1.000000000000000000e+00 8.105468750000000000e-01
1.000000000000000000e+00 8.203125000000000000e-01
1.000000000000000000e+00 1.718750000000000000e-01
1.000000000000000000e+00 4.199218750000000000e-01
1.000000000000000000e+00 8.652343750000000000e-01
1.000000000000000000e+00 6.445312500000000000e-01
1.000000000000000000e+00 5.214843750000000000e-01
1.000000000000000000e+00 1.796875000000000000e-01
1.000000000000000000e+00 4.824218750000000000e-01
1.000000000000000000e+00 8.085937500000000000e-01
1.000000000000000000e+00 2.109375000000000000e-01
1.000000000000000000e+00 6.757812500000000000e-01
1.000000000000000000e+00 5.898437500000000000e-01
1.000000000000000000e+00 1.621093750000000000e-01
1.000000000000000000e+00 3.867187500000000000e-01
1.000000000000000000e+00 4.023437500000000000e-01
1.000000000000000000e+00 7.812500000000000000e-02
1.000000000000000000e+00 1.953125000000000000e-02
1.000000000000000000e+00 1.132812500000000000e-01
1.000000000000000000e+00 1.171875000000000000e-01
1.000000000000000000e+00 3.261718750000000000e-01
1.000000000000000000e+00 1.152343750000000000e-01
1.000000000000000000e+00 5.781250000000000000e-01
1.000000000000000000e+00 7.500000000000000000e-01
1.000000000000000000e+00 4.257812500000000000e-01
1.000000000000000000e+00 9.355468750000000000e-01
1.000000000000000000e+00 5.234375000000000000e-01
1.000000000000000000e+00 2.343750000000000000e-02
1.000000000000000000e+00 1.210937500000000000e-01
1.000000000000000000e+00 4.140625000000000000e-01
1.000000000000000000e+00 9.472656250000000000e-01
1.000000000000000000e+00 8.515625000000000000e-01
1.000000000000000000e+00 8.007812500000000000e-01
1.000000000000000000e+00 1.015625000000000000e-01
1.000000000000000000e+00 2.148437500000000000e-01
1.000000000000000000e+00 2.734375000000000000e-01
1.000000000000000000e+00 2.343750000000000000e-01
1.000000000000000000e+00 6.386718750000000000e-01
1.000000000000000000e+00 3.789062500000000000e-01
1.000000000000000000e+00 2.500000000000000000e-01
1.000000000000000000e+00 7.187500000000000000e-01
1.000000000000000000e+00 9.746093750000000000e-01
1.000000000000000000e+00 5.976562500000000000e-01
1.000000000000000000e+00 3.828125000000000000e-01
1.000000000000000000e+00 2.656250000000000000e-01
1.000000000000000000e+00 9.882812500000000000e-01
1.000000000000000000e+00 1.601562500000000000e-01
1.000000000000000000e+00 3.437500000000000000e-01
1.000000000000000000e+00 2.597656250000000000e-01
1.000000000000000000e+00 8.847656250000000000e-01
1.000000000000000000e+00 2.558593750000000000e-01
1.000000000000000000e+00 7.636718750000000000e-01
1.000000000000000000e+00 7.890625000000000000e-01
1.000000000000000000e+00 1.054687500000000000e-01
1.000000000000000000e+00 2.480468750000000000e-01
1.000000000000000000e+00 8.125000000000000000e-01
1.000000000000000000e+00 3.125000000000000000e-01
1.000000000000000000e+00 1.640625000000000000e-01
1.000000000000000000e+00 5.664062500000000000e-01
1.000000000000000000e+00 3.710937500000000000e-01
1.000000000000000000e+00 1.914062500000000000e-01
1.000000000000000000e+00 8.593750000000000000e-01
1.000000000000000000e+00 8.671875000000000000e-01
1.000000000000000000e+00 6.640625000000000000e-01
1.000000000000000000e+00 4.843750000000000000e-01
1.000000000000000000e+00 1.367187500000000000e-01
1.000000000000000000e+00 6.484375000000000000e-01
1.000000000000000000e+00 2.695312500000000000e-01
1.000000000000000000e+00 4.960937500000000000e-01
1.000000000000000000e+00 3.125000000000000000e-02
1.000000000000000000e+00 2.617187500000000000e-01
1.000000000000000000e+00 8.808593750000000000e-01
1.000000000000000000e+00 3.984375000000000000e-01
1.000000000000000000e+00 2.871093750000000000e-01
1.000000000000000000e+00 8.632812500000000000e-01
1.000000000000000000e+00 9.531250000000000000e-01
1.000000000000000000e+00 4.921875000000000000e-01
1.000000000000000000e+00 3.730468750000000000e-01
1.000000000000000000e+00 8.574218750000000000e-01
1.000000000000000000e+00 1.250000000000000000e-01
1.000000000000000000e+00 7.695312500000000000e-01
1.000000000000000000e+00 6.093750000000000000e-01
1.000000000000000000e+00 9.042968750000000000e-01
1.000000000000000000e+00 9.902343750000000000e-01
1.000000000000000000e+00 6.328125000000000000e-01
1.000000000000000000e+00 2.246093750000000000e-01
1.000000000000000000e+00 8.984375000000000000e-01
1.000000000000000000e+00 2.714843750000000000e-01
1.000000000000000000e+00 2.265625000000000000e-01
1.000000000000000000e+00 2.539062500000000000e-01
1.000000000000000000e+00 9.140625000000000000e-01
1.000000000000000000e+00 5.546875000000000000e-01
1.000000000000000000e+00 4.453125000000000000e-01
1.000000000000000000e+00 6.406250000000000000e-01
1.000000000000000000e+00 5.859375000000000000e-03
1.000000000000000000e+00 5.722656250000000000e-01
1.000000000000000000e+00 1.562500000000000000e-02
1.000000000000000000e+00 1.464843750000000000e-01
1.000000000000000000e+00 1.679687500000000000e-01
1.000000000000000000e+00 3.007812500000000000e-01
1.000000000000000000e+00 3.183593750000000000e-01
1.000000000000000000e+00 8.906250000000000000e-01
1.000000000000000000e+00 6.347656250000000000e-01
1.000000000000000000e+00 1.875000000000000000e-01
1.000000000000000000e+00 6.308593750000000000e-01
1.000000000000000000e+00 5.312500000000000000e-01
1.000000000000000000e+00 7.148437500000000000e-01
9.321868419647216797e-01 8.427319526672363281e-01
8.316635489463806152e-01 4.463894963264465332e-01
9.575793743133544922e-01 9.529751539230346680e-01
9.092103838920593262e-01 6.507945656776428223e-01
7.282531857490539551e-01 1.158988624811172485e-01
9.926866888999938965e-01 8.850929737091064453e-01
9.283419251441955566e-01 4.892652034759521484e-01
9.358192682266235352e-01 1.416389644145965576e-01
7.384340763092041016e-01 1.526901274919509888e-01
8.351157903671264648e-01 6.875339150428771973e-01
8.112394213676452637e-01 4.737250506877899170e-02
9.780294895172119141e-01 2.865937650203704834e-01
8.931595087051391602e-01 1.397875845432281494e-01
9.468284845352172852e-01 4.410774409770965576e-01
8.330242633819580078e-01 4.143537580966949463e-01
7.681716084480285645e-01 5.218764543533325195e-01
8.663754463195800781e-01 2.796363234519958496e-01
7.191451787948608398e-01 3.204359114170074463e-02
9.482893347740173340e-01 6.143860816955566406e-01
8.894993066787719727e-01 3.737179934978485107e-01
9.274263381958007812e-01 6.513350009918212891e-01
8.063578009605407715e-01 1.086669713258743286e-01
9.912093877792358398e-01 1.377735566347837448e-02
9.679363369941711426e-01 2.482942491769790649e-01
9.335150718688964844e-01 4.565473198890686035e-01
7.583916187286376953e-01 3.940719664096832275e-01
8.400163054466247559e-01 8.103025555610656738e-01
7.131411433219909668e-01 3.778376579284667969e-01
7.462868690490722656e-01 5.304411649703979492e-01
9.049146771430969238e-01 5.935155749320983887e-01
9.234286546707153320e-01 2.183139137923717499e-02
9.902529120445251465e-01 5.151333808898925781e-01
7.977476119995117188e-01 3.448312580585479736e-01
8.111379146575927734e-01 4.212801158428192139e-01
8.408667445182800293e-01 1.002874001860618591e-01
7.568414211273193359e-01 7.828205823898315430e-01
7.389764785766601562e-01 9.424042701721191406e-01
8.427114486694335938e-01 2.226882055401802063e-02
7.680727839469909668e-01 6.013727784156799316e-01
9.009441733360290527e-01 7.638440728187561035e-01
8.311455845832824707e-01 2.848075926303863525e-01
9.498034715652465820e-01 7.875555753707885742e-01
9.100795388221740723e-01 6.323550343513488770e-01
7.937099933624267578e-01 9.291626214981079102e-01
9.496779441833496094e-01 9.810048341751098633e-01
9.414293169975280762e-01 4.234611243009567261e-02
8.162435293197631836e-01 4.449377655982971191e-01
7.864984273910522461e-01 5.469877719879150391e-01
9.047486782073974609e-01 1.467432379722595215e-01
7.419257164001464844e-01 3.362858295440673828e-01
7.599724531173706055e-01 9.876474738121032715e-01
7.022086977958679199e-01 1.623045653104782104e-02
9.360772967338562012e-01 4.525079429149627686e-01
8.994552493095397949e-01 8.426546454429626465e-01
9.115496277809143066e-01 3.239012658596038818e-01
9.342187047004699707e-01 4.797984957695007324e-01
8.376747369766235352e-01 9.780457615852355957e-01
8.706223368644714355e-01 4.748768508434295654e-01
7.419391274452209473e-01 1.309213191270828247e-01
7.343590259552001953e-01 5.172149091958999634e-02
9.005208611488342285e-01 9.454165697097778320e-01
8.413288593292236328e-01 2.658094167709350586e-01
8.695708513259887695e-01 5.040639042854309082e-01
9.294996857643127441e-01 9.070176631212234497e-02
8.904154896736145020e-01 4.236551225185394287e-01
8.660738468170166016e-01 9.301055073738098145e-01
8.677621483802795410e-01 5.024129748344421387e-01
7.911850214004516602e-01 9.711351394653320312e-01
7.092453241348266602e-01 2.588356435298919678e-01
8.310152292251586914e-01 5.045452117919921875e-01
7.643753886222839355e-01 8.595308065414428711e-01
8.225585818290710449e-01 4.482523500919342041e-01
9.560209512710571289e-01 2.794873714447021484e-01
7.701818346977233887e-01 8.554753661155700684e-01
7.174908518791198730e-01 3.898894786834716797e-01
7.844151854515075684e-01 5.307232737541198730e-01
7.880781292915344238e-01 9.765270948410034180e-01
8.985749483108520508e-01 1.864832937717437744e-01
8.671096563339233398e-01 3.014006316661834717e-01
9.351694583892822266e-01 3.106960095465183258e-02
8.992940783500671387e-01 3.918377161026000977e-01
8.219160437583923340e-01 2.001834362745285034e-01
9.442061185836791992e-01 6.800349354743957520e-01
7.500918507575988770e-01 1.813214570283889771e-01
7.068136334419250488e-01 6.748127341270446777e-01
7.270143628120422363e-01 2.634754180908203125e-01
9.167078137397766113e-01 3.552178442478179932e-01
8.385631442070007324e-01 3.488606512546539307e-01
7.483815550804138184e-01 7.167517542839050293e-01
8.503134250640869141e-01 4.665092527866363525e-01
7.456936240196228027e-01 3.612988889217376709e-01
9.088960886001586914e-01 8.526227474212646484e-01
8.338468670845031738e-01 5.719506144523620605e-01
8.143063783645629883e-01 2.138308286666870117e-01
7.904536128044128418e-01 9.000912904739379883e-01
8.890847563743591309e-01 3.426502943038940430e-01
8.085438013076782227e-01 3.897937759757041931e-02
7.262949943542480469e-01 4.946002364158630371e-01
7.354017496109008789e-01 1.239380538463592529e-01
9.885693192481994629e-01 2.384664416313171387e-01
9.725742340087890625e-01 7.471108436584472656e-01
9.099121689796447754e-01 1.307518184185028076e-01
7.797610163688659668e-01 8.069442510604858398e-01
9.907529354095458984e-01 9.369072914123535156e-01
9.336252808570861816e-01 6.065320968627929688e-01
9.150670766830444336e-01 7.103592157363891602e-01
8.348084688186645508e-01 7.135866284370422363e-01
7.816724777221679688e-01 9.928079843521118164e-01
7.289173007011413574e-01 3.415382504463195801e-01
9.707807302474975586e-01 1.628565490245819092e-01
8.367328643798828125e-01 5.191672444343566895e-01
7.607089877128601074e-01 5.332497954368591309e-01
7.917869687080383301e-01 1.779124885797500610e-01
8.737658858299255371e-01 6.131094098091125488e-01
7.530318498611450195e-01 1.412473339587450027e-02
9.569842815399169922e-01 9.276683926582336426e-01
9.275558590888977051e-01 2.645742893218994141e-01
9.158388972282409668e-01 3.956020995974540710e-02
8.296279311180114746e-01 1.082494407892227173e-01
8.881926536560058594e-01 2.402489483356475830e-01
8.752294182777404785e-01 2.739061713218688965e-01
8.949539661407470703e-01 3.280999884009361267e-02
7.253332734107971191e-01 2.793548107147216797e-01
8.247421979904174805e-01 1.929417401552200317e-01
7.124842405319213867e-01 3.786209225654602051e-01
8.481972217559814453e-01 3.851677477359771729e-01
7.989583611488342285e-01 3.390077352523803711e-01
7.433572411537170410e-01 3.279238939285278320e-01
7.310208678245544434e-01 8.973127603530883789e-02
8.762933611869812012e-01 2.520494721829891205e-02
7.511779069900512695e-01 2.021142989397048950e-01
9.775360226631164551e-01 7.566494345664978027e-01
8.743183612823486328e-01 9.908097386360168457e-01
8.040609359741210938e-01 9.285261631011962891e-01
8.772746324539184570e-01 5.042193531990051270e-01
7.068411707878112793e-01 5.318238735198974609e-01
9.875677824020385742e-01 3.145815730094909668e-01
8.446910381317138672e-01 7.739394307136535645e-01
9.348205924034118652e-01 7.647566795349121094e-01
7.248190045356750488e-01 8.442723751068115234e-01
8.459975123405456543e-01 8.955045938491821289e-01
8.472120761871337891e-01 4.343492388725280762e-01
9.813479185104370117e-01 7.668755650520324707e-01
8.715184330940246582e-01 8.063987493515014648e-01
8.420467972755432129e-01 3.084596097469329834e-01
7.800927162170410156e-01 9.292422533035278320e-01
7.994707226753234863e-01 9.434150159358978271e-02
8.562017083168029785e-01 9.942691922187805176e-01
8.316734433174133301e-01 7.700906991958618164e-01
7.064836025238037109e-01 9.327090531587600708e-02
9.478875994682312012e-01 6.562296748161315918e-01
9.688482284545898438e-01 3.417941182851791382e-02
7.420747280120849609e-01 7.701869606971740723e-01
8.662108182907104492e-01 7.992229461669921875e-01
7.325727343559265137e-01 6.024102568626403809e-01
9.016720056533813477e-01 8.568603992462158203e-01
7.843701243400573730e-01 9.788327664136886597e-02
8.978267908096313477e-01 2.759238481521606445e-01
9.180983901023864746e-01 4.141775071620941162e-01
9.305942654609680176e-01 4.245795309543609619e-02
7.323222756385803223e-01 4.482160806655883789e-01
9.748035669326782227e-01 2.652134597301483154e-01
7.690641880035400391e-01 3.927350044250488281e-01
7.112237811088562012e-01 4.251026213169097900e-01
8.664557337760925293e-01 8.794117569923400879e-01
8.112766742706298828e-01 2.703409790992736816e-01
9.489369392395019531e-01 8.937431573867797852e-01
9.424754381179809570e-01 4.259709715843200684e-01
7.951416969299316406e-01 3.278077244758605957e-01
9.858698248863220215e-01 5.025120377540588379e-01
7.872753739356994629e-01 4.177432954311370850e-01
8.545171618461608887e-01 2.573723196983337402e-01
7.767895460128784180e-01 5.026793479919433594e-01
9.808130860328674316e-01 1.518017351627349854e-01
7.493823170661926270e-01 3.519299328327178955e-01
7.134732007980346680e-01 5.657902359962463379e-01
8.305290937423706055e-01 4.134082496166229248e-01
9.977126717567443848e-01 8.239123821258544922e-01
9.675031900405883789e-01 2.567217648029327393e-01
9.245824217796325684e-01 9.697715640068054199e-01
9.672377705574035645e-01 7.847220301628112793e-01
9.680339694023132324e-01 9.675930142402648926e-01
8.556575179100036621e-01 8.381365537643432617e-01
7.947787046432495117e-01 1.421039253473281860e-01
9.316037297248840332e-01 5.264601111412048340e-01
8.984983563423156738e-01 1.699785143136978149e-01
8.120973110198974609e-01 8.182273507118225098e-01
7.283400297164916992e-01 5.841621756553649902e-01
9.240368604660034180e-01 2.634493112564086914e-01
7.787381410598754883e-01 9.295989871025085449e-01
9.810439348220825195e-01 1.151860505342483521e-01
7.722911834716796875e-01 5.638623833656311035e-01
7.368273735046386719e-01 7.210405468940734863e-01
9.493337869644165039e-01 5.884853750467300415e-02
7.459852695465087891e-01 5.978560447692871094e-01
7.537804841995239258e-01 8.159012198448181152e-01
8.798148632049560547e-01 6.752731651067733765e-02
9.623686075210571289e-01 5.122429728507995605e-01
7.589303851127624512e-01 2.585571706295013428e-01
7.930970788002014160e-01 6.629244685173034668e-01
9.332214593887329102e-01 1.186773702502250671e-01
9.915479421615600586e-01 9.370514154434204102e-01
8.502223491668701172e-01 8.947286009788513184e-01
7.431692481040954590e-01 1.859744191169738770e-01
7.041808962821960449e-01 3.232658803462982178e-01
7.688968181610107422e-01 5.876349806785583496e-01
7.395466566085815430e-01 7.180623412132263184e-01
9.032976031303405762e-01 4.426560103893280029e-01
7.365497350692749023e-01 1.562913209199905396e-01
8.518989682197570801e-01 1.041514948010444641e-01
9.082787036895751953e-01 9.997653365135192871e-01
8.743349909782409668e-01 4.553521275520324707e-01
7.599326968193054199e-01 8.725317716598510742e-01
9.412373304367065430e-01 4.823760092258453369e-01
9.146221280097961426e-01 9.223576188087463379e-01
9.216951727867126465e-01 8.775938302278518677e-02
7.393172979354858398e-01 1.140191927552223206e-01
7.371261119842529297e-01 9.296321868896484375e-01
9.782687425613403320e-01 9.474930167198181152e-01
8.192734718322753906e-01 3.147174417972564697e-01
7.902846336364746094e-01 3.551648855209350586e-01
8.465752005577087402e-01 4.524502456188201904e-01
8.988592624664306641e-01 4.161616861820220947e-01
9.866870045661926270e-01 1.900452226400375366e-01
7.859338521957397461e-01 8.983753919601440430e-01
9.774425029754638672e-01 2.533076107501983643e-01
7.074578404426574707e-01 7.052724361419677734e-01
8.665593862533569336e-01 6.715567409992218018e-02
8.901925086975097656e-01 3.875133022665977478e-02
7.317692041397094727e-01 6.537304520606994629e-01
7.421019077301025391e-01 3.390158712863922119e-01
8.257343173027038574e-01 6.554594039916992188e-01
9.898695945739746094e-01 9.402120113372802734e-02
8.788127899169921875e-01 9.498513936996459961e-01
9.799069762229919434e-01 7.485144734382629395e-01
9.413082599639892578e-01 8.762672543525695801e-01
8.402144908905029297e-01 1.364705562591552734e-01
9.354290366172790527e-01 3.201609551906585693e-01
7.053510546684265137e-01 3.683441579341888428e-01
7.327432036399841309e-01 5.371726751327514648e-01
9.488285779953002930e-01 2.968684732913970947e-01
9.390451312065124512e-01 6.063074246048927307e-02
7.697921991348266602e-01 3.688783943653106689e-01
8.592308759689331055e-01 2.545493245124816895e-01
8.818047642707824707e-01 3.859212994575500488e-01
9.603216648101806641e-01 1.969595402479171753e-01
8.809321522712707520e-01 2.618963718414306641e-01
8.237714767456054688e-01 6.269523501396179199e-01
8.122552037239074707e-01 3.881538212299346924e-01
8.277646303176879883e-01 3.453834056854248047e-01
8.955792784690856934e-01 5.339056253433227539e-01
9.602472186088562012e-01 7.718605399131774902e-01
8.361690640449523926e-01 3.788679540157318115e-01
7.743518948554992676e-01 5.875194668769836426e-01
7.709987163543701172e-01 9.662026166915893555e-01
9.238042831420898438e-01 5.219801068305969238e-01
9.449706077575683594e-01 9.097975492477416992e-01
7.315834164619445801e-01 7.936726212501525879e-01
7.199676632881164551e-01 5.871868133544921875e-02
8.783301115036010742e-01 4.290988743305206299e-01
7.438519597053527832e-01 6.983184218406677246e-01
9.473992586135864258e-01 9.867119193077087402e-01
7.931004166603088379e-01 4.583762884140014648e-01
7.431615591049194336e-01 9.278545528650283813e-02
9.762911200523376465e-01 5.620091557502746582e-01
7.496595382690429688e-01 1.265637874603271484e-01
7.854160070419311523e-01 7.515195608139038086e-01
7.460840344429016113e-01 5.076770186424255371e-01
7.346470355987548828e-01 7.234313488006591797e-01
7.063444256782531738e-01 8.693618178367614746e-01
7.166185975074768066e-01 6.289480328559875488e-01
7.523924708366394043e-01 6.124393343925476074e-01
7.160145640373229980e-01 7.545703053474426270e-01
8.773431181907653809e-01 8.424550294876098633e-01
9.042143821716308594e-01 8.690537810325622559e-01
8.180891275405883789e-01 3.643019497394561768e-02
7.953973412513732910e-01 5.561903119087219238e-01
8.513578772544860840e-01 2.162693142890930176e-01
9.625014662742614746e-01 8.603459000587463379e-01
9.553394913673400879e-01 6.483976840972900391e-01
7.130424976348876953e-01 4.202224910259246826e-01
7.544495463371276855e-01 1.881042271852493286e-01
7.710234522819519043e-01 3.390236198902130127e-01
7.748162746429443359e-01 7.037776708602905273e-01
8.713697791099548340e-01 2.043595463037490845e-01
8.248787522315979004e-01 9.358294308185577393e-02
7.147762179374694824e-01 8.880287408828735352e-01
8.120842576026916504e-01 7.642103433609008789e-01
8.571258783340454102e-01 1.997949331998825073e-01
7.305015921592712402e-01 2.923115491867065430e-01
9.500375390052795410e-01 9.720701575279235840e-01
7.155885696411132812e-01 7.081844806671142578e-01
9.774525761604309082e-01 6.105220317840576172e-01
7.297339439392089844e-01 3.076284825801849365e-01
9.530724883079528809e-01 2.991251349449157715e-01
9.707959294319152832e-01 3.952362015843391418e-02
9.938712120056152344e-01 7.284818887710571289e-01
9.406077861785888672e-01 4.317522421479225159e-02
9.338432550430297852e-01 4.857337567955255508e-03
8.927449584007263184e-01 7.294951081275939941e-01
9.336988925933837891e-01 9.488737583160400391e-01
7.403656840324401855e-01 7.565030455589294434e-01
8.608204126358032227e-01 4.716401994228363037e-01
8.542668819427490234e-01 4.860452413558959961e-01
9.572716355323791504e-01 4.361364245414733887e-01
8.388398289680480957e-01 3.246436715126037598e-01
8.155268430709838867e-01 5.217142105102539062e-01
8.918690085411071777e-01 4.311509430408477783e-01
7.799389958381652832e-01 5.981678962707519531e-01
7.419305443763732910e-01 8.981201052665710449e-01
8.433631658554077148e-01 9.950094223022460938e-01
8.250668048858642578e-01 7.874328643083572388e-02
7.697709798812866211e-01 3.846834599971771240e-01
8.102535605430603027e-01 1.807062029838562012e-01
8.099177479743957520e-01 3.521204590797424316e-01
7.982486486434936523e-01 2.874730229377746582e-01
8.138391971588134766e-01 1.745371371507644653e-01
9.057229757308959961e-01 7.640760540962219238e-01
7.890629172325134277e-01 4.962887465953826904e-01
9.846574068069458008e-01 9.192456007003784180e-01
9.749044179916381836e-01 3.259244188666343689e-02
8.442731499671936035e-01 6.697801500558853149e-02
7.985083460807800293e-01 4.032735824584960938e-01
8.606304526329040527e-01 8.027732372283935547e-02
9.545681476593017578e-01 2.627295851707458496e-01
8.957762122154235840e-01 9.860297441482543945e-01
9.413175582885742188e-01 2.089596092700958252e-01
8.598166704177856445e-01 1.981177479028701782e-01
8.898752927780151367e-01 5.736406445503234863e-01
7.864466905593872070e-01 4.979982972145080566e-01
9.204679727554321289e-01 5.804383158683776855e-01
7.607213854789733887e-01 3.767352700233459473e-01
9.084394574165344238e-01 8.267623782157897949e-01
9.582157135009765625e-01 1.385805457830429077e-01
7.396308779716491699e-01 4.283926486968994141e-01
8.843139410018920898e-01 6.897618770599365234e-01
7.285287380218505859e-01 8.682364225387573242e-01
9.177147150039672852e-01 3.695715963840484619e-01
7.253479361534118652e-01 5.677456259727478027e-01
9.807819724082946777e-01 6.913994252681732178e-02
7.412223815917968750e-01 1.703190952539443970e-01
9.876641035079956055e-01 6.913816183805465698e-02
9.402652382850646973e-01 7.278808951377868652e-01
8.781046271324157715e-01 2.880599796772003174e-01
9.347872138023376465e-01 7.237452864646911621e-01
9.385344386100769043e-01 6.639827787876129150e-02
9.838081002235412598e-01 8.625478148460388184e-01
7.760149836540222168e-01 8.355302214622497559e-01
8.770227432250976562e-01 8.892874419689178467e-02
7.285147309303283691e-01 2.375650592148303986e-02
8.848497271537780762e-01 5.628881230950355530e-02
7.513874173164367676e-01 8.536301851272583008e-01
8.694851994514465332e-01 2.347034960985183716e-01
8.717291355133056641e-01 5.482733249664306641e-01
8.397955298423767090e-01 4.262441992759704590e-01
8.567895293235778809e-01 7.955255508422851562e-01
9.291770458221435547e-01 4.888983070850372314e-01
9.397734403610229492e-01 5.006608366966247559e-01
8.476459383964538574e-01 9.890919327735900879e-01
8.798780441284179688e-01 1.501295566558837891e-01
9.793708920478820801e-01 8.307039141654968262e-01
7.359200716018676758e-01 5.174974724650382996e-02
7.351310849189758301e-01 4.776487648487091064e-01
7.263126969337463379e-01 8.863348364830017090e-01
8.973590135574340820e-01 6.652139425277709961e-01
8.255825042724609375e-01 6.852146387100219727e-01
9.322963953018188477e-01 2.633172869682312012e-01
9.013694524765014648e-01 4.185747802257537842e-01
8.000913262367248535e-01 3.665810525417327881e-01
9.695099592208862305e-01 5.214431881904602051e-01
9.287596344947814941e-01 4.622279405593872070e-01
7.811604738235473633e-01 3.268983662128448486e-01
8.092576265335083008e-01 3.054805994033813477e-01
7.943319678306579590e-01 2.508528828620910645e-01
7.472835183143615723e-01 3.650472462177276611e-01
7.443349957466125488e-01 1.499414741992950439e-01
9.808382391929626465e-01 8.721042871475219727e-01
8.313711881637573242e-01 6.021193861961364746e-01
8.149959444999694824e-01 1.337864249944686890e-01
9.189057350158691406e-01 6.938593387603759766e-01
8.658978939056396484e-01 8.476664423942565918e-01
9.808419942855834961e-01 2.375356703996658325e-01
9.340904355049133301e-01 1.506005972623825073e-01
8.438108563423156738e-01 8.617256768047809601e-03
8.129078149795532227e-01 4.725033789873123169e-02
9.959894418716430664e-01 7.622513771057128906e-01
9.153280854225158691e-01 9.871863126754760742e-01
9.853584170341491699e-01 4.488032311201095581e-02
7.355435490608215332e-01 7.480709552764892578e-01
9.551600813865661621e-01 7.186216861009597778e-02
8.911221623420715332e-01 5.921328067779541016e-01
7.365764975547790527e-01 7.560752630233764648e-01
8.764774203300476074e-01 3.592044115066528320e-01
9.058288931846618652e-01 1.093472074717283249e-02
7.036908268928527832e-01 5.951893329620361328e-01
8.362953662872314453e-01 9.912446141242980957e-01
9.476198554039001465e-01 2.576174139976501465e-01
7.886077165603637695e-01 1.894912719726562500e-01
8.375644087791442871e-01 1.239258944988250732e-01
8.326942324638366699e-01 5.552555918693542480e-01
7.905782461166381836e-01 5.964450836181640625e-01
9.755325913429260254e-01 7.922708392143249512e-01
9.343882203102111816e-01 7.530732750892639160e-01
7.331765294075012207e-01 8.925414681434631348e-01
9.991104006767272949e-01 8.057727217674255371e-01
9.637600183486938477e-01 2.472670823335647583e-01
7.851725220680236816e-01 5.558773875236511230e-01
9.510689973831176758e-01 2.974119484424591064e-01
7.319258451461791992e-01 3.297853767871856689e-01
9.997314214706420898e-01 9.319443702697753906e-01
8.997054100036621094e-01 6.818959116935729980e-01
8.950375318527221680e-01 9.745904207229614258e-01
7.271322011947631836e-01 4.169125258922576904e-01
9.691100120544433594e-01 5.374375581741333008e-01
7.086998224258422852e-01 4.871154129505157471e-01
7.722484469413757324e-01 1.072870567440986633e-01
7.429065704345703125e-01 2.367019951343536377e-01
9.330303668975830078e-01 5.276363492012023926e-01
7.594612836837768555e-01 6.737430393695831299e-02
9.731914401054382324e-01 9.314619302749633789e-01
8.968806862831115723e-01 1.238436847925186157e-01
7.108488082885742188e-01 1.979807466268539429e-01
7.016289234161376953e-01 7.653211951255798340e-01
7.154973745346069336e-01 9.693454205989837646e-02
8.817775249481201172e-01 9.002780914306640625e-01
9.404445290565490723e-01 7.257009744644165039e-01
7.715658545494079590e-01 6.862086057662963867e-02
9.548226594924926758e-01 6.918470859527587891e-01
7.171695828437805176e-01 6.316285133361816406e-01
9.402891397476196289e-01 7.573494315147399902e-01
9.783386588096618652e-01 8.281978368759155273e-01
9.316325187683105469e-01 7.183505892753601074e-01
9.094362258911132812e-01 5.861762762069702148e-01
9.513940811157226562e-01 3.224633038043975830e-01
7.120453715324401855e-01 6.972736716270446777e-01
7.605346441268920898e-01 9.569715857505798340e-01
7.374771237373352051e-01 5.875217914581298828e-01
8.513593077659606934e-01 6.643448472023010254e-01
9.235564470291137695e-01 4.371280372142791748e-01
8.890035748481750488e-01 7.561208009719848633e-01
9.553393125534057617e-01 9.976673722267150879e-01
7.465639114379882812e-01 1.603893190622329712e-01
9.203863143920898438e-01 2.024052739143371582e-01
7.579124569892883301e-01 5.394377708435058594e-01
7.812276482582092285e-01 4.813753962516784668e-01
9.129714369773864746e-01 5.715698003768920898e-01
9.940614104270935059e-01 4.907404631376266479e-02
8.834630846977233887e-01 4.042764604091644287e-01
7.163500785827636719e-01 5.829782485961914062e-01
8.848927021026611328e-01 5.851913690567016602e-01
7.127051949501037598e-01 6.573339700698852539e-01
9.652436971664428711e-01 7.202160358428955078e-01
9.128735065460205078e-01 6.415472030639648438e-01
7.519383430480957031e-01 7.902431488037109375e-01
7.275162935256958008e-01 6.247606277465820312e-01
7.550599575042724609e-01 5.375076532363891602e-01
9.940081834793090820e-01 6.061964035034179688e-01
8.375681638717651367e-01 1.011933684349060059e-01
9.352242946624755859e-01 2.731565535068511963e-01
8.909224867820739746e-01 5.273997783660888672e-01
8.717239499092102051e-01 8.729872107505798340e-01
7.435390949249267578e-01 6.790515780448913574e-01
9.838073253631591797e-01 9.040807932615280151e-02
7.904027700424194336e-01 5.922749638557434082e-01
8.734051585197448730e-01 2.217379808425903320e-01
9.099327921867370605e-01 7.340165376663208008e-01
8.947699666023254395e-01 8.274408578872680664e-01
9.821783304214477539e-01 5.934562683105468750e-01
7.445316910743713379e-01 5.913625955581665039e-01
8.525058031082153320e-01 3.385914564132690430e-01
8.212103247642517090e-01 4.462500214576721191e-01
8.422506451606750488e-01 8.641083240509033203e-01
7.357652783393859863e-01 7.233203053474426270e-01
7.402283549308776855e-01 5.197536349296569824e-01
7.834226489067077637e-01 3.682323992252349854e-01
7.914113998413085938e-01 5.037973821163177490e-02
8.283709883689880371e-01 1.430073976516723633e-01
8.832962512969970703e-01 1.930251866579055786e-01
8.903887271881103516e-01 3.733835518360137939e-01
8.235432505607604980e-01 9.441436529159545898e-01
8.226349353790283203e-01 5.051534175872802734e-01
7.652885317802429199e-01 2.348401695489883423e-01
8.764919042587280273e-01 1.057501360774040222e-01
7.951122522354125977e-01 3.383055329322814941e-01
7.108179330825805664e-01 8.157306313514709473e-01
8.255200386047363281e-01 3.833428025245666504e-01
8.422397971153259277e-01 7.725058197975158691e-01
7.676778435707092285e-01 8.027049899101257324e-01
8.717373609542846680e-01 1.108207702636718750e-01
8.697315454483032227e-01 6.086597442626953125e-01
9.106006622314453125e-01 9.590960741043090820e-01
8.943845629692077637e-01 4.021380841732025146e-01
8.957298994064331055e-01 5.094408988952636719e-02
7.948642373085021973e-01 9.233027100563049316e-01
9.362296462059020996e-01 8.836662769317626953e-01
8.647432923316955566e-01 5.221414566040039062e-01
8.294254541397094727e-01 5.522531270980834961e-01
8.878037333488464355e-01 2.117411047220230103e-01
8.081972002983093262e-01 8.194507360458374023e-01
8.538217544555664062e-01 4.986000359058380127e-01
9.210116863250732422e-01 3.387779369950294495e-02
9.659208655357360840e-01 6.830149292945861816e-01
9.763171672821044922e-01 9.504962563514709473e-01
8.510898947715759277e-01 8.291504979133605957e-01
8.560825586318969727e-01 2.771981358528137207e-01
9.399611353874206543e-01 5.332508310675621033e-02
7.943351864814758301e-01 9.403514266014099121e-01
9.512147307395935059e-01 9.370627403259277344e-01
8.482425212860107422e-01 5.324153304100036621e-01
7.347570061683654785e-01 6.423174142837524414e-01
7.216177582740783691e-01 4.626000523567199707e-01
9.525979757308959961e-01 4.197653532028198242e-01
7.166703939437866211e-01 1.194484382867813110e-01
7.841834425926208496e-01 9.675289690494537354e-02
8.002390265464782715e-01 2.327321469783782959e-01
7.518983483314514160e-01 8.366407752037048340e-01
7.941679954528808594e-01 1.458323001861572266e-01
9.228077530860900879e-01 2.266986519098281860e-01
7.044048309326171875e-01 5.486140847206115723e-01
9.481520056724548340e-01 2.151312232017517090e-01
9.569644331932067871e-01 1.632066816091537476e-01
8.116784691810607910e-01 5.633162260055541992e-01
7.460838556289672852e-01 3.680932819843292236e-01
8.802521228790283203e-01 6.261593103408813477e-01
7.359017729759216309e-01 9.122053384780883789e-01
8.094757795333862305e-01 1.509931385517120361e-01
9.875287413597106934e-01 9.134336709976196289e-01
9.986393451690673828e-01 9.024899601936340332e-01
9.316314458847045898e-01 8.290875554084777832e-01
7.932884693145751953e-01 6.312859058380126953e-01
9.062995314598083496e-01 6.201466321945190430e-01
9.116219282150268555e-01 6.392126679420471191e-01
8.163524866104125977e-01 6.904955506324768066e-01
8.922665715217590332e-01 1.648220047354698181e-02
7.032182812690734863e-01 9.580925703048706055e-01
7.627173066139221191e-01 5.856037735939025879e-01
8.575264811515808105e-01 7.814658284187316895e-01
7.491254210472106934e-01 3.772818446159362793e-01
7.497720718383789062e-01 1.239721383899450302e-02
9.508913159370422363e-01 5.097346305847167969e-01
9.967399239540100098e-01 5.071901082992553711e-01
8.667908310890197754e-01 4.369892776012420654e-01
9.517208933830261230e-01 3.397170603275299072e-01
9.970964789390563965e-01 2.498260885477066040e-01
7.424787878990173340e-01 5.275448560714721680e-01
8.344736695289611816e-01 3.752781450748443604e-01
8.177717924118041992e-01 9.699319005012512207e-01
7.240147590637207031e-01 1.729273051023483276e-01
9.265990257263183594e-01 3.196655809879302979e-01
8.301337361335754395e-01 2.939604818820953369e-01
8.407980799674987793e-01 5.433091521263122559e-01
7.452018857002258301e-01 4.992802441120147705e-01
7.542780041694641113e-01 6.437404751777648926e-01
9.721310734748840332e-01 9.500017762184143066e-01
7.133947014808654785e-01 2.852210998535156250e-01
7.698556780815124512e-01 6.927715539932250977e-01
7.876178026199340820e-01 2.504020370543003082e-02
8.470592498779296875e-01 2.623884677886962891e-01
8.759335279464721680e-01 4.637197256088256836e-01
8.479869961738586426e-01 3.099478781223297119e-02
7.252346277236938477e-01 6.176694631576538086e-01
7.731002569198608398e-01 6.783106327056884766e-01
9.530765414237976074e-01 7.467316985130310059e-01
8.912765979766845703e-01 5.165745019912719727e-01
8.947446942329406738e-01 6.039446592330932617e-01
9.010609984397888184e-01 3.960652649402618408e-01
9.288709163665771484e-01 4.125303402543067932e-02
7.174325585365295410e-01 9.995185583829879761e-02
8.099825382232666016e-01 6.549959182739257812e-01
8.618582487106323242e-01 9.955552816390991211e-01
8.015369176864624023e-01 1.580323837697505951e-02
9.533436894416809082e-01 5.575835108757019043e-01
8.447717428207397461e-01 7.510087490081787109e-01
9.305883049964904785e-01 8.267748355865478516e-01
9.556046724319458008e-01 5.452048778533935547e-01
8.514374494552612305e-01 6.199159622192382812e-01
9.728657007217407227e-01 6.967249512672424316e-01
8.761371970176696777e-01 8.589662313461303711e-01
9.550822973251342773e-01 1.222895383834838867e-01
8.021772503852844238e-01 9.261822104454040527e-01
8.496450781822204590e-01 2.601740323007106781e-02
8.594233393669128418e-01 8.361997604370117188e-01
7.314938902854919434e-01 7.674042880535125732e-02
8.195657730102539062e-01 1.946282088756561279e-01
9.752013087272644043e-01 3.894146298989653587e-03
8.892496824264526367e-01 4.452567100524902344e-01
7.532519698143005371e-01 3.343592286109924316e-01
8.016566634178161621e-01 1.659929156303405762e-01
7.574809193611145020e-01 4.510901570320129395e-01
7.074469327926635742e-01 4.023708701133728027e-01
9.782381653785705566e-01 7.676610350608825684e-01
8.344622254371643066e-01 8.931303024291992188e-01
7.922605276107788086e-01 6.525672674179077148e-01
8.795431852340698242e-01 1.244103908538818359e-01
7.021943330764770508e-01 2.953907847404479980e-01
7.834066152572631836e-01 9.133182764053344727e-01
9.109100103378295898e-01 8.873449265956878662e-02
8.901309370994567871e-01 4.068558514118194580e-01
9.945417642593383789e-01 9.425046443939208984e-01
8.861073255538940430e-01 9.506648182868957520e-01
8.432517647743225098e-01 4.112031757831573486e-01
9.284297823905944824e-01 6.673969030380249023e-01
9.709983468055725098e-01 4.567455947399139404e-01
9.162088036537170410e-01 7.534605264663696289e-01
9.889633655548095703e-01 3.158133104443550110e-02
9.346015453338623047e-01 1.441571563482284546e-01
9.600404500961303711e-01 6.141988039016723633e-01
7.342312335968017578e-01 2.325522601604461670e-01
9.197240471839904785e-01 6.660522818565368652e-01
8.320266008377075195e-01 3.512229323387145996e-01
8.659311532974243164e-01 8.866455554962158203e-01
8.962306976318359375e-01 8.192594051361083984e-01
9.909445643424987793e-01 4.928377866744995117e-01
9.953734278678894043e-01 7.728950977325439453e-01
7.864684462547302246e-01 2.711378931999206543e-01
9.201260209083557129e-01 4.942597746849060059e-01
9.249950647354125977e-01 1.974820494651794434e-01
8.039478659629821777e-01 8.608861565589904785e-01
7.371609210968017578e-01 8.230676054954528809e-01
7.122840881347656250e-01 9.021496772766113281e-01
9.332029223442077637e-01 8.774769902229309082e-01
8.469099402427673340e-01 9.595962762832641602e-01
9.956620335578918457e-01 2.283362299203872681e-01
8.394920229911804199e-01 9.318242669105529785e-01
9.933751225471496582e-01 5.712131857872009277e-01
8.234727978706359863e-01 4.224950969219207764e-01
9.381046295166015625e-01 5.603739023208618164e-01
7.254458069801330566e-01 3.426023423671722412e-01
8.666385412216186523e-01 2.885529994964599609e-01
9.406179189682006836e-01 2.413143366575241089e-01
9.774104952812194824e-01 8.242798596620559692e-02
9.467748999595642090e-01 4.965648949146270752e-01
7.110912203788757324e-01 8.877616524696350098e-01
8.118107318878173828e-01 6.301519870758056641e-01
7.146095633506774902e-01 5.209756493568420410e-01
7.327846884727478027e-01 4.285929203033447266e-01
9.025917053222656250e-01 4.644016325473785400e-01
9.139774441719055176e-01 2.092773467302322388e-01
9.321162104606628418e-01 8.229358792304992676e-01
9.596369862556457520e-01 1.983829587697982788e-01
9.218294620513916016e-01 7.166227698326110840e-01
9.402614831924438477e-01 7.599850296974182129e-01
7.146891355514526367e-01 5.748690366744995117e-01
7.703605294227600098e-01 8.629263639450073242e-01
8.865693211555480957e-01 2.910503447055816650e-01
9.574375748634338379e-01 8.816172480583190918e-01
7.013500332832336426e-01 7.294104695320129395e-01
8.543887734413146973e-01 7.987498044967651367e-01
9.031862020492553711e-01 6.645796895027160645e-01
7.088822126388549805e-01 8.463430404663085938e-01
8.204066753387451172e-01 9.930988550186157227e-01
9.686904549598693848e-01 4.201628565788269043e-01
9.014838337898254395e-01 8.139156699180603027e-01
7.712975144386291504e-01 7.445797324180603027e-01
9.558343291282653809e-01 4.528701603412628174e-01
8.044094443321228027e-01 9.269490242004394531e-01
9.560034275054931641e-01 3.944259285926818848e-01
7.896831035614013672e-01 5.654659271240234375e-01
8.770960569381713867e-01 1.059423536062240601e-01
8.190820217132568359e-01 2.257751971483230591e-01
7.824475169181823730e-01 8.406961560249328613e-01
9.659672975540161133e-01 3.965527117252349854e-01
7.562780976295471191e-01 3.940840959548950195e-01
7.254434823989868164e-01 2.459810227155685425e-01
8.025780916213989258e-01 4.916103482246398926e-01
9.152917265892028809e-01 8.058169484138488770e-01
9.422295093536376953e-01 8.951641321182250977e-01
9.996230006217956543e-01 7.011443376541137695e-02
7.889086008071899414e-01 5.748207569122314453e-01
8.223825693130493164e-01 4.672733545303344727e-01
7.410463690757751465e-01 6.142818331718444824e-01
8.724615573883056641e-01 4.472756981849670410e-01
9.992740154266357422e-01 3.986448347568511963e-01
9.102643132209777832e-01 4.718807041645050049e-01
8.785638809204101562e-01 5.819991230964660645e-01
8.177107572555541992e-01 5.009832382202148438e-01
9.745896458625793457e-01 4.721444547176361084e-01
8.490749597549438477e-01 8.178353309631347656e-01
7.403100728988647461e-01 7.456479668617248535e-01
8.096135258674621582e-01 3.413784801959991455e-01
7.201499938964843750e-01 8.005771040916442871e-01
7.605937123298645020e-01 8.536506891250610352e-01
7.053006291389465332e-01 1.534922122955322266e-01
8.359839916229248047e-01 5.826824903488159180e-01
8.903620839118957520e-01 2.853119969367980957e-01
8.029877543449401855e-01 7.391723394393920898e-01
8.261145353317260742e-01 2.387853264808654785e-01
9.877628087997436523e-01 6.714035272598266602e-01
9.255889654159545898e-01 2.551246583461761475e-01
8.622570037841796875e-01 5.111437439918518066e-01
7.853622436523437500e-01 9.486464858055114746e-01
9.690990447998046875e-01 3.813075423240661621e-01
7.705291509628295898e-01 8.757385015487670898e-01
7.976028323173522949e-01 9.869445562362670898e-01
9.727194309234619141e-01 8.748508691787719727e-01
8.588626384735107422e-01 1.658660322427749634e-01
9.226953983306884766e-01 8.196582198143005371e-01
8.772234320640563965e-01 3.214939683675765991e-02
8.960317373275756836e-01 3.933018743991851807e-01
7.898150086402893066e-01 8.707333803176879883e-01
7.724116444587707520e-01 6.887522339820861816e-01
7.967476844787597656e-01 5.327404141426086426e-01
7.466324567794799805e-01 3.878640234470367432e-01
9.622942805290222168e-01 8.122969269752502441e-01
7.849740982055664062e-01 7.095584273338317871e-01
8.684468269348144531e-01 4.684053063392639160e-01
9.375923275947570801e-01 8.924843668937683105e-01
9.351472258567810059e-01 2.299480140209197998e-01
8.315158486366271973e-01 1.703915148973464966e-01
8.428772091865539551e-01 6.428037881851196289e-01
9.984105229377746582e-01 9.719943404197692871e-01
9.023792147636413574e-01 2.472565770149230957e-01
9.443915486335754395e-01 2.496703863143920898e-01
9.707661867141723633e-01 1.394988447427749634e-01
9.362769722938537598e-01 8.605635762214660645e-01
7.555537819862365723e-01 2.263975441455841064e-01
8.686512112617492676e-01 5.031785368919372559e-01
7.305682301521301270e-01 9.908725023269653320e-01
8.958766460418701172e-01 1.214090082794427872e-02
9.866048097610473633e-01 5.564860701560974121e-01
8.538196086883544922e-01 5.122890472412109375e-01
8.298917412757873535e-01 8.074473738670349121e-01
7.107528448104858398e-01 3.552815318107604980e-01
9.879323840141296387e-01 4.103413522243499756e-01
7.309008240699768066e-01 1.679379791021347046e-01
7.123237252235412598e-01 7.408152222633361816e-01
7.738199830055236816e-01 7.847089171409606934e-01
7.196591496467590332e-01 1.366633176803588867e-01
8.365353345870971680e-01 3.934570848941802979e-01
8.548263311386108398e-01 8.929049968719482422e-01
7.937709689140319824e-01 2.707273699343204498e-03
7.152881622314453125e-01 2.987590730190277100e-01
7.334800958633422852e-01 5.550422668457031250e-01
8.153513073921203613e-01 3.340938687324523926e-01
7.181585431098937988e-01 2.720451951026916504e-01
9.094569087028503418e-01 4.600374996662139893e-01
7.621061801910400391e-01 1.815231144428253174e-01
7.906214594841003418e-01 5.296252369880676270e-01
8.182377219200134277e-01 7.066959142684936523e-01
8.249828815460205078e-01 5.752949714660644531e-01
7.004982233047485352e-01 9.310933202505111694e-02
7.336211204528808594e-01 8.444086313247680664e-01
9.588293433189392090e-01 1.749778389930725098e-01
7.003698945045471191e-01 7.648119926452636719e-01
8.524501919746398926e-01 3.605650961399078369e-01
8.468505740165710449e-01 7.827613353729248047e-01
7.999282479286193848e-01 2.062729001045227051e-01
8.293980956077575684e-01 1.866621077060699463e-01
9.341743588447570801e-01 4.970258474349975586e-01
9.523611068725585938e-01 3.293601423501968384e-02
7.781045436859130859e-01 2.252973318099975586e-01
7.967471480369567871e-01 7.240122556686401367e-01
7.727448344230651855e-01 8.373834490776062012e-01
8.439590334892272949e-01 8.078536391258239746e-02
9.049775004386901855e-01 8.820776939392089844e-01
7.684758901596069336e-01 7.975171804428100586e-01
7.992207407951354980e-01 8.696842789649963379e-01
9.791153669357299805e-01 6.984285712242126465e-01
7.145707607269287109e-01 6.741530895233154297e-01
8.382309079170227051e-01 5.250932574272155762e-01
9.134674072265625000e-01 6.527872085571289062e-01
7.451362013816833496e-01 9.191096425056457520e-01
7.142121791839599609e-01 1.005220040678977966e-01
7.414616346359252930e-01 3.157644867897033691e-01
9.756469726562500000e-01 7.245497405529022217e-02
7.027779221534729004e-01 9.448051452636718750e-01
7.564966082572937012e-01 4.452654719352722168e-01
7.093850374221801758e-01 6.753444671630859375e-01
7.331888675689697266e-01 8.411200642585754395e-01
8.860448002815246582e-01 9.910002350807189941e-01
7.724916934967041016e-01 1.617824584245681763e-01
8.707635998725891113e-01 7.995126247406005859e-01
8.770586252212524414e-01 8.874229192733764648e-01
9.548305869102478027e-01 4.887537658214569092e-02
7.014223933219909668e-01 7.540905475616455078e-01
9.560108184814453125e-01 3.547253310680389404e-01
8.857357501983642578e-01 6.485967636108398438e-01
7.488230466842651367e-01 5.140482187271118164e-01
9.318811893463134766e-01 2.597422599792480469e-01
9.566474556922912598e-01 1.352213621139526367e-01
7.762790322303771973e-01 1.169472336769104004e-01
9.756380915641784668e-01 1.033228561282157898e-01
8.363372087478637695e-01 6.377900242805480957e-01
8.810273408889770508e-01 3.514108657836914062e-01
9.953948855400085449e-01 2.166334390640258789e-01
8.084608316421508789e-01 6.918851137161254883e-01
9.439477920532226562e-01 6.868495941162109375e-01
7.955197095870971680e-01 5.391682982444763184e-01
9.397640824317932129e-01 9.349578022956848145e-01
8.802201747894287109e-01 3.854142427444458008e-01
7.649067044258117676e-01 8.358629941940307617e-01
8.242078423500061035e-01 7.513941079378128052e-02
7.952907085418701172e-01 7.398310899734497070e-01
7.234325408935546875e-01 9.884474277496337891e-01
7.089504599571228027e-01 8.465982079505920410e-01
8.039435744285583496e-01 5.796647071838378906e-01
7.057102322578430176e-01 6.267660856246948242e-01
7.496463060379028320e-01 3.532895445823669434e-01
9.175549745559692383e-01 6.794852018356323242e-01
9.124273657798767090e-01 7.703953981399536133e-01
9.215741157531738281e-01 9.982284903526306152e-01
7.951459288597106934e-01 4.924629032611846924e-01
9.670058488845825195e-01 6.130406633019447327e-02
8.781491518020629883e-01 5.958579778671264648e-01
7.378079295158386230e-01 1.190241500735282898e-01
7.431156039237976074e-01 2.447650432586669922e-01
9.079286456108093262e-01 3.287799060344696045e-01
7.518832087516784668e-01 7.310298681259155273e-01
8.521878123283386230e-01 1.838081181049346924e-01
9.975323677062988281e-01 1.657529473304748535e-01
7.012022733688354492e-01 4.496424272656440735e-02
7.049739360809326172e-01 8.732399344444274902e-01
9.979254007339477539e-01 6.935054063796997070e-01
8.753916621208190918e-01 3.994646668434143066e-02
7.380729913711547852e-01 2.829230576753616333e-02
9.691906571388244629e-01 5.586742758750915527e-01
9.641140699386596680e-01 2.825343906879425049e-01
8.608601093292236328e-01 5.967263579368591309e-01
8.865376114845275879e-01 4.346041679382324219e-01
7.819561362266540527e-01 9.233125448226928711e-01
7.151558995246887207e-01 2.878090143203735352e-01
8.783702850341796875e-01 6.791453957557678223e-01
7.884265780448913574e-01 5.405431240797042847e-02
8.990862965583801270e-01 9.558605551719665527e-01
9.508735537528991699e-01 9.807574748992919922e-01
7.054481506347656250e-01 7.390746474266052246e-01
8.787141442298889160e-01 4.652124643325805664e-01
7.693841457366943359e-01 2.199934422969818115e-01
9.621665477752685547e-01 8.125163316726684570e-01
7.760993242263793945e-01 7.363541126251220703e-01
8.832310438156127930e-01 2.219540327787399292e-01
8.660622239112854004e-01 4.512152969837188721e-01
8.188499212265014648e-01 4.627989232540130615e-01
9.032862186431884766e-01 8.264105319976806641e-01
9.177308678627014160e-01 6.838446855545043945e-01
8.700813651084899902e-01 6.431675553321838379e-01
9.275266528129577637e-01 6.498274207115173340e-01
9.950250983238220215e-01 2.704700827598571777e-01
8.257817029953002930e-01 3.717112541198730469e-01
8.543749451637268066e-01 4.566228389739990234e-02
7.037409543991088867e-01 7.869411110877990723e-01
9.388085603713989258e-01 4.329982101917266846e-01
8.560690283775329590e-01 4.382383525371551514e-01
8.223884105682373047e-01 2.453562617301940918e-01
7.282215952873229980e-01 2.094272822141647339e-01
9.668969511985778809e-01 5.878219008445739746e-01
8.185021877288818359e-01 2.325530201196670532e-01
9.047744870185852051e-01 6.420885026454925537e-02
7.448122501373291016e-01 7.675074338912963867e-01
9.884648919105529785e-01 3.764694333076477051e-01
7.535325288772583008e-01 3.802355825901031494e-01
7.598626017570495605e-01 4.313182830810546875e-01
9.576948285102844238e-01 8.150448203086853027e-01
9.737748503684997559e-01 3.208369016647338867e-01
7.636442184448242188e-01 7.580361962318420410e-01
8.409402370452880859e-01 9.395448565483093262e-01
9.200484752655029297e-01 6.608681678771972656e-01
9.635097384452819824e-01 4.316810667514801025e-01
8.137158155441284180e-01 7.477897405624389648e-01
8.551058173179626465e-01 4.578973650932312012e-01
9.225149154663085938e-01 4.144272804260253906e-01
9.193407893180847168e-01 5.252831578254699707e-01
9.348880648612976074e-01 3.177223205566406250e-01
8.709801435470581055e-01 1.042502149939537048e-01
7.313845157623291016e-01 4.148519933223724365e-01
9.711920022964477539e-01 1.238568797707557678e-01
9.596717357635498047e-01 4.104414880275726318e-01
9.394292235374450684e-01 5.569337010383605957e-01
7.299587726593017578e-01 9.307112097740173340e-01
7.613192200660705566e-01 3.622233122587203979e-02
9.230800867080688477e-01 6.214584112167358398e-01
7.069420218467712402e-01 4.577351808547973633e-01
9.937673807144165039e-01 2.026112750172615051e-02
8.131434321403503418e-01 2.495481818914413452e-01
9.157937765121459961e-01 1.184852495789527893e-01
9.662713408470153809e-01 2.167941480875015259e-01
8.183889389038085938e-01 2.745702564716339111e-01
7.957397699356079102e-01 4.013063311576843262e-01
8.826223611831665039e-01 5.290393829345703125e-01
8.742967844009399414e-01 9.899939177557826042e-04
8.227419853210449219e-01 1.618693619966506958e-01
8.805324435234069824e-01 9.356638789176940918e-02
9.806144237518310547e-01 5.496733784675598145e-01
8.402920961380004883e-01 3.290748596191406250e-01
7.590226531028747559e-01 5.483977198600769043e-01
8.131617903709411621e-01 2.218233048915863037e-01
8.182321190834045410e-01 2.422935329377651215e-02
7.393326163291931152e-01 9.413669109344482422e-01
7.488614320755004883e-01 1.083081215620040894e-01
9.053686261177062988e-01 1.268587410449981689e-01
8.018433451652526855e-01 1.465468257665634155e-01
9.864695072174072266e-01 9.812765121459960938e-01
7.730790376663208008e-01 6.176602244377136230e-01
7.296773791313171387e-01 6.102899312973022461e-01
9.260513782501220703e-01 9.866982102394104004e-01
9.643108248710632324e-01 8.843877166509628296e-02
7.834340333938598633e-01 9.745008945465087891e-01
7.606264352798461914e-01 2.040131539106369019e-01
7.557298541069030762e-01 6.230714917182922363e-01
8.566036820411682129e-01 4.200835525989532471e-01
8.405249714851379395e-01 3.839518129825592041e-01
7.778319716453552246e-01 9.312433004379272461e-01
7.135519385337829590e-01 1.492277234792709351e-01
8.444473743438720703e-01 9.970690011978149414e-01
9.877997040748596191e-01 3.791250586509704590e-01
8.957557678222656250e-01 6.487749218940734863e-01
8.486519455909729004e-01 9.679067134857177734e-01
7.332076430320739746e-01 5.760104954242706299e-02
7.757309079170227051e-01 9.228643774986267090e-01
7.884321808815002441e-01 5.678113698959350586e-01
9.294410943984985352e-01 7.043969035148620605e-01
9.630132317543029785e-01 1.491841822862625122e-01
9.704925417900085449e-01 5.333874225616455078e-01
9.953705668449401855e-01 6.735137104988098145e-01
9.947100281715393066e-01 4.562472999095916748e-01
9.858997464179992676e-01 1.549851745367050171e-01
7.215466499328613281e-01 2.441190779209136963e-01
7.413380742073059082e-01 8.543927669525146484e-01
7.913399338722229004e-01 3.447099402546882629e-02
8.658694624900817871e-01 7.088620662689208984e-01
7.290933728218078613e-01 9.993900656700134277e-01
9.537391066551208496e-01 7.482996210455894470e-03
8.850268721580505371e-01 1.610456854104995728e-01
8.627093434333801270e-01 6.741443276405334473e-01
7.495933771133422852e-01 5.999083444476127625e-02
7.759766578674316406e-01 5.897899866104125977e-01
7.480936050415039062e-01 6.840000748634338379e-01
9.555799365043640137e-01 5.881463289260864258e-01
8.752683401107788086e-01 3.651846945285797119e-01
9.205388426780700684e-01 6.972823143005371094e-01
7.888098359107971191e-01 5.942944288253784180e-01
8.113757967948913574e-01 2.076371759176254272e-01
8.214564919471740723e-01 5.631355643272399902e-01
9.280045032501220703e-01 8.819072246551513672e-01
9.317058920860290527e-01 6.668332815170288086e-01
7.620440721511840820e-01 4.717915058135986328e-01
9.824616312980651855e-01 3.215841054916381836e-01
7.361965775489807129e-01 8.588621020317077637e-02
9.688366055488586426e-01 2.446271330118179321e-01
7.301186919212341309e-01 1.118675339967012405e-02
7.793619632720947266e-01 9.866259098052978516e-01
9.539435505867004395e-01 2.224822491407394409e-01
7.538475990295410156e-01 8.148759603500366211e-01
8.240703940391540527e-01 1.686448752880096436e-01
8.349577784538269043e-01 2.836011350154876709e-01
7.735776901245117188e-01 4.182773232460021973e-01
9.130735397338867188e-01 3.244056701660156250e-01
9.554004073143005371e-01 7.983508110046386719e-01
9.623725414276123047e-01 9.576933979988098145e-01
8.017966151237487793e-01 8.752945065498352051e-01
8.592551350593566895e-01 1.535778641700744629e-01
7.745219469070434570e-01 7.766886949539184570e-01
7.734389305114746094e-01 1.479469090700149536e-01
7.483761906623840332e-01 9.133810997009277344e-01
9.820057153701782227e-01 5.178785920143127441e-01
9.663966298103332520e-01 3.363810777664184570e-01
9.332076311111450195e-01 1.570255011320114136e-01
8.552984595298767090e-01 1.180908828973770142e-02
8.471823930740356445e-01 2.479469925165176392e-01
8.589236736297607422e-01 9.140200614929199219e-01
8.609703779220581055e-01 7.972621917724609375e-01
8.303689360618591309e-01 9.697937369346618652e-01
7.395264506340026855e-01 1.007615178823471069e-01
7.376991510391235352e-01 5.921787619590759277e-01
9.856749176979064941e-01 2.571504712104797363e-01
8.446092009544372559e-01 5.429416894912719727e-01
9.859616756439208984e-01 3.204548954963684082e-01
7.490730881690979004e-01 2.834655642509460449e-01
8.663249611854553223e-01 5.738453269004821777e-01
7.623151540756225586e-01 1.833181679248809814e-01
7.759553790092468262e-01 4.691334366798400879e-01
7.090163826942443848e-01 6.508122682571411133e-01
7.356860041618347168e-01 1.281820684671401978e-01
9.750545024871826172e-01 9.305942654609680176e-01
7.964599132537841797e-01 5.057247281074523926e-01
8.824387788772583008e-01 8.195279836654663086e-01
8.395042419433593750e-01 6.539054512977600098e-01
8.201353549957275391e-01 7.100009322166442871e-01
8.595658540725708008e-01 7.161309123039245605e-01
7.561717033386230469e-01 8.750998973846435547e-01
9.965811967849731445e-01 6.136054396629333496e-01
9.454923868179321289e-01 2.782171368598937988e-01
9.224843978881835938e-01 9.950964152812957764e-02
8.406277894973754883e-01 6.062506437301635742e-01
7.458631396293640137e-01 6.635280698537826538e-02
9.761997461318969727e-01 2.412934452295303345e-01
8.024161458015441895e-01 6.070718541741371155e-02
7.150319814682006836e-01 5.488876104354858398e-01
8.027210831642150879e-01 1.603381186723709106e-01
9.383370876312255859e-01 6.104072928428649902e-01
8.868126273155212402e-01 7.908651232719421387e-01
9.252516031265258789e-01 8.218806982040405273e-01
9.380906224250793457e-01 3.095435202121734619e-01
7.635864019393920898e-01 5.489545464515686035e-01
9.771350026130676270e-01 5.630107522010803223e-01
8.313968777656555176e-01 4.728871881961822510e-01
8.917040824890136719e-01 6.551138758659362793e-01
7.006926536560058594e-01 2.100871205329895020e-01
9.980105757713317871e-01 9.792432188987731934e-01
7.842689156532287598e-01 9.807983040809631348e-02
7.186189293861389160e-01 8.292211294174194336e-01
8.374786376953125000e-01 5.940960049629211426e-01
7.387090325355529785e-01 2.448547482490539551e-01
7.456980347633361816e-01 7.456750273704528809e-01
8.896848559379577637e-01 8.448089659214019775e-02
8.178782463073730469e-01 7.744178175926208496e-01
9.765557646751403809e-01 5.899852514266967773e-01
7.957469224929809570e-01 1.107503175735473633e-01
9.178540110588073730e-01 7.950556278228759766e-02
8.383298516273498535e-01 7.508363127708435059e-01
8.979853987693786621e-01 2.929359078407287598e-01
8.799086213111877441e-01 8.893018364906311035e-01
8.418352007865905762e-01 7.620730400085449219e-01
9.850183129310607910e-01 6.981902718544006348e-01
8.028140664100646973e-01 2.786060571670532227e-01
7.531706690788269043e-01 7.089444994926452637e-01
9.034281969070434570e-01 9.481477141380310059e-01
9.538022875785827637e-01 9.155983477830886841e-02
7.120761275291442871e-01 3.261626362800598145e-01
8.348898291587829590e-01 2.346722632646560669e-01
9.677463173866271973e-01 3.932501375675201416e-01
9.248855710029602051e-01 7.423326373100280762e-01
9.975423216819763184e-01 4.742425680160522461e-01
8.594241142272949219e-01 5.707306265830993652e-01
8.979986906051635742e-01 3.141548931598663330e-01
7.907440662384033203e-01 1.412892639636993408e-01
9.842606782913208008e-01 2.669336497783660889e-01
8.099006414413452148e-01 8.596802949905395508e-01
9.215531945228576660e-01 6.024169325828552246e-01
8.209420442581176758e-01 3.779886662960052490e-01
8.685456514358520508e-01 7.899059653282165527e-01
9.159347414970397949e-01 6.445743143558502197e-02
8.526802659034729004e-01 2.538910806179046631e-01
9.721258878707885742e-01 2.301031500101089478e-01
8.257902860641479492e-01 9.853645563125610352e-01
8.941215276718139648e-01 7.060985565185546875e-01
8.027087450027465820e-01 6.177859306335449219e-01
8.224470019340515137e-01 4.984965082257986069e-03
8.320150375366210938e-01 1.843100041151046753e-01
7.377421259880065918e-01 6.355413198471069336e-01
7.275171279907226562e-01 3.797193169593811035e-01
9.002469778060913086e-01 9.242804050445556641e-01
8.966553211212158203e-01 7.647241950035095215e-01
8.988729119300842285e-01 4.473840594291687012e-01
7.059299349784851074e-01 7.495149970054626465e-01
7.979640364646911621e-01 9.754043221473693848e-01
7.593429684638977051e-01 4.609808325767517090e-01
9.334454536437988281e-01 6.425259113311767578e-01
9.581891298294067383e-01 9.186646342277526855e-01
7.740041017532348633e-01 2.486746609210968018e-01
9.003547430038452148e-01 8.865579366683959961e-01
7.388088703155517578e-01 9.754470735788345337e-02
7.825457453727722168e-01 6.484481692314147949e-01
7.415963411331176758e-01 7.828381657600402832e-01
7.850562334060668945e-01 6.146062016487121582e-01
9.024209380149841309e-01 4.955348074436187744e-01
9.730980992317199707e-01 6.173471212387084961e-01
7.607567310333251953e-01 1.516637057065963745e-01
8.626236915588378906e-01 2.155707031488418579e-01
9.104173183441162109e-01 2.698993384838104248e-01
9.858767390251159668e-01 5.977793335914611816e-01
8.830181360244750977e-01 4.419010877609252930e-01
7.765320539474487305e-01 2.444758415222167969e-01
8.876434564590454102e-01 8.828093409538269043e-01
7.961473464965820312e-01 3.739218413829803467e-01
9.928385019302368164e-01 4.460317194461822510e-01
8.199028372764587402e-01 4.097010791301727295e-01
9.056283235549926758e-01 1.819429546594619751e-01
7.069682478904724121e-01 7.316269874572753906e-01
8.200184106826782227e-01 4.484582543373107910e-01
9.625322818756103516e-01 1.625710912048816681e-02
8.830682039260864258e-01 9.640136957168579102e-01
8.331828713417053223e-01 8.157635927200317383e-01
9.807812571525573730e-01 7.235593795776367188e-01
9.561952948570251465e-01 8.690918684005737305e-01
7.966647148132324219e-01 9.068072438240051270e-01
8.633645176887512207e-01 3.374896943569183350e-01
8.469472527503967285e-01 6.109586954116821289e-01
8.896607756614685059e-01 6.088078022003173828e-01
8.002333641052246094e-01 2.672996819019317627e-01
7.732614874839782715e-01 2.219522446393966675e-01
9.738015532493591309e-01 1.139072552323341370e-01
9.771623611450195312e-01 6.593142151832580566e-01
9.529968500137329102e-01 7.809190154075622559e-01
9.934613108634948730e-01 7.609530091285705566e-01
9.234974384307861328e-01 3.162753880023956299e-01
9.294001460075378418e-01 2.052598446607589722e-01
9.287770390510559082e-01 4.536141753196716309e-01
8.441823124885559082e-01 5.468134880065917969e-01
8.369356393814086914e-01 9.190871119499206543e-01
7.720679044723510742e-01 8.748231530189514160e-01
8.934457302093505859e-01 9.160583019256591797e-01
7.867960333824157715e-01 8.502624034881591797e-01
7.773424983024597168e-01 9.645811915397644043e-01
8.757883906364440918e-01 4.654999971389770508e-01
8.229947090148925781e-01 4.747349768877029419e-02
7.656570076942443848e-01 8.356203138828277588e-02
9.448168277740478516e-01 3.902761340141296387e-01
9.581709504127502441e-01 2.576870918273925781e-01
7.503098845481872559e-01 1.699405908584594727e-01
7.022520899772644043e-01 9.532037973403930664e-01
8.008390069007873535e-01 1.954195946455001831e-01
9.392532706260681152e-01 9.593792557716369629e-01
9.517521858215332031e-01 7.608388662338256836e-01
7.414987087249755859e-01 6.409456729888916016e-01
9.323007464408874512e-01 6.760189533233642578e-01
7.347112298011779785e-01 3.314743340015411377e-01
8.170187473297119141e-01 6.464270353317260742e-01
9.995828270912170410e-01 1.866921186447143555e-01
7.577772736549377441e-01 9.377054572105407715e-01
7.461890578269958496e-01 3.017933368682861328e-01
8.268401026725769043e-01 2.551864981651306152e-01
8.859005570411682129e-01 7.111628055572509766e-01
9.798702597618103027e-01 6.564487218856811523e-01
9.942463636398315430e-01 4.512989223003387451e-01
7.208921909332275391e-01 6.324462294578552246e-01
7.413992285728454590e-01 1.594930738210678101e-01
9.372214078903198242e-01 6.733282804489135742e-01
7.811896204948425293e-01 2.706106901168823242e-01
9.654546976089477539e-01 2.728359699249267578e-01
8.990359902381896973e-01 1.621799319982528687e-01
7.335534691810607910e-01 3.323771357536315918e-01
9.497587680816650391e-01 3.312510550022125244e-01
7.529069185256958008e-01 4.541790187358856201e-01
8.270485997200012207e-01 1.904195100069046021e-01
8.656554818153381348e-01 1.930075287818908691e-01
8.502298593521118164e-01 5.417385697364807129e-01
9.058488607406616211e-01 1.288774013519287109e-01
8.958060145378112793e-01 6.888970136642456055e-01
9.976125955581665039e-01 9.439471364021301270e-01
9.998265504837036133e-01 4.267956316471099854e-01
8.549377918243408203e-01 9.011052846908569336e-01
7.285597324371337891e-01 9.831658750772476196e-02
9.183529615402221680e-01 4.295762628316879272e-02
9.929991960525512695e-01 7.213688492774963379e-01
7.954978942871093750e-01 7.610215544700622559e-01
8.383626937866210938e-01 8.430582284927368164e-01
8.274330496788024902e-01 5.681767687201499939e-02
7.154257297515869141e-01 7.769070267677307129e-01
9.016793370246887207e-01 3.765387237071990967e-01
8.060013055801391602e-01 3.033376336097717285e-01
9.362391829490661621e-01 1.730239242315292358e-01
9.496360421180725098e-01 9.960157275199890137e-01
9.463692307472229004e-01 6.366358697414398193e-02
8.249998092651367188e-01 8.270080089569091797e-01
7.964637279510498047e-01 6.394944190979003906e-01
9.246462583541870117e-01 7.350804209709167480e-01
9.404168128967285156e-01 7.117171287536621094e-01
8.473772406578063965e-01 8.584344983100891113e-01
9.679092764854431152e-01 1.837920695543289185e-01
7.431725859642028809e-01 8.246168144978582859e-04
9.637206196784973145e-01 5.985285043716430664e-01
7.288285493850708008e-01 3.538586497306823730e-01
7.460576295852661133e-01 1.237873286008834839e-01
8.601520061492919922e-01 1.861387491226196289e-01
7.202555537223815918e-01 3.317493200302124023e-01
7.158421277999877930e-01 7.023336738348007202e-02
7.001556158065795898e-01 5.691320076584815979e-02
8.308950066566467285e-01 9.160262346267700195e-01
9.323871731758117676e-01 3.121027350425720215e-01
7.104514837265014648e-01 9.822307229042053223e-01
8.956772685050964355e-01 9.643670320510864258e-01
9.469382166862487793e-01 1.425712853670120239e-01
7.504002451896667480e-01 7.149242758750915527e-01
7.440591454505920410e-01 6.008048653602600098e-01
9.582402706146240234e-01 6.906470656394958496e-01
9.469373822212219238e-01 9.619099646806716919e-02
8.616825342178344727e-01 1.885600835084915161e-01
9.457599520683288574e-01 7.663866132497787476e-02
7.278268337249755859e-01 6.041342020034790039e-01
8.183444738388061523e-01 9.865911006927490234e-01
9.213392734527587891e-01 6.719845533370971680e-01
7.772355675697326660e-01 7.107615470886230469e-01
9.256986975669860840e-01 9.845850467681884766e-01
8.512535691261291504e-01 6.780115365982055664e-01
9.250798225402832031e-01 4.018157348036766052e-02
8.394038677215576172e-01 8.670055866241455078e-01
8.103712797164916992e-01 3.646782934665679932e-01
7.657567858695983887e-01 4.363621585071086884e-03
7.625138163566589355e-01 5.072341561317443848e-01
9.254472255706787109e-01 9.370149970054626465e-01
7.356731295585632324e-01 2.573306858539581299e-01
7.257947325706481934e-01 4.915131628513336182e-01
7.528874278068542480e-01 1.737768948078155518e-01
7.526039481163024902e-01 5.769267305731773376e-02
9.469323158264160156e-01 8.054494857788085938e-02
8.195520043373107910e-01 7.270109057426452637e-01
9.971165657043457031e-01 8.640744686126708984e-01
7.411633729934692383e-01 1.432988345623016357e-01
8.960619568824768066e-01 2.883185744285583496e-01
8.346188664436340332e-01 1.950294673442840576e-01
8.178754448890686035e-01 2.685577608644962311e-02
9.625252485275268555e-01 5.534313917160034180e-01
9.926787018775939941e-01 6.999221444129943848e-01
9.618576765060424805e-01 6.478774547576904297e-01
7.576901912689208984e-01 3.880535364151000977e-01
7.662394046783447266e-01 5.550102591514587402e-01
8.968221545219421387e-01 9.409930557012557983e-02
7.867251038551330566e-01 1.543037146329879761e-01
9.204175472259521484e-01 9.317946434020996094e-01
8.699262142181396484e-01 7.615077495574951172e-01
8.652726411819458008e-01 9.227390885353088379e-01
9.485640525817871094e-01 9.166802763938903809e-01
9.131598472595214844e-01 6.493926048278808594e-01
7.079733014106750488e-01 9.282386302947998047e-01
7.148377299308776855e-01 4.167040884494781494e-01
8.804675340652465820e-01 3.616244764998555183e-03
8.458576202392578125e-01 6.257111579179763794e-02
7.780553698539733887e-01 1.094873249530792236e-01
8.255968093872070312e-01 9.535345435142517090e-02
9.273731112480163574e-01 3.517023921012878418e-01
9.479834437370300293e-01 7.012708187103271484e-01
8.683668971061706543e-01 7.906488180160522461e-01
8.156108260154724121e-01 5.902132987976074219e-01
7.812090516090393066e-01 1.464361697435379028e-01
8.565755486488342285e-01 7.479016184806823730e-01
7.944248914718627930e-01 3.548019230365753174e-01
8.692285418510437012e-01 1.299334876239299774e-02
9.029957056045532227e-01 2.805886268615722656e-01
7.198237776756286621e-01 3.306005597114562988e-01
7.003202438354492188e-01 2.742455303668975830e-01
7.636831402778625488e-01 8.118701577186584473e-01
9.683534502983093262e-01 7.599263787269592285e-01
8.938872218132019043e-01 6.955520510673522949e-01
7.515881061553955078e-01 1.390050798654556274e-01
9.670791625976562500e-01 8.078339099884033203e-01
8.409867882728576660e-01 6.771759390830993652e-01
8.428274989128112793e-01 1.948376893997192383e-01
9.806625843048095703e-01 6.480939388275146484e-01
7.178460359573364258e-01 4.835116267204284668e-01
7.645534873008728027e-01 4.393500685691833496e-01
8.757314085960388184e-01 1.121231615543365479e-01
7.586459517478942871e-01 5.183042883872985840e-01
9.038581252098083496e-01 9.993180632591247559e-02
7.642276883125305176e-01 1.642533838748931885e-01
7.297471165657043457e-01 1.325463205575942993e-01
7.620955705642700195e-01 9.541082978248596191e-01
8.268201947212219238e-01 2.848646938800811768e-01
7.528414726257324219e-01 3.552043139934539795e-01
7.404075860977172852e-01 3.220806121826171875e-01
9.580845832824707031e-01 8.982504606246948242e-01
7.961191534996032715e-01 5.629659295082092285e-01
8.082275986671447754e-01 9.191598892211914062e-01
7.165811061859130859e-01 2.999249100685119629e-01
8.072108626365661621e-01 1.148346737027168274e-01
7.794421315193176270e-01 5.562184453010559082e-01
8.831455111503601074e-01 3.455369770526885986e-01
7.616170644760131836e-01 8.019068241119384766e-01
9.665096402168273926e-01 8.794233798980712891e-01
9.789000153541564941e-01 4.725735187530517578e-01
7.299492955207824707e-01 9.713590145111083984e-01
7.322208881378173828e-01 5.530130267143249512e-01
7.345979213714599609e-01 2.709203958511352539e-01
8.858707547187805176e-01 4.889755249023437500e-01
7.365906834602355957e-01 3.731029108166694641e-02
9.557147026062011719e-01 8.040011525154113770e-01
9.262814521789550781e-01 1.014350503683090210e-01
9.459426403045654297e-01 3.087484836578369141e-01
8.578181862831115723e-01 5.653165578842163086e-01
9.990031719207763672e-01 4.297512397170066833e-02
7.132525444030761719e-01 7.931689918041229248e-02
8.203794956207275391e-01 6.961163282394409180e-01
7.971810102462768555e-01 7.177709043025970459e-02
9.845936298370361328e-01 4.770828783512115479e-01
8.730582594871520996e-01 3.386956453323364258e-01
9.418572783470153809e-01 2.280794084072113037e-01
7.511023283004760742e-01 1.887788921594619751e-01
9.935902357101440430e-01 7.634112834930419922e-01
8.495918512344360352e-01 9.515421986579895020e-01
8.481016159057617188e-01 1.401797384023666382e-01
9.912654161453247070e-01 9.596812129020690918e-01
8.142197132110595703e-01 5.947625041007995605e-01
8.192574977874755859e-01 6.416603922843933105e-01
8.754258155822753906e-01 7.099263668060302734e-01
7.384157776832580566e-01 7.041189074516296387e-01
7.963256835937500000e-01 8.198111057281494141e-01
7.579625248908996582e-01 4.834686517715454102e-01
7.309850454330444336e-01 5.333585739135742188e-01
9.598433971405029297e-01 3.238269984722137451e-01
8.767993450164794922e-01 1.052575930953025818e-01
8.076018095016479492e-01 6.646401882171630859e-01
8.226008415222167969e-01 3.360996767878532410e-02
8.294556736946105957e-01 2.756350636482238770e-01
8.899447321891784668e-01 9.422986209392547607e-02
9.780308008193969727e-01 1.907271593809127808e-01
9.798339009284973145e-01 6.387308835983276367e-01
8.174476027488708496e-01 6.284766197204589844e-01
7.987787127494812012e-01 4.210548996925354004e-01
8.353139758110046387e-01 9.017197787761688232e-02
8.703802824020385742e-01 4.333739280700683594e-01
8.385453820228576660e-01 3.527448773384094238e-01
8.976260423660278320e-01 7.204591631889343262e-01
8.663197159767150879e-01 5.790265798568725586e-01
7.962146401405334473e-01 4.915657639503479004e-01
8.037192225456237793e-01 4.869820773601531982e-01
8.135778307914733887e-01 9.662969112396240234e-01
7.283919453620910645e-01 7.562942504882812500e-01
7.498188018798828125e-01 4.969795644283294678e-01
9.169341325759887695e-01 4.792226254940032959e-01
8.167290091514587402e-01 2.647910080850124359e-02
7.643616795539855957e-01 9.425092339515686035e-01
8.688017129898071289e-01 3.191739618778228760e-01
9.266618490219116211e-01 2.559390962123870850e-01
7.772266864776611328e-01 9.994089007377624512e-01
9.480369687080383301e-01 7.186896800994873047e-01
9.782514572143554688e-01 4.736377298831939697e-02
8.792183399200439453e-01 6.188547611236572266e-02
9.006842970848083496e-01 2.550156414508819580e-02
7.157728075981140137e-01 5.996189117431640625e-01
9.836559891700744629e-01 7.156450301408767700e-02
8.177454471588134766e-01 9.333883523941040039e-01
9.771701097488403320e-01 9.369065165519714355e-01
8.736932277679443359e-01 5.460540652275085449e-01
7.013856172561645508e-01 6.166389584541320801e-01
7.115625739097595215e-01 2.918944060802459717e-01
9.041256308555603027e-01 6.397254019975662231e-02
8.688004016876220703e-01 7.374604344367980957e-01
7.079597115516662598e-01 1.017859876155853271e-01
9.230380058288574219e-01 8.555763959884643555e-02
9.556435942649841309e-01 3.112231194972991943e-01
8.489252328872680664e-01 1.246565952897071838e-02
8.397272229194641113e-01 4.340356290340423584e-01
7.016419172286987305e-01 7.076808810234069824e-01
9.359949231147766113e-01 8.013489246368408203e-01
7.992148399353027344e-01 6.043072938919067383e-01
9.636290669441223145e-01 8.468741774559020996e-01
8.119181990623474121e-01 4.065022170543670654e-01
8.695233464241027832e-01 8.487721085548400879e-01
7.811025381088256836e-01 5.064733028411865234e-01
7.481765151023864746e-01 2.230361253023147583e-01
9.324723482131958008e-01 9.441456198692321777e-01
8.489771485328674316e-01 2.749708592891693115e-01
8.609463572502136230e-01 2.620148472487926483e-02
9.896247982978820801e-01 2.426740378141403198e-01
9.890739917755126953e-01 3.666875660419464111e-01
9.566926360130310059e-01 3.513496816158294678e-01
7.562828063964843750e-01 5.246675014495849609e-01
8.782818317413330078e-01 8.831268548965454102e-01
9.634442329406738281e-01 2.923382222652435303e-01
8.123391866683959961e-01 5.207706093788146973e-01
7.303318381309509277e-01 3.401389420032501221e-01
9.432888627052307129e-01 8.217730522155761719e-01
8.445290923118591309e-01 1.576015204191207886e-01
8.693178296089172363e-01 1.035102680325508118e-01
9.946432709693908691e-01 5.029952526092529297e-01
8.821634054183959961e-01 6.718875765800476074e-01
8.274937868118286133e-01 7.955251932144165039e-01
8.109952807426452637e-01 5.896248817443847656e-01
8.252857923507690430e-01 7.738497853279113770e-01
7.355197072029113770e-01 3.927100598812103271e-01
9.384251832962036133e-01 3.286767005920410156e-02
9.513150453567504883e-01 1.160993054509162903e-01
7.853191494941711426e-01 3.872260078787803650e-02
7.911390066146850586e-01 3.289436399936676025e-01
9.623003005981445312e-01 4.954913556575775146e-01
7.071911096572875977e-01 3.563174903392791748e-01
8.561372160911560059e-01 5.605994462966918945e-01
8.391026854515075684e-01 4.806091487407684326e-01
9.070380330085754395e-01 6.779428124427795410e-01
7.490175366401672363e-01 6.669621467590332031e-01
9.004992246627807617e-01 3.180641531944274902e-01
8.130202293395996094e-01 3.462144434452056885e-01
8.856144547462463379e-01 5.851477980613708496e-01
7.120285034179687500e-01 5.964324474334716797e-01
8.385181427001953125e-01 3.146999180316925049e-01
8.566752672195434570e-01 3.303178846836090088e-01
7.642979025840759277e-01 6.940450072288513184e-01
7.418870925903320312e-01 6.474108099937438965e-01
7.565422654151916504e-01 1.350508034229278564e-01
8.032423257827758789e-01 4.410418868064880371e-01
7.290430665016174316e-01 8.927060961723327637e-01
9.841959476470947266e-01 3.630567714571952820e-02
8.214982151985168457e-01 8.551639318466186523e-01
9.426909089088439941e-01 1.631781607866287231e-01
9.923251271247863770e-01 5.072486400604248047e-01
7.242205739021301270e-01 4.243364334106445312e-01
8.955008387565612793e-01 1.012933719903230667e-02
9.614227414131164551e-01 9.153969287872314453e-01
8.902703523635864258e-01 4.549252390861511230e-01
8.287078142166137695e-01 9.542682766914367676e-01
8.293229341506958008e-01 2.867439091205596924e-01
7.107696533203125000e-01 8.662757873535156250e-01
8.603802323341369629e-01 9.223895668983459473e-01
9.980629086494445801e-01 5.568324327468872070e-01
9.876122474670410156e-01 2.026777863502502441e-01
7.121197581291198730e-01 6.852474212646484375e-01
9.117391109466552734e-01 5.489780902862548828e-01
7.905294895172119141e-01 9.445296525955200195e-01
9.708967208862304688e-01 4.392720758914947510e-01
7.135344147682189941e-01 2.685136497020721436e-01
9.807622432708740234e-01 1.382870078086853027e-01
9.512427449226379395e-01 6.986335515975952148e-01
7.352513074874877930e-01 9.741095900535583496e-01
7.179473042488098145e-01 2.834377065300941467e-02
9.504122734069824219e-01 7.404453754425048828e-01
7.467272877693176270e-01 9.269303679466247559e-01
8.604694604873657227e-01 7.478153705596923828e-02
9.747234582901000977e-01 1.101700440049171448e-01
8.702344298362731934e-01 6.919571161270141602e-01
8.191699981689453125e-01 6.479634046554565430e-01
8.335047960281372070e-01 6.882741302251815796e-02
7.189351320266723633e-01 8.344227671623229980e-01
9.906256794929504395e-01 5.234238505363464355e-01
7.931962609291076660e-01 9.071973562240600586e-01
7.568090558052062988e-01 8.779909014701843262e-01
7.858141660690307617e-01 8.125077486038208008e-01
9.893119335174560547e-01 5.158988833427429199e-01
7.282857894897460938e-01 2.517106533050537109e-01
9.601908922195434570e-01 5.059754848480224609e-01
9.123531579971313477e-01 1.008113771677017212e-01
9.490057826042175293e-01 6.588461399078369141e-01
9.927692413330078125e-01 1.339772194623947144e-01
9.526463747024536133e-01 5.111729502677917480e-01
9.830147027969360352e-01 5.438197404146194458e-02
7.380805611610412598e-01 2.995124757289886475e-01
9.387365579605102539e-01 2.320804595947265625e-01
8.637027144432067871e-01 6.200315356254577637e-01
8.630486726760864258e-01 7.867867350578308105e-01
9.696764945983886719e-01 5.730295553803443909e-02
9.915411472320556641e-01 8.502836823463439941e-01
9.114515185356140137e-01 8.607677221298217773e-01
8.448815345764160156e-01 3.422690629959106445e-01
8.369211554527282715e-01 6.590040922164916992e-01
8.159024119377136230e-01 4.026130437850952148e-01
8.084797263145446777e-01 1.541908830404281616e-01
8.174520730972290039e-01 5.286624431610107422e-01
7.269259691238403320e-01 8.635967224836349487e-02
7.232308387756347656e-01 8.784721493721008301e-01
9.339609742164611816e-01 9.242897629737854004e-01
8.338218927383422852e-01 8.216131329536437988e-01
9.792053699493408203e-01 5.625281333923339844e-01
8.836662769317626953e-01 5.575985908508300781e-01
7.105528116226196289e-01 9.846073985099792480e-01
7.472569942474365234e-01 2.479016929864883423e-01
7.617459297180175781e-01 7.594836503267288208e-02
9.927207827568054199e-01 5.619409084320068359e-01
7.656112909317016602e-01 3.287855982780456543e-01
8.547267317771911621e-01 3.223387598991394043e-01
9.808530807495117188e-01 7.085354067385196686e-03
9.931578040122985840e-01 5.962393879890441895e-01
7.709081172943115234e-01 2.640337049961090088e-01
7.147352695465087891e-01 1.878585517406463623e-01
7.460805773735046387e-01 4.043193161487579346e-02
7.189985513687133789e-01 3.643615841865539551e-01
7.585372924804687500e-01 8.789688944816589355e-01
8.705708980560302734e-01 3.366708159446716309e-01
9.737346172332763672e-01 6.790742278099060059e-01
8.611656427383422852e-01 7.565469741821289062e-01
8.877968788146972656e-01 3.281008005142211914e-01
7.605601549148559570e-01 8.216407299041748047e-01
9.401750564575195312e-01 6.918796300888061523e-01
8.853366971015930176e-01 5.592422485351562500e-01
9.592410326004028320e-01 9.924640180543065071e-04
9.846529364585876465e-01 3.509076684713363647e-02
8.043702244758605957e-01 9.908658266067504883e-01
7.271737456321716309e-01 7.822839021682739258e-01
7.677786946296691895e-01 9.375652670860290527e-01
8.313524723052978516e-01 9.023032188415527344e-01
9.837080836296081543e-01 2.044298313558101654e-02
8.134929537773132324e-01 7.918472886085510254e-01
9.312319755554199219e-01 4.511457383632659912e-01
8.621429800987243652e-01 7.895582318305969238e-01
7.548426389694213867e-01 6.715784315019845963e-03
7.962202429771423340e-01 2.881993055343627930e-01
8.959575891494750977e-01 7.513237595558166504e-01
9.018560051918029785e-01 7.930207848548889160e-01
8.304279446601867676e-01 6.197146177291870117e-01
7.685936689376831055e-01 3.012561798095703125e-01
9.165720343589782715e-01 3.103625774383544922e-01
7.506619095802307129e-01 9.667639732360839844e-01
9.810009002685546875e-01 4.392121732234954834e-01
7.563710808753967285e-01 4.471255540847778320e-01
7.321937084197998047e-01 5.523327589035034180e-01
8.492943048477172852e-01 4.095023274421691895e-01
8.558648824691772461e-01 5.526715517044067383e-01
8.524578809738159180e-01 4.323354363441467285e-01
8.310002684593200684e-01 8.267149329185485840e-01
9.984444975852966309e-01 9.090510010719299316e-01
8.458842039108276367e-01 9.321102499961853027e-01
8.433839678764343262e-01 5.642961859703063965e-01
8.265298008918762207e-01 4.421485662460327148e-01
7.200477123260498047e-01 7.052400708198547363e-01
8.778870105743408203e-01 8.383235931396484375e-01
7.683903574943542480e-01 5.629822611808776855e-01
8.912826776504516602e-01 6.999810338020324707e-01
7.152500152587890625e-01 7.497293353080749512e-01
9.944161176681518555e-01 6.763937473297119141e-01
8.407015204429626465e-01 7.461335659027099609e-01
9.690266251564025879e-01 2.086453288793563843e-01
8.426683545112609863e-01 4.983745515346527100e-01
7.180992364883422852e-01 5.882685780525207520e-01
9.466640353202819824e-01 2.477930858731269836e-03
8.944551348686218262e-01 8.559625148773193359e-01
9.345270991325378418e-01 6.100245118141174316e-01
8.284509778022766113e-01 1.291363388299942017e-01
8.913810253143310547e-01 8.163570761680603027e-01
9.568687081336975098e-01 7.170569896697998047e-01
8.893196582794189453e-01 7.582995295524597168e-01
8.043020963668823242e-01 3.920424580574035645e-01
8.987588882446289062e-01 8.542025089263916016e-01
9.015562534332275391e-01 4.140275716781616211e-01
9.881761074066162109e-01 5.705091357231140137e-01
8.112736940383911133e-01 6.423037266358733177e-04
8.275245428085327148e-01 6.448731422424316406e-01
9.436368942260742188e-01 7.181757688522338867e-01
8.517286777496337891e-01 5.671093463897705078e-01
9.209719300270080566e-01 4.965588152408599854e-01
8.379128575325012207e-01 8.099364638328552246e-01
7.646485567092895508e-01 6.813727021217346191e-01
9.235611557960510254e-01 2.780740261077880859e-01
7.393465638160705566e-01 9.590733647346496582e-01
7.595751285552978516e-01 7.072671651840209961e-01
8.880475163459777832e-01 9.879389405250549316e-01
9.241809248924255371e-01 9.712613224983215332e-01
9.684063792228698730e-01 9.189097285270690918e-01
7.817759513854980469e-01 7.553715705871582031e-01
7.332172989845275879e-01 6.094293594360351562e-01
9.868140220642089844e-01 1.721706688404083252e-01
7.463269233703613281e-01 5.433514118194580078e-01
7.593001127243041992e-01 7.653765082359313965e-01
7.873988151550292969e-01 5.208571553230285645e-01
8.588173985481262207e-01 8.682391047477722168e-01
9.648476839065551758e-01 1.096559017896652222e-01
9.281638264656066895e-01 3.809403479099273682e-01
9.124472737312316895e-01 5.059643983840942383e-01
7.525541782379150391e-01 4.323253035545349121e-01
8.073047995567321777e-01 1.085865497589111328e-01
8.435214757919311523e-01 1.535282880067825317e-01
7.442277669906616211e-01 8.376172780990600586e-01
7.820289134979248047e-01 4.843842685222625732e-01
7.924999594688415527e-01 4.872242733836174011e-02
7.381828427314758301e-01 1.649125851690769196e-02
8.650718927383422852e-01 4.734753966331481934e-01
9.115084409713745117e-01 1.643787324428558350e-01
7.209795117378234863e-01 7.051259279251098633e-01
8.443369269371032715e-01 7.953234910964965820e-01
9.346633553504943848e-01 2.282967120409011841e-01
9.243970513343811035e-01 5.921769738197326660e-01
9.445219039916992188e-01 1.544446498155593872e-01
8.344721794128417969e-01 3.035826385021209717e-01
9.461671113967895508e-01 8.887954950332641602e-01
7.722259163856506348e-01 5.440980792045593262e-01
8.082431554794311523e-01 8.858886957168579102e-01
7.529066801071166992e-01 2.252478003501892090e-01
8.402453660964965820e-01 3.300243318080902100e-01
8.176180124282836914e-01 4.709521532058715820e-01
7.722781300544738770e-01 4.800800681114196777e-01
9.255341887474060059e-01 9.976479411125183105e-01
7.941540479660034180e-01 1.144453212618827820e-01
7.818412780761718750e-01 8.519650101661682129e-01
7.392671108245849609e-01 8.636820316314697266e-01
8.316465020179748535e-01 5.531986355781555176e-01
7.908893823623657227e-01 3.440371751785278320e-01
8.107818365097045898e-01 5.192261338233947754e-01
7.707991600036621094e-01 2.924677133560180664e-01
9.289466738700866699e-01 7.991074323654174805e-01
9.790009856224060059e-01 4.982791543006896973e-01
8.493795394897460938e-01 9.258421659469604492e-01
8.928995132446289062e-01 6.226913332939147949e-01
9.601516723632812500e-01 5.143193602561950684e-01
9.996488690376281738e-01 7.110693454742431641e-01
8.840549588203430176e-01 5.039329528808593750e-01
9.669338464736938477e-01 9.045063257217407227e-01
9.725824594497680664e-01 1.844459623098373413e-01
9.374354481697082520e-01 9.733486771583557129e-01
8.382794260978698730e-01 8.121905326843261719e-01
7.243462204933166504e-01 8.607333898544311523e-01
7.047416567802429199e-01 4.829078316688537598e-01
8.431602120399475098e-01 8.372015357017517090e-01
8.482943773269653320e-01 3.067740797996520996e-01
8.222087025642395020e-01 7.619481682777404785e-01
8.704501986503601074e-01 1.404501646757125854e-01
8.656488060951232910e-01 3.070519268512725830e-01
9.509839415550231934e-01 4.457326531410217285e-01
7.325971126556396484e-01 3.223197162151336670e-01
7.675533294677734375e-01 3.870171010494232178e-01
9.379014968872070312e-01 8.201047182083129883e-01
9.543510675430297852e-01 2.566758990287780762e-01
9.984472393989562988e-01 7.452811598777770996e-01
9.618735909461975098e-01 7.371206581592559814e-02
9.669697284698486328e-01 7.657390832901000977e-01
7.943043708801269531e-01 7.920232415199279785e-01
8.204984664916992188e-01 4.016987681388854980e-01
7.804255485534667969e-01 7.224777936935424805e-01
8.818898200988769531e-01 9.151384234428405762e-01
9.816415905952453613e-01 8.007130026817321777e-01
8.033922910690307617e-01 3.904465138912200928e-01
8.671005368232727051e-01 4.842135012149810791e-01
7.888898849487304688e-01 7.793575525283813477e-01
7.509399652481079102e-01 2.925945818424224854e-01
7.585556507110595703e-01 8.038827180862426758e-01
7.173836231231689453e-01 3.280711472034454346e-01
9.847880601882934570e-01 8.059905767440795898e-01
8.208639025688171387e-01 8.680044114589691162e-02
9.502362608909606934e-01 4.439729824662208557e-02
9.043988585472106934e-01 9.976754188537597656e-01
7.575763463973999023e-01 8.694571256637573242e-01
7.526386976242065430e-01 8.828474879264831543e-01
9.435964822769165039e-01 9.512799382209777832e-01
7.794135212898254395e-01 4.383163154125213623e-01
9.739855527877807617e-01 2.868355512619018555e-01
7.420166134834289551e-01 1.300249993801116943e-01
9.033125638961791992e-01 5.012091398239135742e-01
9.443421363830566406e-01 2.200483232736587524e-01
7.705768942832946777e-01 9.355508685111999512e-01
7.828621864318847656e-01 4.003162495791912079e-03
9.893556833267211914e-01 1.431967318058013916e-01
7.793793082237243652e-01 2.464758604764938354e-01
8.289871215820312500e-01 1.989567130804061890e-01
8.297546505928039551e-01 2.257784307003021240e-01
7.759104371070861816e-01 6.560475826263427734e-01
9.327373504638671875e-01 3.275120854377746582e-01
9.315547943115234375e-01 6.150243878364562988e-01
8.134953975677490234e-01 8.902579545974731445e-01
9.505377411842346191e-01 6.025567650794982910e-01
7.639224529266357422e-01 6.945328116416931152e-01
7.012917399406433105e-01 3.655033111572265625e-01
8.713502287864685059e-01 1.597384661436080933e-01
9.982233047485351562e-01 3.205840587615966797e-01
7.115932703018188477e-01 9.642826318740844727e-01
7.623994350433349609e-01 6.218113899230957031e-01
8.556743860244750977e-01 2.775111198425292969e-01
9.429821968078613281e-01 4.509152770042419434e-01
7.267125844955444336e-01 8.355130553245544434e-01
8.185703754425048828e-01 6.684435606002807617e-01
9.241227507591247559e-01 5.606528520584106445e-01
8.114629387855529785e-01 8.851628899574279785e-01
7.566509246826171875e-01 6.724395751953125000e-01
7.586487531661987305e-01 6.427297592163085938e-01
8.230146169662475586e-01 1.897681355476379395e-01
8.438251018524169922e-01 1.063886806368827820e-01
9.585443139076232910e-01 9.651421308517456055e-01
8.926756978034973145e-01 5.988583564758300781e-01
9.071205854415893555e-01 4.156834185123443604e-01
9.948961734771728516e-01 5.890208482742309570e-01
8.235530257225036621e-01 6.181196123361587524e-02
8.210062980651855469e-01 8.221272826194763184e-01
9.770041108131408691e-01 2.166455388069152832e-01
7.737627029418945312e-01 8.045459985733032227e-01
9.189445972442626953e-01 5.343784689903259277e-01
9.263719320297241211e-01 2.765720188617706299e-01
7.293363809585571289e-01 3.020994737744331360e-02
8.404694199562072754e-01 8.158333301544189453e-01
7.601687312126159668e-01 1.764601469039916992e-01
7.556125521659851074e-01 5.180511623620986938e-02
8.391484618186950684e-01 7.558777332305908203e-01
7.868289351463317871e-01 3.500432372093200684e-01
9.388181567192077637e-01 3.893339931964874268e-01
9.722814559936523438e-01 2.470675855875015259e-01
9.408161640167236328e-01 8.591784834861755371e-01
7.798092365264892578e-01 2.973295152187347412e-01
7.822403311729431152e-01 2.101925760507583618e-01
7.764185070991516113e-01 3.092497289180755615e-01
7.405114173889160156e-01 2.031495720148086548e-01
9.831395149230957031e-01 3.176552355289459229e-01
8.206143379211425781e-01 8.293621987104415894e-02
7.674068212509155273e-01 1.585300266742706299e-01
9.540013074874877930e-01 4.170528948307037354e-01
8.197585940361022949e-01 8.794668316841125488e-01
7.105350494384765625e-01 5.729074776172637939e-02
7.485824823379516602e-01 2.126747071743011475e-01
8.917751312255859375e-01 9.083456993103027344e-01
9.348715543746948242e-01 8.900146484375000000e-01
7.632803320884704590e-01 6.794508099555969238e-01
9.752186536788940430e-01 2.404735535383224487e-01
9.552991390228271484e-01 4.198105633258819580e-01
9.545142054557800293e-01 2.112209945917129517e-01
7.682983279228210449e-01 1.285885125398635864e-01
7.151607871055603027e-01 3.799983859062194824e-01
9.602270722389221191e-01 5.758215785026550293e-01
7.917400598526000977e-01 3.599326610565185547e-01
8.856748938560485840e-01 6.108245253562927246e-01
9.279900789260864258e-01 2.962547242641448975e-01
7.384879589080810547e-01 3.458505272865295410e-01
9.342514872550964355e-01 7.906736135482788086e-01
9.815534353256225586e-01 8.783147335052490234e-01
9.185124635696411133e-01 3.220340907573699951e-01
8.323668241500854492e-01 5.715157985687255859e-01
9.630034565925598145e-01 2.781622707843780518e-01
8.582372665405273438e-01 5.333464220166206360e-02
9.234312772750854492e-01 7.378571629524230957e-01
9.461517930030822754e-01 1.710034906864166260e-01
9.248058795928955078e-01 4.257125258445739746e-01
7.863564491271972656e-01 4.870454967021942139e-01
7.353531718254089355e-01 1.844715774059295654e-01
7.715015411376953125e-01 9.455534815788269043e-02
8.508625030517578125e-01 3.480130136013031006e-01
8.515830636024475098e-01 9.522858858108520508e-01
8.747932910919189453e-01 6.151356101036071777e-01
8.185305595397949219e-01 3.814102411270141602e-01
9.360674023628234863e-01 3.891082108020782471e-02
9.739461541175842285e-01 6.002733111381530762e-01
7.740175127983093262e-01 9.225764125585556030e-02
9.209569692611694336e-01 5.425440669059753418e-01
9.033915400505065918e-01 7.519505023956298828e-01
8.569271564483642578e-01 4.235853552818298340e-01
7.565590739250183105e-01 2.994115054607391357e-01
9.385696649551391602e-01 4.738423228263854980e-02
9.881879091262817383e-01 2.477787435054779053e-02
9.165508747100830078e-01 4.300265610218048096e-01
9.753580093383789062e-01 8.833452463150024414e-01
9.952555894851684570e-01 2.440627813339233398e-01
8.056151866912841797e-01 5.740554928779602051e-01
8.914670944213867188e-01 6.843058466911315918e-01
8.421798348426818848e-01 6.082986667752265930e-02
9.959886074066162109e-01 1.531003713607788086e-01
7.281423211097717285e-01 3.312768042087554932e-01
8.237124681472778320e-01 6.700931787490844727e-01
9.626616835594177246e-01 4.390351176261901855e-01
7.852153778076171875e-01 7.341950535774230957e-01
9.363378286361694336e-01 8.675978779792785645e-01
8.148349523544311523e-01 7.583722472190856934e-01
9.939935803413391113e-01 9.922472238540649414e-01
9.650589227676391602e-01 7.543610930442810059e-01
7.903960943222045898e-01 8.521791696548461914e-01
9.310579299926757812e-01 8.323663473129272461e-01
8.010569810867309570e-01 7.302657365798950195e-01
8.819088339805603027e-01 8.018018007278442383e-01
8.975442051887512207e-01 9.346832036972045898e-01
9.488786458969116211e-01 4.752073884010314941e-01
7.073352336883544922e-01 6.382870078086853027e-01
7.660473585128784180e-01 5.149397253990173340e-01
9.135753512382507324e-01 8.510369658470153809e-01
8.690569996833801270e-01 4.313595890998840332e-01
8.486815094947814941e-01 8.197267651557922363e-01
7.165629863739013672e-01 7.993545532226562500e-01
8.044827580451965332e-01 9.618861079216003418e-01
9.595300555229187012e-01 2.489206939935684204e-01
7.092678546905517578e-01 7.096195220947265625e-01
8.189308643341064453e-01 7.569195032119750977e-01
9.835444688796997070e-01 9.362785220146179199e-01
7.152642011642456055e-01 9.069024324417114258e-01
9.249117374420166016e-01 5.735258460044860840e-01
7.772837877273559570e-01 5.791531801223754883e-01
9.599826335906982422e-01 1.672912240028381348e-01
9.238203763961791992e-01 9.749627113342285156e-01
9.657115340232849121e-01 2.550174593925476074e-01
7.647774219512939453e-01 7.247362136840820312e-01
8.593878149986267090e-01 7.957950234413146973e-01
9.337809681892395020e-01 4.412155151367187500e-01
7.737098932266235352e-01 2.111937254667282104e-01
7.692238688468933105e-01 1.889603883028030396e-01
7.081546187400817871e-01 8.564959764480590820e-01
9.875546097755432129e-01 5.107564926147460938e-01
9.130050539970397949e-01 9.013698250055313110e-02
8.906680941581726074e-01 7.170194983482360840e-01
9.231984019279479980e-01 2.501710653305053711e-01
8.594838976860046387e-01 8.763947486877441406e-01
8.428401350975036621e-01 3.095717728137969971e-01
8.348596692085266113e-01 2.002708315849304199e-01
8.921317458152770996e-01 8.485843986272811890e-02
7.604604959487915039e-01 5.115311145782470703e-01
9.664176106452941895e-01 4.507375955581665039e-01
9.435257315635681152e-01 7.513121366500854492e-01
8.048690557479858398e-01 4.646025896072387695e-01
8.735827803611755371e-01 3.438159823417663574e-01
7.423081994056701660e-01 2.616549134254455566e-01
9.917038679122924805e-01 2.781467437744140625e-01
9.708678126335144043e-01 9.278479218482971191e-01
9.765692353248596191e-01 1.650785952806472778e-01
7.996489405632019043e-01 9.881764054298400879e-01
7.507404088973999023e-01 3.269194662570953369e-01
7.635316252708435059e-01 8.839023858308792114e-02
7.270004153251647949e-01 2.486903816461563110e-01
7.360332012176513672e-01 5.841438099741935730e-02
7.213913798332214355e-01 7.900297641754150391e-01
9.969469308853149414e-01 5.125529170036315918e-01
7.222173213958740234e-01 3.369866311550140381e-01
7.397626042366027832e-01 6.620495915412902832e-01
9.481763839721679688e-01 6.306465268135070801e-01
8.740720748901367188e-01 9.398720860481262207e-01
9.323251843452453613e-01 9.612604975700378418e-01
8.892735838890075684e-01 6.806837916374206543e-01
9.646525382995605469e-01 8.178158998489379883e-01
8.915402293205261230e-01 7.924250960350036621e-01
8.566375374794006348e-01 4.913035333156585693e-01
9.138249158859252930e-01 7.044582962989807129e-01
8.342178463935852051e-01 7.825900614261627197e-02
8.038191199302673340e-01 7.580210566520690918e-01
8.402957320213317871e-01 9.618330001831054688e-01
7.509142160415649414e-01 8.497475087642669678e-02
9.389715194702148438e-01 8.361157774925231934e-01
7.782111167907714844e-01 9.329800009727478027e-01
7.460594773292541504e-01 2.261888831853866577e-01
7.739056944847106934e-01 5.248112082481384277e-01
9.526210427284240723e-01 9.278582334518432617e-01
7.990604043006896973e-01 9.602259993553161621e-01
9.058149456977844238e-01 1.278823912143707275e-01
9.569228887557983398e-01 3.490042388439178467e-01
7.233234047889709473e-01 6.981446146965026855e-01
9.295073151588439941e-01 2.215584963560104370e-01
7.922996282577514648e-01 3.247706294059753418e-01
7.649866938591003418e-01 2.329106070101261139e-02
9.066704511642456055e-01 1.535216867923736572e-01
9.729390144348144531e-01 5.623294711112976074e-01
7.885057330131530762e-01 6.530900597572326660e-01
8.706501126289367676e-01 6.489118337631225586e-01
7.869502305984497070e-01 7.783604860305786133e-01
8.662856817245483398e-01 4.152814149856567383e-01
8.865585923194885254e-01 2.734907269477844238e-01
8.831006288528442383e-01 1.558069977909326553e-02
8.870639204978942871e-01 2.066298276185989380e-01
7.405239343643188477e-01 3.123878240585327148e-01
9.080621600151062012e-01 1.782068610191345215e-01
9.024251103401184082e-01 2.014447189867496490e-02
9.047764539718627930e-01 1.574476063251495361e-01
7.222211360931396484e-01 6.660995483398437500e-01
8.340516686439514160e-01 6.295854449272155762e-01
8.227105140686035156e-01 9.356836676597595215e-01
7.260134220123291016e-01 7.981683015823364258e-01
7.667104005813598633e-01 5.677561163902282715e-01
8.322888016700744629e-01 1.375563442707061768e-01
9.228718876838684082e-01 5.640718340873718262e-01
7.711186408996582031e-01 6.159505993127822876e-02
9.489249587059020996e-01 4.308848977088928223e-01
8.637394905090332031e-01 3.902586400508880615e-01
9.281265139579772949e-01 4.278137981891632080e-01
8.417667746543884277e-01 2.798259258270263672e-01
8.497582674026489258e-01 6.858304738998413086e-01
8.859158158302307129e-01 8.409444689750671387e-01
9.783911705017089844e-01 7.685170173645019531e-01
8.475437760353088379e-01 6.277521252632141113e-01
8.585972785949707031e-01 5.383448004722595215e-01
8.805990815162658691e-01 3.108417987823486328e-02
9.212545156478881836e-01 7.229340076446533203e-01
7.215551137924194336e-01 5.449829101562500000e-01
8.547062277793884277e-01 2.707410454750061035e-01
8.444774746894836426e-01 3.278420269489288330e-01
9.765055179595947266e-01 9.356067776679992676e-01
8.480519652366638184e-01 6.243622303009033203e-01
8.404961824417114258e-01 4.759124219417572021e-01
9.886599779129028320e-01 6.209217309951782227e-01
8.351729512214660645e-01 4.137423336505889893e-01
7.542653083801269531e-01 4.701822698116302490e-01
7.650748491287231445e-01 2.903092503547668457e-01
7.285562753677368164e-01 4.398533105850219727e-01
7.001704573631286621e-01 6.855922341346740723e-01
8.295837044715881348e-01 3.994192555546760559e-02
9.307727813720703125e-01 7.950274348258972168e-01
9.200399518013000488e-01 2.829795479774475098e-01
7.096447348594665527e-01 6.825597882270812988e-01
8.709948658943176270e-01 6.427252888679504395e-01
7.462849617004394531e-01 6.526280641555786133e-01
9.823228716850280762e-01 6.081289052963256836e-01
7.502095103263854980e-01 9.591018557548522949e-01
8.879917860031127930e-01 5.083441734313964844e-01
7.978715300559997559e-01 7.323191165924072266e-01
8.924683928489685059e-01 7.054493427276611328e-01
8.236775994300842285e-01 2.362675815820693970e-01
9.278929233551025391e-01 2.833058536052703857e-01
7.692037224769592285e-01 4.240171015262603760e-01
9.717375636100769043e-01 2.776979207992553711e-01
8.500629067420959473e-01 3.667430877685546875e-01
9.268279671669006348e-01 3.909606039524078369e-01
9.549190402030944824e-01 6.038645505905151367e-01
9.996485710144042969e-01 2.198900431394577026e-01
7.671837210655212402e-01 8.042918443679809570e-01
7.860677242279052734e-01 4.375363588333129883e-01
7.751299142837524414e-01 7.062441110610961914e-01
7.788614034652709961e-01 8.144248276948928833e-02
8.747334480285644531e-01 4.699653983116149902e-01
9.980567693710327148e-01 2.821953222155570984e-02
9.970834255218505859e-01 6.759099960327148438e-01
8.580319881439208984e-01 3.437100648880004883e-01
8.917081356048583984e-01 9.492528438568115234e-01
9.579911828041076660e-01 3.241242170333862305e-01
9.798800349235534668e-01 5.638058781623840332e-01
7.611581683158874512e-01 2.573875784873962402e-01
8.585625290870666504e-01 6.201126575469970703e-01
9.498510956764221191e-01 4.670423567295074463e-01
7.909606099128723145e-01 3.706282675266265869e-01
8.319427371025085449e-01 2.036893516778945923e-01
9.956863522529602051e-01 1.115213409066200256e-01
9.955140352249145508e-01 1.198791339993476868e-01
9.718320369720458984e-01 9.990400075912475586e-01
9.395344853401184082e-01 4.123107194900512695e-01
7.807391285896301270e-01 1.929707825183868408e-03
7.962549924850463867e-01 9.529287815093994141e-01
8.641848564147949219e-01 1.997992396354675293e-02
8.682332038879394531e-01 4.185861349105834961e-01
8.516508340835571289e-01 7.174775600433349609e-01
8.910011053085327148e-01 9.145992398262023926e-01
8.224968910217285156e-01 7.128862738609313965e-01
9.247522354125976562e-01 4.636257588863372803e-01
8.000649809837341309e-01 9.744420647621154785e-01
7.992030978202819824e-01 3.931938484311103821e-02
7.381677627563476562e-01 9.868922233581542969e-01
7.566136717796325684e-01 8.493915796279907227e-01
9.551562666893005371e-01 9.289300441741943359e-01
8.338847160339355469e-01 2.547724246978759766e-01
7.683603167533874512e-01 1.424580663442611694e-01
9.278023242950439453e-01 6.633152961730957031e-01
8.661943674087524414e-01 5.158594250679016113e-01
7.063468098640441895e-01 5.231679677963256836e-01
7.949084639549255371e-01 9.246191978454589844e-01
7.531003952026367188e-01 6.200808882713317871e-01
8.967618346214294434e-01 3.110638260841369629e-01
7.825093269348144531e-01 4.000665545463562012e-01
7.194840312004089355e-01 1.334958374500274658e-01
7.164804935455322266e-01 1.923140436410903931e-01
8.745182156562805176e-01 1.433500647544860840e-01
7.065170407295227051e-01 8.102913498878479004e-01
9.546376466751098633e-01 7.048734426498413086e-01
7.466191649436950684e-01 5.303450226783752441e-01
8.819699287414550781e-01 3.743678331375122070e-01
8.334063887596130371e-01 6.684942841529846191e-01
8.328554630279541016e-01 8.129053711891174316e-01
7.215391397476196289e-01 8.812332153320312500e-01
9.408257007598876953e-01 5.470162034034729004e-01
9.679157733917236328e-01 8.198851346969604492e-01
7.033050060272216797e-01 5.113059282302856445e-01
7.535812258720397949e-01 4.745301008224487305e-01
9.711712598800659180e-01 8.654318451881408691e-01
8.648480772972106934e-01 3.863739371299743652e-01
7.450118660926818848e-01 3.959126770496368408e-01
7.608371376991271973e-01 3.049113452434539795e-01
8.979958891868591309e-01 5.187017321586608887e-01
9.174450635910034180e-01 5.448500514030456543e-01
8.798280358314514160e-01 6.604611277580261230e-01
9.859445095062255859e-01 4.305022954940795898e-01
8.482190966606140137e-01 2.178372889757156372e-01
7.900815606117248535e-01 8.668420910835266113e-01
8.431698679924011230e-01 3.460008800029754639e-01
8.078998923301696777e-01 9.229434132575988770e-01
7.673247456550598145e-01 2.073533385992050171e-01
7.137889862060546875e-01 5.600574612617492676e-01
8.056637644767761230e-01 5.366150736808776855e-01
9.134228229522705078e-01 8.286478519439697266e-01
7.055313587188720703e-01 1.388513892889022827e-01
8.317535519599914551e-01 9.099371433258056641e-01
8.932028412818908691e-01 5.314281582832336426e-01
8.831212520599365234e-01 5.861093997955322266e-01
9.329945445060729980e-01 5.101662874221801758e-01
9.431559443473815918e-01 3.602490574121475220e-02
9.135117530822753906e-01 4.970906674861907959e-01
7.308393120765686035e-01 2.635496556758880615e-01
8.425067067146301270e-01 3.426881730556488037e-01
8.810217976570129395e-01 6.491016149520874023e-01
7.736698389053344727e-01 4.976971149444580078e-01
7.127655744552612305e-01 9.321821480989456177e-02
7.670770883560180664e-01 7.304127514362335205e-02
8.364683389663696289e-01 1.856576949357986450e-01
8.241791129112243652e-01 1.908851414918899536e-01
7.530000805854797363e-01 6.083007454872131348e-01
9.473246335983276367e-01 1.778144687414169312e-01
9.777060151100158691e-01 8.817194104194641113e-01
7.604044675827026367e-01 2.097606658935546875e-01
9.788718819618225098e-01 9.113144874572753906e-02
7.053582668304443359e-01 8.757460117340087891e-01
9.774887561798095703e-01 2.953275740146636963e-01
9.855786561965942383e-01 4.254226386547088623e-01
7.036155462265014648e-01 9.590263962745666504e-01
9.289057850837707520e-01 9.443691968917846680e-01
9.910604953765869141e-01 7.149168848991394043e-01
9.717706441879272461e-01 6.893894821405410767e-02
9.912130236625671387e-01 5.933400988578796387e-01
8.650970458984375000e-01 9.890779256820678711e-01
7.234468460083007812e-01 9.469162225723266602e-01
9.549367427825927734e-01 1.060024946928024292e-01
8.841484785079956055e-01 3.959673047065734863e-01
8.844210505485534668e-01 3.155367374420166016e-01
8.251760601997375488e-01 1.297281086444854736e-01
8.715525865554809570e-01 6.947982907295227051e-01
7.460739612579345703e-01 2.738483548164367676e-01
9.219310283660888672e-01 3.448657989501953125e-01
7.225052118301391602e-01 9.035887569189071655e-02
9.189342260360717773e-01 4.979675710201263428e-01
9.546935558319091797e-01 1.581678688526153564e-01
8.417406082153320312e-01 4.320904314517974854e-01
8.529490828514099121e-01 1.433422267436981201e-01
7.936642765998840332e-01 9.538499116897583008e-01
9.908375740051269531e-01 1.449825316667556763e-01
9.199373126029968262e-01 5.218871831893920898e-01
8.106965422630310059e-01 1.969798207283020020e-01
7.524422407150268555e-01 7.636180520057678223e-02
7.658738493919372559e-01 2.023086249828338623e-01
8.391767144203186035e-01 5.477410554885864258e-02
9.827705025672912598e-01 1.393973827362060547e-01
9.202439188957214355e-01 4.934841692447662354e-01
7.645730972290039062e-01 6.518155336380004883e-01
9.578683376312255859e-01 8.733981847763061523e-02
8.134601712226867676e-01 4.410186111927032471e-01
9.555166363716125488e-01 5.812470316886901855e-01
7.725098729133605957e-01 2.342256754636764526e-01
8.855981826782226562e-01 3.720784187316894531e-01
9.780011177062988281e-01 7.183486968278884888e-02
7.773681879043579102e-01 2.201310843229293823e-01
9.078779816627502441e-01 4.667529165744781494e-01
9.961937665939331055e-01 9.904421567916870117e-01
7.451794743537902832e-01 9.962650537490844727e-01
7.265206575393676758e-01 9.796217083930969238e-01
9.022585749626159668e-01 4.230863749980926514e-01
8.019207715988159180e-01 8.068037778139114380e-02
7.213733196258544922e-01 3.235734403133392334e-01
8.425917029380798340e-01 2.377143800258636475e-01
9.261311888694763184e-01 1.412657462060451508e-02
7.855367064476013184e-01 9.523361176252365112e-02
8.005140423774719238e-01 4.531919360160827637e-01
9.537098407745361328e-01 3.396624624729156494e-01
8.560215830802917480e-01 1.803537160158157349e-01
7.160999774932861328e-01 4.362983629107475281e-02
3.571155965328216553e-01 1.325855404138565063e-01
8.518678545951843262e-01 1.533723026514053345e-01
2.409771531820297241e-01 3.332722932100296021e-02
5.383934974670410156e-01 8.771657012403011322e-03
1.841392219066619873e-01 8.791747689247131348e-02
4.953006207942962646e-01 1.548048108816146851e-01
1.524665057659149170e-01 1.301559656858444214e-01
1.615786254405975342e-01 1.403763443231582642e-01
6.122233867645263672e-01 8.056786656379699707e-02
2.637860476970672607e-01 4.698910936713218689e-02
1.723672300577163696e-01 1.063557714223861694e-01
9.297682642936706543e-01 4.087314009666442871e-02
4.300324991345405579e-02 1.452457457780838013e-01
5.651481151580810547e-01 3.939329087734222412e-02
5.482638478279113770e-01 5.825265496969223022e-02
2.506088614463806152e-01 1.013089567422866821e-01
4.527717530727386475e-01 9.734198451042175293e-02
8.773778378963470459e-02 1.201698780059814453e-01
7.212701439857482910e-01 8.748891949653625488e-02
2.216971516609191895e-01 1.838946640491485596e-01
1.933853626251220703e-01 1.679868251085281372e-01
3.148784637451171875e-01 1.758226901292800903e-01
9.023699164390563965e-01 1.259033083915710449e-01
7.964666485786437988e-01 1.270015835762023926e-01
9.468922615051269531e-01 1.218397393822669983e-01
6.519623398780822754e-01 8.697683364152908325e-02
6.629214882850646973e-01 6.442119926214218140e-02
4.800310134887695312e-01 1.184005811810493469e-01
9.051862955093383789e-01 5.106367636471986771e-03
5.108771324157714844e-01 1.491286326199769974e-03
3.550600707530975342e-01 1.703283637762069702e-01
6.403750181198120117e-01 9.284809231758117676e-03
5.461394786834716797e-01 1.049590334296226501e-01
1.240198165178298950e-01 1.229975521564483643e-01
3.927254080772399902e-01 3.963424637913703918e-02
3.133254051208496094e-01 1.791461706161499023e-01
8.468337655067443848e-01 3.801915422081947327e-02
3.788425624370574951e-01 1.769029945135116577e-01
8.215552568435668945e-01 1.525980532169342041e-01
4.423896074295043945e-01 4.814859107136726379e-02
7.535005807876586914e-01 3.014883399009704590e-02
1.352819353342056274e-01 6.324654072523117065e-02
9.246501922607421875e-01 7.959011197090148926e-02
4.805598855018615723e-01 4.915693402290344238e-02
2.597982585430145264e-01 1.997783035039901733e-01
2.414896041154861450e-01 4.593046754598617554e-02
2.650772929191589355e-01 1.661269664764404297e-01
3.667241632938385010e-01 3.182354941964149475e-02
7.175195217132568359e-01 1.960489302873611450e-01
9.496030211448669434e-01 4.510468989610671997e-02
6.690374016761779785e-01 8.433771133422851562e-02
5.471662878990173340e-01 1.117128133773803711e-01
4.485978186130523682e-01 2.405714243650436401e-02
8.281944394111633301e-01 1.633640080690383911e-01
8.496571779251098633e-01 5.493710562586784363e-02
2.930376827716827393e-01 1.098539829254150391e-01
9.534202218055725098e-01 1.099267601966857910e-01
3.951153755187988281e-01 1.205281317234039307e-01
8.000780940055847168e-01 1.109719742089509964e-02
9.668198823928833008e-01 3.372375294566154480e-02
7.036581039428710938e-01 3.223844990134239197e-02
1.615507304668426514e-01 6.041025370359420776e-02
5.861369371414184570e-01 2.898283116519451141e-02
1.187771260738372803e-01 1.843842715024948120e-01
7.891420125961303711e-01 1.025908887386322021e-01
2.813151776790618896e-01 1.247150301933288574e-01
6.952148079872131348e-01 7.149763405323028564e-02
9.100896716117858887e-01 5.524922907352447510e-02
1.810098439455032349e-01 1.006354317069053650e-01
3.928578495979309082e-01 5.886459350585937500e-02
6.471188068389892578e-01 6.872918456792831421e-02
4.196586012840270996e-01 9.055017679929733276e-02
1.748189479112625122e-01 1.011467352509498596e-01
2.907161414623260498e-02 1.968628019094467163e-01
4.065981507301330566e-01 4.466451704502105713e-02
6.492090225219726562e-01 9.759522974491119385e-02
5.739842057228088379e-01 2.990234829485416412e-02
1.562412381172180176e-01 6.999984383583068848e-02
4.506934583187103271e-01 1.434621363878250122e-01
3.694710433483123779e-01 3.489242866635322571e-02
2.742024064064025879e-01 1.162702590227127075e-01
7.292712330818176270e-01 8.334020525217056274e-02
3.096520304679870605e-01 1.031590905040502548e-02
5.401419401168823242e-01 1.866150498390197754e-01
9.232235550880432129e-01 8.272062987089157104e-02
5.392760038375854492e-01 1.567853093147277832e-01
6.170229315757751465e-01 8.326269686222076416e-02
7.324598729610443115e-02 1.874720603227615356e-01
1.781341433525085449e-01 5.809406563639640808e-02
1.009512022137641907e-01 8.244612812995910645e-02
7.648129463195800781e-01 1.517728418111801147e-01
8.359211087226867676e-01 6.873346120119094849e-02
1.864552944898605347e-01 7.287141680717468262e-02
2.192717492580413818e-01 1.989646404981613159e-01
3.232072889804840088e-01 1.111229062080383301e-01
5.910776257514953613e-01 1.378760933876037598e-01
6.217961907386779785e-01 1.286924481391906738e-01
6.867539882659912109e-01 1.655848324298858643e-01
9.051927328109741211e-01 1.723650246858596802e-01
2.950401306152343750e-01 1.126512289047241211e-01
6.587589979171752930e-01 5.891121551394462585e-02
5.597228407859802246e-01 4.560049623250961304e-03
3.058372437953948975e-01 1.228806525468826294e-01
9.074152112007141113e-01 1.650937646627426147e-01
9.548341482877731323e-02 9.010796248912811279e-02
7.120010256767272949e-01 3.294122964143753052e-02
7.278737425804138184e-01 5.761641636490821838e-02
9.153265357017517090e-01 1.019977852702140808e-01
5.185806155204772949e-01 1.673362404108047485e-01
3.216223418712615967e-01 3.435062989592552185e-02
8.277406692504882812e-01 1.224299743771553040e-01
7.708103060722351074e-01 1.506737172603607178e-01
5.003156065940856934e-01 1.872095018625259399e-01
7.678573727607727051e-01 2.334073744714260101e-02
2.678756117820739746e-01 1.852783262729644775e-01
5.895063281059265137e-01 1.202935054898262024e-01
8.651834726333618164e-01 1.533403247594833374e-01
3.179844915866851807e-01 1.075494196265935898e-02
4.835499823093414307e-01 1.012296304106712341e-01
9.510448575019836426e-01 1.245259344577789307e-01
7.982118129730224609e-01 6.136676669120788574e-02
8.870390057563781738e-01 8.633004128932952881e-02
3.852470517158508301e-01 1.108596250414848328e-01
9.965052604675292969e-01 1.105095893144607544e-01
1.525655984878540039e-01 8.372304961085319519e-03
5.187705755233764648e-01 8.789635449647903442e-02
4.792733788490295410e-01 4.276363179087638855e-02
7.984321713447570801e-01 1.833390146493911743e-01
9.086177945137023926e-01 1.953160017728805542e-01
7.311393618583679199e-01 5.992937833070755005e-02
6.268162131309509277e-01 3.503707796335220337e-02
4.274291992187500000e-01 4.390082880854606628e-02
5.103259086608886719e-01 9.555044770240783691e-02
5.093002915382385254e-01 1.749011129140853882e-01
2.036847360432147980e-02 1.000072434544563293e-01
5.030457973480224609e-01 1.107841264456510544e-02
8.559707999229431152e-01 7.977120578289031982e-03
7.092739939689636230e-01 4.547818750143051147e-02
7.957085967063903809e-01 1.685542613267898560e-01
3.904849886894226074e-01 1.242961138486862183e-01
5.289732217788696289e-01 1.125915721058845520e-01
3.348356857895851135e-02 6.379391998052597046e-02
3.829979300498962402e-01 1.858850866556167603e-01
4.744160473346710205e-01 6.623564660549163818e-02
2.552089095115661621e-01 1.669888794422149658e-01
3.124097920954227448e-02 1.791806966066360474e-01
6.904081106185913086e-01 9.666699916124343872e-02
4.350877404212951660e-01 1.788578480482101440e-01
4.156782031059265137e-01 5.536065623164176941e-02
2.499867528676986694e-01 1.316866874694824219e-01
5.378304123878479004e-01 1.759275048971176147e-02
4.380267858505249023e-01 9.478684514760971069e-02
4.739844799041748047e-01 4.346635937690734863e-02
5.808713436126708984e-01 1.255265530198812485e-02
6.324647460132837296e-03 7.451015990227460861e-04
9.076958894729614258e-01 6.495042145252227783e-02
7.108739763498306274e-02 1.179061159491539001e-01
4.509247541427612305e-01 9.104607254266738892e-02
2.073728740215301514e-01 6.035386025905609131e-02
5.237823724746704102e-01 1.982400119304656982e-01
2.802301049232482910e-01 1.879050135612487793e-01
8.600065112113952637e-01 2.513066120445728302e-02
3.963598310947418213e-01 8.302148431539535522e-02
6.387555599212646484e-01 1.297693848609924316e-01
2.488797307014465332e-01 1.466981619596481323e-01
1.940615102648735046e-02 7.327443361282348633e-02
4.041545391082763672e-01 1.492563635110855103e-01
5.364865064620971680e-01 2.483000233769416809e-02
4.595471620559692383e-01 6.636252254247665405e-02
9.620143771171569824e-01 1.432866305112838745e-01
7.068391442298889160e-01 1.251365542411804199e-01
9.956697821617126465e-01 1.674420386552810669e-01
2.950600981712341309e-01 9.371404536068439484e-03
7.890532612800598145e-01 3.487834334373474121e-02
5.555584430694580078e-01 9.698916226625442505e-03
6.117603778839111328e-01 3.842284530401229858e-02
9.858531951904296875e-01 8.565621101297438145e-04
6.539872288703918457e-01 1.008420586585998535e-01
8.988168835639953613e-01 1.056628823280334473e-01
7.257502079010009766e-01 1.315783560276031494e-01
1.273861229419708252e-01 7.698249071836471558e-02
6.994237303733825684e-01 6.415381212718784809e-04
4.843155741691589355e-01 1.347782313823699951e-01
9.187979698181152344e-01 1.085821725428104401e-02
8.068344593048095703e-01 1.732340902090072632e-01
1.041346862912178040e-01 4.530797712504863739e-03
1.339156478643417358e-01 1.060950234532356262e-01
6.961100548505783081e-02 1.789835691452026367e-01
4.932448863983154297e-01 1.144979149103164673e-01
8.077175915241241455e-02 1.216833516955375671e-01
7.236783504486083984e-01 1.363221704959869385e-01
5.523585677146911621e-01 2.448176965117454529e-02
8.358849883079528809e-01 1.349854171276092529e-01
2.797957956790924072e-01 1.760709732770919800e-01
5.191407799720764160e-01 1.948441714048385620e-01
1.174796894192695618e-01 8.861040323972702026e-02
8.846099972724914551e-01 6.890097260475158691e-02
1.750049591064453125e-01 1.506619304418563843e-01
1.023622527718544006e-01 1.085748597979545593e-01
2.050506025552749634e-01 5.146092921495437622e-02
8.062314987182617188e-01 3.443157672882080078e-02
1.058145239949226379e-01 3.404606133699417114e-02
6.144275069236755371e-01 9.183540940284729004e-02
7.461813092231750488e-01 3.402487933635711670e-02
7.510811686515808105e-01 3.943788819015026093e-03
1.900608837604522705e-01 1.041775476187467575e-02
6.162399798631668091e-02 1.859769076108932495e-01
4.488063752651214600e-01 1.459226850420236588e-02
2.024853378534317017e-01 1.463613845407962799e-02
6.992707848548889160e-01 9.023769199848175049e-02
3.566927909851074219e-01 4.902005568146705627e-02
4.493539333343505859e-01 1.925387680530548096e-01
1.134849339723587036e-01 1.821971684694290161e-01
5.675503015518188477e-01 8.094865083694458008e-02
1.855241954326629639e-01 8.974630385637283325e-02
6.789856553077697754e-01 7.502272725105285645e-02
7.116882503032684326e-02 7.573223207145929337e-03
9.758945703506469727e-01 5.856936797499656677e-02
6.845269799232482910e-01 2.453469485044479370e-02
1.817295700311660767e-01 2.047406509518623352e-02
1.409464515745639801e-02 1.121723130345344543e-01
3.344628810882568359e-01 1.975297182798385620e-02
1.528132706880569458e-01 2.058626525104045868e-02
2.184113264083862305e-01 9.610274434089660645e-02
8.727502822875976562e-01 8.845647424459457397e-02
6.032046675682067871e-01 2.752695791423320770e-02
1.764576584100723267e-01 8.898049709387123585e-04
5.566594004631042480e-01 3.859488666057586670e-02
2.557806670665740967e-01 4.717845097184181213e-02
9.762008786201477051e-01 1.600496917963027954e-01
3.275723010301589966e-02 1.830876767635345459e-01
7.323184013366699219e-01 8.118887990713119507e-02
7.729970216751098633e-01 8.100534230470657349e-02
6.716276705265045166e-02 1.424962580204010010e-01
1.718693673610687256e-01 1.253844052553176880e-01
3.843066692352294922e-01 3.682803735136985779e-02
8.681548237800598145e-01 2.153782360255718231e-02
5.369999408721923828e-01 8.752238005399703979e-02
6.553068757057189941e-01 1.129656732082366943e-01
7.830128073692321777e-01 2.774151973426342010e-02
8.281227946281433105e-01 5.865469947457313538e-02
4.762845337390899658e-01 6.118860095739364624e-02
5.087931156158447266e-01 5.225963890552520752e-02
7.180058360099792480e-01 9.215225279331207275e-02
2.633423507213592529e-01 1.306127160787582397e-01
8.544897437095642090e-01 1.018779799342155457e-01
2.078682370483875275e-02 4.029131308197975159e-02
1.957716047763824463e-01 2.058780938386917114e-02
8.001999258995056152e-01 1.643740981817245483e-01
3.402582108974456787e-01 9.586093574762344360e-02
1.498328298330307007e-01 1.242783665657043457e-02
1.867547631263732910e-01 5.162429809570312500e-02
5.307564139366149902e-01 1.608067601919174194e-01
8.461815118789672852e-01 1.503452658653259277e-01
7.065071910619735718e-02 1.751633286476135254e-01
3.048090822994709015e-02 1.204175651073455811e-01
4.651681482791900635e-01 8.458118885755538940e-02
9.561874270439147949e-01 8.532699942588806152e-02
2.790097892284393311e-01 3.880000859498977661e-02
9.591705203056335449e-01 1.301597952842712402e-01
8.876811861991882324e-01 1.170137524604797363e-01
2.831350862979888916e-01 3.097288310527801514e-02
8.169480562210083008e-01 1.771325767040252686e-01
6.858673095703125000e-01 7.369364053010940552e-02
5.118224024772644043e-01 9.947753511369228363e-03
4.229161441326141357e-01 6.557618081569671631e-02
8.155027627944946289e-01 1.739713400602340698e-01
7.930794358253479004e-01 1.833913177251815796e-01
7.569363117218017578e-01 9.807968139648437500e-02
9.982559680938720703e-01 1.912679821252822876e-01
4.785124659538269043e-01 1.750483661890029907e-01
8.069229722023010254e-01 1.650461405515670776e-01
8.624783754348754883e-01 1.719420105218887329e-01
2.116025835275650024e-01 7.637508213520050049e-02
4.206644371151924133e-02 1.512937843799591064e-01
4.047484099864959717e-01 1.154678016901016235e-01
8.567366600036621094e-01 1.439367979764938354e-01
2.891032695770263672e-01 3.555722162127494812e-02
7.000101804733276367e-01 1.462787836790084839e-01
7.348138839006423950e-03 1.915184855461120605e-01
3.553644418716430664e-01 6.053266301751136780e-02
6.155167222023010254e-01 1.972322613000869751e-01
1.297571957111358643e-01 7.567520439624786377e-02
8.966069221496582031e-01 3.994470089673995972e-02
1.562739759683609009e-01 2.245724573731422424e-02
9.097935557365417480e-01 1.569923758506774902e-01
2.163893133401870728e-01 1.109650805592536926e-01
9.942786693572998047e-01 6.142625957727432251e-02
6.047487258911132812e-01 1.216900721192359924e-01
8.434489369392395020e-02 6.642023473978042603e-02
6.527723371982574463e-02 8.967155218124389648e-02
7.492169737815856934e-02 1.725328266620635986e-01
5.898927450180053711e-01 1.336333006620407104e-01
8.095791935920715332e-01 1.524803638458251953e-01
4.029627442359924316e-01 1.166987121105194092e-01
4.448357522487640381e-01 1.982796043157577515e-01
5.892876982688903809e-01 4.828201234340667725e-02
5.330405831336975098e-01 5.245823040604591370e-02
6.880617141723632812e-01 1.851178705692291260e-02
4.717857241630554199e-01 1.108039021492004395e-01
7.138606905937194824e-01 1.226718500256538391e-01
9.973107576370239258e-01 1.451923102140426636e-01
3.502978384494781494e-01 6.708918511867523193e-02
1.221546251326799393e-02 2.451360458508133888e-03
1.256250441074371338e-01 1.264459043741226196e-01
5.535141825675964355e-01 1.997390985488891602e-01
3.442578017711639404e-01 5.890987068414688110e-02
9.399825930595397949e-01 3.678689152002334595e-02
6.274461150169372559e-01 5.635339021682739258e-02
5.203551650047302246e-01 8.508309721946716309e-02
7.980394959449768066e-01 5.018258467316627502e-02
2.585898637771606445e-01 6.939200311899185181e-02
8.197385668754577637e-01 1.276413500308990479e-01
3.061104798689484596e-03 6.900559365749359131e-02
6.196773648262023926e-01 7.921178638935089111e-02
9.347571730613708496e-01 8.006252348423004150e-03
7.878599762916564941e-01 1.835885047912597656e-01
8.536341786384582520e-01 8.137719333171844482e-02
3.969546854496002197e-01 6.562869995832443237e-02
8.242389559745788574e-01 1.729683950543403625e-02
5.508316755294799805e-01 1.268366426229476929e-01
6.185402274131774902e-01 1.727649867534637451e-01
5.891533941030502319e-02 8.230639621615409851e-03
2.015516906976699829e-01 2.905449271202087402e-02
5.509644150733947754e-01 2.927796542644500732e-02
5.880105867981910706e-02 1.204549744725227356e-01
7.414467930793762207e-01 1.842461079359054565e-01
8.400570154190063477e-01 8.755367249250411987e-02
9.203623533248901367e-01 6.876128911972045898e-02
1.017684563994407654e-01 1.531681418418884277e-01
9.397202730178833008e-01 1.485138088464736938e-01
6.762000918388366699e-02 4.935122653841972351e-02
4.740562140941619873e-01 3.216527402400970459e-02
8.402510285377502441e-01 7.156200706958770752e-02
7.031113654375076294e-02 1.551206856966018677e-01
1.823107339441776276e-02 1.390126794576644897e-01
2.494771778583526611e-02 1.331707388162612915e-01
5.112702250480651855e-01 1.658857166767120361e-01
8.115967512130737305e-01 5.542606115341186523e-02
1.274266690015792847e-01 6.793674826622009277e-02
1.246102526783943176e-01 8.467890322208404541e-03
5.685468316078186035e-01 1.737491488456726074e-01
2.342956066131591797e-01 1.164859458804130554e-01
7.302137613296508789e-01 5.962445959448814392e-02
9.496353864669799805e-01 1.388330664485692978e-02
7.660334110260009766e-01 1.446819007396697998e-01
8.771753907203674316e-01 1.497475057840347290e-01
5.195860862731933594e-01 1.332357376813888550e-01
8.323193192481994629e-01 4.075619578361511230e-02
1.829031854867935181e-01 1.826432049274444580e-01
6.834789365530014038e-02 1.506316065788269043e-01
6.559531092643737793e-01 1.315512657165527344e-01
5.195250362157821655e-02 1.301887780427932739e-01
8.924814462661743164e-01 1.808715462684631348e-01
6.915541291236877441e-01 1.856614202260971069e-01
9.522007107734680176e-01 1.191274821758270264e-01
3.138866424560546875e-01 8.333387970924377441e-02
4.861583113670349121e-01 7.274679839611053467e-02
7.416903376579284668e-01 1.638157665729522705e-01
2.427789866924285889e-01 1.289210617542266846e-01
5.418488383293151855e-01 1.545320637524127960e-02
6.594672799110412598e-01 2.843720279633998871e-02
9.788086414337158203e-01 1.800371855497360229e-01
7.447032928466796875e-01 1.768996268510818481e-01
1.181308478116989136e-01 1.903664916753768921e-01
4.753334522247314453e-01 8.557019382715225220e-02
5.887708067893981934e-01 1.568121761083602905e-01
1.466231495141983032e-01 1.656450033187866211e-01
4.319660663604736328e-01 6.313937902450561523e-02
2.840058207511901855e-01 2.906754240393638611e-02
1.188275441527366638e-01 1.994052678346633911e-01
5.120419263839721680e-01 6.043840665370225906e-03
1.656330823898315430e-01 1.194671839475631714e-01
5.905374288558959961e-01 1.300424486398696899e-01
1.696969270706176758e-01 1.363578736782073975e-01
7.235949039459228516e-01 5.112554877996444702e-02
1.952416300773620605e-01 1.443158537149429321e-01
8.962851166725158691e-01 4.327991232275962830e-02
2.620935626327991486e-02 1.658076494932174683e-01
5.219973921775817871e-01 4.382333531975746155e-02
3.201047778129577637e-01 1.393412053585052490e-01
2.250765264034271240e-01 1.566826999187469482e-01
4.716027677059173584e-01 3.778915107250213623e-02
8.420195579528808594e-01 4.759729653596878052e-02
9.152771830558776855e-01 1.558207422494888306e-01
3.032486140727996826e-01 1.719979383051395416e-02
1.542436182498931885e-01 3.815219178795814514e-02
7.201404571533203125e-01 9.110618382692337036e-02
5.819987058639526367e-01 1.860363930463790894e-01
2.010161429643630981e-01 1.123755648732185364e-01
7.602958083152770996e-01 7.753556966781616211e-02
5.189304351806640625e-01 1.956740468740463257e-01
6.533951759338378906e-01 9.274226427078247070e-02
3.593390285968780518e-01 8.674699813127517700e-02
4.390975534915924072e-01 8.232886344194412231e-02
1.803420931100845337e-01 6.243601441383361816e-02
7.565158605575561523e-01 6.513895839452743530e-02
1.570113301277160645e-01 1.375674158334732056e-01
7.783026099205017090e-01 8.167119696736335754e-03
7.980078458786010742e-01 1.363633424043655396e-01
7.466009855270385742e-01 4.024089872837066650e-02
1.942278817296028137e-02 7.684160023927688599e-02
2.731332182884216309e-01 2.930779382586479187e-02
4.683377444744110107e-01 1.105502098798751831e-01
5.955443978309631348e-01 1.458700895309448242e-01
9.192221164703369141e-01 7.093111425638198853e-02
3.756059706211090088e-01 3.268331661820411682e-02
8.750233054161071777e-01 4.530111700296401978e-02
1.634292900562286377e-01 1.636225879192352295e-01
3.712804913520812988e-01 5.352974683046340942e-02
5.228200927376747131e-02 1.549405157566070557e-01
7.424892783164978027e-01 6.623987853527069092e-02
1.506527513265609741e-01 3.774651139974594116e-02
2.570200264453887939e-01 1.454617083072662354e-01
7.752332687377929688e-01 9.370900690555572510e-02
5.347167253494262695e-01 6.255450192838907242e-03
1.397271919995546341e-02 1.919884830713272095e-01
2.235204679891467094e-03 2.955068834125995636e-02
5.106606483459472656e-01 7.068139314651489258e-02
3.049555122852325439e-01 7.695892453193664551e-02
1.803114414215087891e-01 9.788598120212554932e-02
6.135939359664916992e-01 1.570888012647628784e-01
2.284364700317382812e-01 1.218055956996977329e-03
5.922071337699890137e-01 1.864944100379943848e-01
3.792659640312194824e-01 1.291978955268859863e-01
1.867462247610092163e-01 1.901297718286514282e-01
1.381047368049621582e-01 1.634779125452041626e-01
2.368606030941009521e-01 1.855676472187042236e-01
2.983210794627666473e-02 1.202001124620437622e-01
3.081269562244415283e-01 7.146179676055908203e-02
9.019547104835510254e-01 8.858281373977661133e-02
8.313621282577514648e-01 1.316064596176147461e-01
3.720037639141082764e-01 8.538637310266494751e-02
5.758336186408996582e-01 1.463345587253570557e-01
5.673605799674987793e-01 1.836960390210151672e-02
8.287375569343566895e-01 1.659973263740539551e-01
2.362900972366333008e-01 4.083772748708724976e-02
2.963874936103820801e-01 1.887895166873931885e-01
3.017854392528533936e-01 3.110915981233119965e-02
4.086998850107192993e-02 2.583283931016921997e-02
3.146878778934478760e-01 1.623752266168594360e-01
8.779137730598449707e-01 1.637403666973114014e-01
9.119876623153686523e-01 1.477518826723098755e-01
1.096353456377983093e-01 1.921060979366302490e-01
4.580585360527038574e-01 5.410792678594589233e-02
3.813489079475402832e-01 1.653297543525695801e-01
4.893592000007629395e-01 7.040810585021972656e-02
5.547195076942443848e-01 1.074797287583351135e-01
2.025876007974147797e-02 8.912000805139541626e-02
8.422422409057617188e-01 1.170004485175013542e-03
9.736640453338623047e-01 1.148924380540847778e-01
6.534048318862915039e-01 1.495011746883392334e-01
6.604522466659545898e-01 3.491047769784927368e-02
5.279798507690429688e-01 1.863311678171157837e-01
3.342733979225158691e-01 1.060799062252044678e-01
1.489778310060501099e-01 3.564919903874397278e-02
5.840633511543273926e-01 1.291895210742950439e-01
4.494140297174453735e-02 3.838454186916351318e-02
8.245025873184204102e-01 1.270666997879743576e-02
4.209116995334625244e-01 1.370630413293838501e-01
4.147542119026184082e-01 2.213897742331027985e-02
3.271708488464355469e-01 2.124349027872085571e-02
9.693539142608642578e-01 1.479887068271636963e-01
1.749169528484344482e-01 1.104044634848833084e-02
1.513078212738037109e-01 1.619538366794586182e-01
1.655315011739730835e-01 1.592297554016113281e-01
6.585274934768676758e-01 2.827868610620498657e-02
9.918953180313110352e-01 1.036761328577995300e-01
2.354751676321029663e-01 1.932509802281856537e-02
9.056174159049987793e-01 1.265142410993576050e-01
2.786165475845336914e-01 1.258600223809480667e-02
6.478999257087707520e-01 1.888961642980575562e-01
4.049895331263542175e-02 4.154614731669425964e-02
4.956539869308471680e-01 1.365789324045181274e-01
6.545699834823608398e-01 2.565828524529933929e-02
5.363197922706604004e-01 4.191929101943969727e-02
2.378353774547576904e-01 9.018992632627487183e-02
8.284969329833984375e-01 1.146192252635955811e-01
9.701365232467651367e-01 1.997726410627365112e-01
4.591960906982421875e-01 5.185245536267757416e-03
6.359192728996276855e-01 6.288392614806070924e-05
7.904132604598999023e-01 7.007341831922531128e-02
2.414890676736831665e-01 7.323127239942550659e-02
8.644503951072692871e-01 1.767674535512924194e-01
2.802008986473083496e-01 1.825165152549743652e-01
7.758308053016662598e-01 1.761049926280975342e-01
1.120992302894592285e-01 2.863574959337711334e-02
2.883867025375366211e-01 8.242096751928329468e-02
5.336199402809143066e-01 1.491770297288894653e-01
5.249220728874206543e-01 6.252221018075942993e-02
8.504312038421630859e-01 1.326476037502288818e-01
9.961272478103637695e-01 4.742857441306114197e-02
1.072108447551727295e-01 6.468385457992553711e-02
2.713881433010101318e-01 1.720859259366989136e-01
3.575982153415679932e-01 5.010180547833442688e-02
4.789184033870697021e-01 1.928648203611373901e-01
4.939097464084625244e-01 6.125191226601600647e-02
8.561950922012329102e-01 4.705621860921382904e-03
7.705593109130859375e-01 5.098018050193786621e-02
1.885157823562622070e-02 3.424098715186119080e-02
4.550217688083648682e-01 1.013653948903083801e-01
6.180738210678100586e-01 2.254321239888668060e-02
4.603955745697021484e-01 1.252097785472869873e-01
1.306452602148056030e-01 1.749798208475112915e-01
3.974740803241729736e-01 7.250377535820007324e-02
4.116556942462921143e-01 3.369854390621185303e-02
1.877159178256988525e-01 8.000499755144119263e-02
7.563071250915527344e-01 1.571933627128601074e-01
3.214006721973419189e-01 1.182975322008132935e-01
5.889872908592224121e-01 2.022864297032356262e-02
5.157302021980285645e-01 1.074374318122863770e-01
8.774271011352539062e-01 9.361707419157028198e-02
1.220149323344230652e-01 6.542245298624038696e-02
1.142630055546760559e-01 2.203211933374404907e-02
3.003196716308593750e-01 1.962223798036575317e-01
4.312149584293365479e-01 3.520866483449935913e-02
2.985422611236572266e-01 3.854857757687568665e-02
7.631871104240417480e-01 2.911653928458690643e-02
2.452658414840698242e-01 1.140386089682579041e-01
8.477474004030227661e-02 8.873391151428222656e-02
4.137998223304748535e-01 4.991143569350242615e-02
7.733792662620544434e-01 8.588467538356781006e-02
8.505619168281555176e-01 1.347043663263320923e-01
7.333448529243469238e-01 5.634010583162307739e-02
5.578866600990295410e-01 1.830491572618484497e-01
7.241917252540588379e-01 6.126924604177474976e-02
6.813895106315612793e-01 3.963580727577209473e-02
2.343666255474090576e-01 1.909135729074478149e-01
5.507588982582092285e-01 1.621121168136596680e-01
7.706093192100524902e-01 6.862752139568328857e-02
3.171206712722778320e-01 1.682863682508468628e-01
6.539731621742248535e-01 1.037628501653671265e-01
4.814804196357727051e-01 6.935049593448638916e-02
5.031588673591613770e-01 1.679223179817199707e-01
9.005504101514816284e-02 1.504330188035964966e-01
6.662171483039855957e-01 5.957496911287307739e-02
8.656870126724243164e-01 1.213357001543045044e-01
1.414312869310379028e-01 7.387804239988327026e-02
3.661056756973266602e-01 2.103945153066888452e-04
4.866745322942733765e-02 1.923631429672241211e-01
2.963188663125038147e-02 1.099258139729499817e-01
9.896584749221801758e-01 1.196865215897560120e-01
4.934715032577514648e-01 1.199782863259315491e-01
3.555190265178680420e-01 1.101282909512519836e-01
2.748770713806152344e-01 5.800956860184669495e-02
9.800126552581787109e-01 1.943152248859405518e-01
2.522507905960083008e-01 1.243336796760559082e-01
7.257084250450134277e-01 1.341842710971832275e-01
2.837581038475036621e-01 9.095855057239532471e-02
7.048950344324111938e-02 5.757227912545204163e-02
6.832765936851501465e-01 1.286979671567678452e-02
1.630847575142979622e-03 7.004603743553161621e-02
6.757485270500183105e-01 3.521948680281639099e-02
2.503766119480133057e-01 1.324176490306854248e-01
7.461042404174804688e-01 1.758007705211639404e-01
7.697501778602600098e-01 6.055097281932830811e-02
7.241072654724121094e-01 6.657652556896209717e-02
2.448344230651855469e-02 1.340728998184204102e-01
7.037366032600402832e-01 2.985428646206855774e-02
9.901456236839294434e-01 1.858874857425689697e-01
2.426253706216812134e-01 7.276935875415802002e-02
2.742385864257812500e-01 2.023988962173461914e-02
8.135265707969665527e-01 3.493680059909820557e-02
1.603967994451522827e-01 1.865492165088653564e-01
6.605836749076843262e-01 4.942385852336883545e-02
7.550264000892639160e-01 1.324537545442581177e-01
3.716066107153892517e-02 3.123304434120655060e-02
5.537620782852172852e-01 3.882033750414848328e-02
5.758772492408752441e-01 1.758476495742797852e-01
3.034428954124450684e-01 2.960664406418800354e-02
8.763446807861328125e-01 3.750117262825369835e-03
1.627497225999832153e-01 1.002466380596160889e-01
3.641947209835052490e-01 1.725453585386276245e-01
8.486686944961547852e-01 6.519820541143417358e-02
1.906427592039108276e-01 2.563245408236980438e-02
8.213741183280944824e-01 1.964461654424667358e-01
7.906917482614517212e-02 1.353477239608764648e-01
4.892290532588958740e-01 1.701381206512451172e-01
7.533065974712371826e-02 1.504276543855667114e-01
6.779035925865173340e-01 1.396484524011611938e-01
7.906014919281005859e-01 7.691281288862228394e-02
8.498585224151611328e-01 6.486799567937850952e-02
9.812622666358947754e-01 1.433917135000228882e-01
6.720157265663146973e-01 1.433425992727279663e-01
7.690619230270385742e-01 1.901176720857620239e-01
5.057582855224609375e-01 1.137319654226303101e-01
9.127368927001953125e-01 5.892422050237655640e-02
6.437583565711975098e-01 9.790576249361038208e-02
8.835514187812805176e-01 1.227427646517753601e-01
2.354520112276077271e-01 8.534596115350723267e-02
4.967377781867980957e-01 1.582266241312026978e-01
7.298189401626586914e-01 1.169226393103599548e-01
2.027217596769332886e-01 1.887145568616688251e-03
2.113397866487503052e-01 1.139679774641990662e-01
9.780427217483520508e-01 1.267207562923431396e-01
4.346103668212890625e-01 1.830522567033767700e-01
1.818154603242874146e-01 8.274433761835098267e-02
3.314638733863830566e-01 1.148935332894325256e-01
3.973761498928070068e-01 9.499949216842651367e-02
6.230852603912353516e-01 1.063312888145446777e-01
9.230146408081054688e-01 1.346081402152776718e-02
9.865900874137878418e-01 1.794567406177520752e-01
6.516987681388854980e-01 1.820824742317199707e-01
6.999223828315734863e-01 1.096119210124015808e-01
3.218291699886322021e-01 1.113111004233360291e-01
8.571586012840270996e-01 1.151120755821466446e-02
2.177983373403549194e-01 1.195901036262512207e-01
1.063806489109992981e-01 8.583036065101623535e-02
9.732559919357299805e-01 1.418087333440780640e-01
8.641386628150939941e-01 9.424983523786067963e-03
3.036451339721679688e-01 1.421775370836257935e-01
6.751707196235656738e-01 5.737876519560813904e-02
4.670183658599853516e-01 1.303410679101943970e-01
3.231281936168670654e-01 1.254251897335052490e-01
2.867742180824279785e-01 4.536829516291618347e-02
1.360274404287338257e-01 8.809047192335128784e-02
5.493180751800537109e-01 1.671266555786132812e-01
4.465966820716857910e-01 1.211183294653892517e-01
5.121864080429077148e-01 1.374766044318675995e-02
2.153571695089340210e-01 8.858176320791244507e-02
9.386106729507446289e-01 6.235429272055625916e-02
6.385911703109741211e-01 1.283291429281234741e-01
8.996006846427917480e-01 1.229127869009971619e-01
1.092711687088012695e-01 2.079620258882641792e-03
6.228509545326232910e-01 1.215391010046005249e-01
8.494617938995361328e-01 1.469699293375015259e-01
3.309207856655120850e-01 1.537460088729858398e-01
1.951431632041931152e-01 1.179515384137630463e-02
2.650212943553924561e-01 6.073168292641639709e-02
2.729337215423583984e-01 8.425471186637878418e-02
4.471989572048187256e-01 3.595434129238128662e-02
3.259636163711547852e-01 8.414677530527114868e-02
2.712740600109100342e-01 1.422590762376785278e-02
6.485123038291931152e-01 2.264345623552799225e-02
5.303237214684486389e-02 1.337389498949050903e-01
3.403637707233428955e-01 5.251449346542358398e-02
6.897519826889038086e-01 1.422811746597290039e-01
1.758497506380081177e-01 9.621705859899520874e-03
2.209278643131256104e-01 1.125406101346015930e-01
2.006666213274002075e-01 7.828973233699798584e-02
9.261067025363445282e-04 1.593942791223526001e-01
4.737677574157714844e-01 1.567903161048889160e-01
3.895878791809082031e-02 7.511192560195922852e-02
2.729398012161254883e-01 1.245428025722503662e-01
9.948034286499023438e-01 4.550977423787117004e-02
9.183962345123291016e-01 1.160813644528388977e-01
2.150758057832717896e-01 1.625293865799903870e-02
3.100024461746215820e-01 8.692085742950439453e-02
4.637045860290527344e-01 3.654553741216659546e-02
8.444135189056396484e-01 1.766762435436248779e-01
8.026459217071533203e-01 8.898016065359115601e-02
1.262414306402206421e-01 1.181547492742538452e-01
1.244488507509231567e-01 7.207637280225753784e-02
4.167322516441345215e-01 5.774820595979690552e-02
8.700953722000122070e-01 4.058395698666572571e-02
8.820850253105163574e-01 1.823743134737014771e-01
1.073658466339111328e-01 1.598931550979614258e-01
5.742973089218139648e-01 2.665222808718681335e-02
1.556752026081085205e-01 1.493449807167053223e-01
6.861293315887451172e-01 8.370615541934967041e-02
9.164332747459411621e-01 3.079331014305353165e-03
4.547692835330963135e-01 1.056734621524810791e-01
8.308277279138565063e-02 2.600928768515586853e-02
5.792542099952697754e-01 4.198686406016349792e-02
4.085166752338409424e-01 1.392081975936889648e-01
8.108987808227539062e-01 5.142840743064880371e-02
3.403444588184356689e-01 1.783776432275772095e-01
8.748971819877624512e-01 1.314339488744735718e-01
2.737004160881042480e-01 1.664566993713378906e-01
1.575176417827606201e-01 1.230379045009613037e-01
3.064803779125213623e-01 1.737699210643768311e-01
3.491578996181488037e-02 7.233693450689315796e-02
2.812459766864776611e-01 1.098281145095825195e-01
6.601176261901855469e-01 1.031780764460563660e-01
1.422829777002334595e-01 1.807581484317779541e-01
1.113649755716323853e-01 3.298308327794075012e-02
1.323852986097335815e-01 1.156121492385864258e-01
7.755167782306671143e-02 1.508862376213073730e-01
8.746353983879089355e-01 7.400995492935180664e-02
9.441151022911071777e-01 1.735163033008575439e-01
4.656115174293518066e-02 7.460295408964157104e-02
7.600717544555664062e-01 3.466175124049186707e-02
7.371517419815063477e-01 1.168096736073493958e-01
9.969094395637512207e-01 8.411360532045364380e-02
3.478706479072570801e-01 3.038021037355065346e-03
2.855089902877807617e-01 1.396771892905235291e-02
4.530821144580841064e-01 3.905543684959411621e-02
8.565751910209655762e-01 1.538659930229187012e-01
7.285936474800109863e-01 1.784079074859619141e-01
4.716238081455230713e-01 1.091281771659851074e-01
2.445628494024276733e-01 2.111309207975864410e-02
7.270157337188720703e-01 1.068837940692901611e-01
8.545268774032592773e-01 1.711210906505584717e-01
3.999512195587158203e-01 1.498955190181732178e-01
6.685854196548461914e-01 5.821963399648666382e-02
4.002120196819305420e-01 2.477812208235263824e-02
4.784934520721435547e-01 1.801363378763198853e-01
5.249103903770446777e-01 1.708177477121353149e-01
7.757258415222167969e-01 1.074307318776845932e-02
9.775059819221496582e-01 1.647348999977111816e-01
4.443661570549011230e-01 1.944252848625183105e-02
3.423150181770324707e-01 1.265672687441110611e-02
3.735910058021545410e-01 1.517201811075210571e-01
1.338890641927719116e-01 1.072621271014213562e-01
2.969387471675872803e-01 8.290960639715194702e-02
8.644741028547286987e-02 1.807724386453628540e-01
4.278942644596099854e-01 1.678607165813446045e-01
1.673572659492492676e-01 1.152469404041767120e-02
3.464067578315734863e-01 1.232174485921859741e-01
7.935777306556701660e-01 1.544534862041473389e-01
2.459276467561721802e-01 1.100981160998344421e-01
6.118946075439453125e-01 1.966010928153991699e-01
9.011813998222351074e-01 1.372095048427581787e-01
5.669291615486145020e-01 2.082860283553600311e-02
1.937926113605499268e-01 3.965960070490837097e-02
3.447661995887756348e-01 1.652491241693496704e-01
5.903692245483398438e-01 1.993513405323028564e-01
5.066111683845520020e-01 1.966785266995429993e-02
1.486198306083679199e-01 2.006586268544197083e-02
4.467963576316833496e-01 1.526774168014526367e-01
5.430666804313659668e-01 1.287085656076669693e-02
2.673327028751373291e-01 1.371202338486909866e-02
6.124455332756042480e-01 1.777632981538772583e-01
7.016009837388992310e-02 1.600899696350097656e-01
3.366070389747619629e-01 1.763126403093338013e-01
8.042768239974975586e-01 1.301026791334152222e-01
2.592847943305969238e-01 6.450728327035903931e-02
6.051768660545349121e-01 1.812626421451568604e-01
4.100297093391418457e-01 5.974470451474189758e-02
3.164601325988769531e-01 5.510216951370239258e-02
9.161316752433776855e-01 1.772800832986831665e-01
3.432617187500000000e-01 1.361645162105560303e-01
2.366759032011032104e-01 1.791344135999679565e-01
9.093013405799865723e-01 3.118025697767734528e-02
7.459443807601928711e-01 1.904593557119369507e-01
6.817997097969055176e-01 1.225484311580657959e-01
4.953494295477867126e-02 1.336070150136947632e-01
1.312049627304077148e-01 1.828121095895767212e-01
6.383399367332458496e-01 7.615059614181518555e-02
2.094328403472900391e-01 1.439149975776672363e-01
2.256379872560501099e-01 1.280681192874908447e-01
7.791385054588317871e-01 1.575505435466766357e-01
2.859249413013458252e-01 1.793885529041290283e-01
7.158730179071426392e-02 1.360121667385101318e-01
3.643194586038589478e-02 1.352791115641593933e-02
4.431779980659484863e-01 3.662806749343872070e-02
6.171285510063171387e-01 1.907956302165985107e-01
8.688852190971374512e-01 1.937301009893417358e-01
1.108043938875198364e-01 1.934826672077178955e-01
1.966728270053863525e-01 7.359880022704601288e-03
5.298005938529968262e-01 7.648963481187820435e-02
3.641083538532257080e-01 1.519345343112945557e-01
4.825374484062194824e-01 1.505771577358245850e-01
9.241246581077575684e-01 1.718178018927574158e-02
5.448916554450988770e-01 1.218977794051170349e-01
4.151206016540527344e-01 2.857392281293869019e-02
9.894399046897888184e-01 9.864186495542526245e-02
6.521566957235336304e-02 4.793713986873626709e-02
9.321134686470031738e-01 1.063223462551832199e-02
5.016618371009826660e-01 1.600388437509536743e-02
5.037563443183898926e-01 1.821785867214202881e-01
9.219643473625183105e-01 1.489291936159133911e-01
5.073239803314208984e-01 1.863647997379302979e-01
4.384070932865142822e-01 9.399798512458801270e-02
2.724885940551757812e-01 8.265849947929382324e-02
6.588167548179626465e-01 7.168145477771759033e-02
5.696451067924499512e-01 1.232614219188690186e-01
2.143454402685165405e-01 7.031187415122985840e-02
7.094129323959350586e-01 1.492546498775482178e-01
6.440868377685546875e-01 1.602634638547897339e-01
3.973338901996612549e-01 1.751689165830612183e-01
4.400921985507011414e-03 4.856018722057342529e-02
4.465811550617218018e-01 1.054044067859649658e-01
6.058116909116506577e-03 4.468892514705657959e-02
7.499849051237106323e-02 7.511164527386426926e-03
4.306099116802215576e-01 1.415650546550750732e-01
8.191988617181777954e-02 1.097962558269500732e-01
2.756654322147369385e-01 1.447854489088058472e-01
6.554913520812988281e-01 1.752458140254020691e-02
3.086153566837310791e-01 1.991052329540252686e-01
9.976485967636108398e-01 1.988697201013565063e-01
9.163020253181457520e-01 9.299996495246887207e-02
5.853099226951599121e-01 1.732117384672164917e-01
9.669471383094787598e-01 4.871371015906333923e-02
8.680173158645629883e-01 1.475132256746292114e-01
3.188985288143157959e-01 1.758451759815216064e-01
7.495962381362915039e-01 1.629332602024078369e-01
1.368317902088165283e-01 1.623548120260238647e-01
6.845514178276062012e-01 9.260533004999160767e-02
4.910818338394165039e-01 1.639979928731918335e-01
1.682593859732151031e-02 1.381409615278244019e-01
2.742298245429992676e-01 2.649028040468692780e-02
9.553822278976440430e-01 2.283688075840473175e-02
3.158314824104309082e-01 1.543844342231750488e-01
1.814544498920440674e-01 1.250928193330764771e-01
1.875314414501190186e-01 1.038752198219299316e-01
4.792132675647735596e-01 1.814523637294769287e-01
8.426492214202880859e-01 1.319180727005004883e-01
7.580017447471618652e-01 7.922934740781784058e-02
4.368520081043243408e-01 8.278635889291763306e-02
2.087268829345703125e-01 1.210488751530647278e-01
4.606489837169647217e-02 1.520550549030303955e-01
4.626303315162658691e-01 1.128706634044647217e-01
8.147753477096557617e-01 1.017521768808364868e-01
7.296819686889648438e-01 1.453801393508911133e-01
4.086007773876190186e-01 1.410529166460037231e-01
5.947026610374450684e-01 1.660693734884262085e-01
4.362465143203735352e-01 1.251035742461681366e-02
5.790160894393920898e-01 1.509904265403747559e-01
5.175052285194396973e-01 1.027520895004272461e-01
6.809666156768798828e-01 1.493862364441156387e-02
5.077088475227355957e-01 1.358020007610321045e-01
9.406110048294067383e-01 1.433080434799194336e-01
4.280281960964202881e-01 1.047254353761672974e-01
1.591630280017852783e-02 1.587598025798797607e-01
2.363735288381576538e-01 6.004962325096130371e-02
5.006068348884582520e-01 4.038144275546073914e-02
5.405718684196472168e-01 7.014679163694381714e-02
5.523847937583923340e-01 8.201010525226593018e-02
7.145521044731140137e-01 1.391867250204086304e-01
2.746481299400329590e-01 1.691039949655532837e-01
6.649037003517150879e-01 1.441836357116699219e-01
7.040323019027709961e-01 3.479751199483871460e-02
4.112807512283325195e-01 7.324341684579849243e-02
4.021691083908081055e-01 3.168274089694023132e-02
1.789247840642929077e-01 1.373448371887207031e-01
4.139873683452606201e-01 4.963437467813491821e-02
7.868162989616394043e-01 1.050773859024047852e-01
9.089729785919189453e-01 1.583659648895263672e-01
5.936132073402404785e-01 1.341878622770309448e-01
2.993703484535217285e-01 5.967479944229125977e-02
6.822897195816040039e-01 6.657335162162780762e-02
7.401462197303771973e-01 1.306728571653366089e-01
3.322127759456634521e-01 1.098935529589653015e-01
8.265478610992431641e-01 1.927869766950607300e-02
7.369583100080490112e-02 1.747983247041702271e-01
1.075371727347373962e-02 1.025226488709449768e-01
1.229707747697830200e-01 9.467220306396484375e-02
1.560083478689193726e-01 3.968786820769309998e-02
8.789290189743041992e-01 7.539876550436019897e-02
4.249817132949829102e-01 6.656496971845626831e-02
2.749316990375518799e-01 5.414713546633720398e-02
4.290751218795776367e-01 1.134813129901885986e-01
3.948408961296081543e-01 9.245507419109344482e-02
3.014616668224334717e-01 1.778395324945449829e-01
1.378995776176452637e-01 1.882687956094741821e-01
6.559154391288757324e-01 4.389468580484390259e-02
1.366043984889984131e-01 2.002108655869960785e-02
7.754244804382324219e-01 1.570675075054168701e-01
2.016880065202713013e-01 1.989722847938537598e-01
7.313712835311889648e-01 1.727200150489807129e-01
8.055860996246337891e-01 4.739480558782815933e-03
1.253260076045989990e-01 5.025270953774452209e-02
8.674576878547668457e-02 8.668455295264720917e-03
9.495727419853210449e-01 1.641558706760406494e-01
4.630468189716339111e-01 1.162813976407051086e-01
6.302354931831359863e-01 1.027437075972557068e-01
2.326044067740440369e-02 1.108899787068367004e-01
2.787101864814758301e-01 5.049025267362594604e-02
5.053976774215698242e-01 1.203276738524436951e-01
8.862183094024658203e-01 6.133395712822675705e-03
2.714394032955169678e-01 1.292023509740829468e-01
7.751913070678710938e-01 1.468867659568786621e-01
6.622129082679748535e-01 1.346052587032318115e-01
1.152707710862159729e-01 6.642350554466247559e-02
2.933751642704010010e-01 1.652525812387466431e-01
2.378640323877334595e-01 1.431088000535964966e-01
4.425275921821594238e-01 2.565946429967880249e-02
6.353342533111572266e-01 3.902884572744369507e-02
4.334197640419006348e-01 1.274216771125793457e-01
2.445365786552429199e-01 5.788322538137435913e-02
6.958787441253662109e-01 2.388658747076988220e-02
5.844711065292358398e-01 3.099379874765872955e-02
5.193139314651489258e-01 3.312343731522560120e-02
5.544195771217346191e-01 9.555818140506744385e-02
2.219006419181823730e-01 1.214770898222923279e-01
6.804310679435729980e-01 3.528045490384101868e-02
3.875005245208740234e-01 1.424993276596069336e-01
3.634678125381469727e-01 5.620251968502998352e-02
1.497342139482498169e-01 6.231162697076797485e-02
5.968373417854309082e-01 4.469972476363182068e-02
6.026644110679626465e-01 1.570412218570709229e-01
3.403006494045257568e-01 1.919627636671066284e-01
8.598500490188598633e-01 9.849996864795684814e-02
8.454579114913940430e-01 8.406128734350204468e-03
1.090543046593666077e-01 5.211386457085609436e-02
6.950383782386779785e-01 3.161005675792694092e-02
3.938347697257995605e-01 1.685524582862854004e-01
9.997148513793945312e-01 1.697079837322235107e-02
2.250236272811889648e-01 1.932952553033828735e-01
2.805241942405700684e-01 1.177027523517608643e-01
4.421063065528869629e-01 1.035479605197906494e-01
2.687151432037353516e-01 1.694701313972473145e-01
6.919933557510375977e-01 5.509524140506982803e-03
4.809081256389617920e-01 1.554305553436279297e-01
2.208788394927978516e-01 2.332080900669097900e-02
5.063740611076354980e-01 1.681556254625320435e-01
8.887877464294433594e-01 1.058352440595626831e-01
7.923956513404846191e-01 1.222588028758764267e-02
4.988289177417755127e-01 1.666490137577056885e-01
2.884925901889801025e-01 5.462823435664176941e-03
1.798864603042602539e-01 2.767413854598999023e-02
8.783828616142272949e-01 1.595648974180221558e-01
7.101669311523437500e-01 9.297422319650650024e-02
5.721632838249206543e-01 1.762777417898178101e-01
8.794346451759338379e-01 1.270858496427536011e-01
1.216902881860733032e-01 1.247057542204856873e-01
6.824892759323120117e-01 5.844702199101448059e-02
2.167123109102249146e-01 2.673610486090183258e-02
1.205774396657943726e-01 1.922344714403152466e-01
4.656085073947906494e-01 2.095953747630119324e-02
3.873929381370544434e-01 1.058021187782287598e-01
9.411736130714416504e-01 5.451371893286705017e-02
3.239795565605163574e-01 5.282813310623168945e-02
8.149022459983825684e-01 1.189172416925430298e-01
7.488269805908203125e-01 1.595868170261383057e-01
6.679238677024841309e-01 1.554358899593353271e-01
9.204005002975463867e-01 1.737603396177291870e-01
4.079245924949645996e-01 5.858054757118225098e-02
3.896711766719818115e-01 9.315027296543121338e-02
1.609474271535873413e-01 1.866914681158959866e-03
2.757620811462402344e-01 1.493715196847915649e-01
8.797764778137207031e-01 6.046862155199050903e-02
4.743821322917938232e-01 1.122987046837806702e-01
3.413533270359039307e-01 3.386005759239196777e-02
2.161120623350143433e-01 1.638799011707305908e-01
4.849602580070495605e-01 1.634544432163238525e-01
7.166653871536254883e-01 1.754905879497528076e-01
2.866920232772827148e-01 9.187399409711360931e-03
7.577165365219116211e-01 1.984917372465133667e-01
6.297878026962280273e-01 4.955588281154632568e-02
7.875625491142272949e-01 6.188673898577690125e-02
2.509096264839172363e-01 4.986714571714401245e-02
6.310281157493591309e-01 5.350653827190399170e-02
1.537352800369262695e-01 1.105322688817977905e-01
3.637969791889190674e-01 4.796211048960685730e-02
7.243601083755493164e-01 7.875426113605499268e-02
6.316683888435363770e-01 1.311213225126266479e-01
1.878607273101806641e-01 1.672052443027496338e-01
8.583426475524902344e-01 1.385482996702194214e-01
5.335098132491111755e-02 1.188645660877227783e-01
5.952156782150268555e-01 2.954571321606636047e-02
9.838204979896545410e-01 1.632231175899505615e-01
5.315047502517700195e-01 7.454977370798587799e-03
8.006718158721923828e-01 5.283833295106887817e-02
5.951809883117675781e-01 1.141178328543901443e-02
7.830883264541625977e-01 1.334857940673828125e-01
6.555941104888916016e-01 7.367421686649322510e-02
6.911320090293884277e-01 1.304097026586532593e-01
2.278111577033996582e-01 6.940618902444839478e-02
7.418209314346313477e-01 9.114814549684524536e-02
2.379098832607269287e-01 9.159220010042190552e-02
9.806402921676635742e-01 9.116130881011486053e-03
2.277871966361999512e-01 8.604530245065689087e-02
2.366840094327926636e-01 1.282128691673278809e-01
8.586730957031250000e-01 1.092104464769363403e-01
2.429858595132827759e-01 1.505675353109836578e-02
3.609027862548828125e-01 1.336112022399902344e-01
7.146401405334472656e-01 6.177255138754844666e-02
1.587485820055007935e-01 2.886960515752434731e-03
1.590717583894729614e-01 3.111911192536354065e-02
4.863584339618682861e-01 9.951192885637283325e-02
2.436967492103576660e-01 6.208033114671707153e-02
2.356579601764678955e-01 1.388766020536422729e-01
9.238921105861663818e-03 4.813069477677345276e-02
3.704496026039123535e-01 1.545592397451400757e-01
3.182505667209625244e-01 5.729543790221214294e-02
3.115581162273883820e-02 1.241727396845817566e-01
6.212331652641296387e-01 1.598432809114456177e-01
6.266551613807678223e-01 7.711122930049896240e-02
7.080046832561492920e-02 9.360988624393939972e-03
3.170415759086608887e-01 1.070891022682189941e-01
8.728055357933044434e-01 1.990818083286285400e-01
5.821670889854431152e-01 1.937983781099319458e-01
4.119747281074523926e-01 4.420443996787071228e-02
4.651019275188446045e-01 1.511393040418624878e-01
2.082799971103668213e-01 6.899036467075347900e-02
8.118814826011657715e-01 3.205449506640434265e-02
9.140046834945678711e-01 1.331829428672790527e-01
9.106640219688415527e-01 1.001737490296363831e-01
2.239343971014022827e-01 1.078461110591888428e-01
3.107402622699737549e-01 1.654785275459289551e-01
1.606227755546569824e-01 6.730873882770538330e-02
3.072011470794677734e-01 1.334189474582672119e-01
3.328053653240203857e-01 7.323829084634780884e-02
6.331057548522949219e-01 8.544779382646083832e-03
1.896463781595230103e-01 7.560302317142486572e-02
9.193969368934631348e-01 1.900068968534469604e-01
1.030994728207588196e-01 9.665249288082122803e-02
6.878010928630828857e-03 2.164608798921108246e-02
8.549451231956481934e-01 1.375653594732284546e-01
7.037698030471801758e-01 1.926758736371994019e-01
3.553598821163177490e-01 1.815890520811080933e-01
5.954996943473815918e-01 1.143921688199043274e-01
2.235441058874130249e-01 7.525614649057388306e-02
1.683896481990814209e-01 1.161355301737785339e-01
4.711491465568542480e-01 1.631862074136734009e-01
3.531878292560577393e-01 1.722474694252014160e-01
6.152300238609313965e-01 1.637687832117080688e-01
1.000000000000000000e+00 6.171875000000000000e-01
1.000000000000000000e+00 7.480468750000000000e-01
1.000000000000000000e+00 6.542968750000000000e-01
0.000000000000000000e+00 9.765625000000000000e-01
0.000000000000000000e+00 2.792968750000000000e-01
1.000000000000000000e+00 6.914062500000000000e-01
1.000000000000000000e+00 3.203125000000000000e-01
0.000000000000000000e+00 2.402343750000000000e-01
0.000000000000000000e+00 3.671875000000000000e-01
0.000000000000000000e+00 8.417968750000000000e-01
1.000000000000000000e+00 1.933593750000000000e-01
0.000000000000000000e+00 5.703125000000000000e-01
1.000000000000000000e+00 8.183593750000000000e-01
1.000000000000000000e+00 7.539062500000000000e-01
0.000000000000000000e+00 7.226562500000000000e-02
1.000000000000000000e+00 9.667968750000000000e-01
0.000000000000000000e+00 2.421875000000000000e-01
0.000000000000000000e+00 2.812500000000000000e-01
1.000000000000000000e+00 8.046875000000000000e-01
1.000000000000000000e+00 3.574218750000000000e-01
0.000000000000000000e+00 9.375000000000000000e-01
1.000000000000000000e+00 1.992187500000000000e-01
1.000000000000000000e+00 5.273437500000000000e-01
1.000000000000000000e+00 5.937500000000000000e-01
0.000000000000000000e+00 6.250000000000000000e-02
0.000000000000000000e+00 8.261718750000000000e-01
0.000000000000000000e+00 8.984375000000000000e-02
0.000000000000000000e+00 6.972656250000000000e-01
0.000000000000000000e+00 1.093750000000000000e-01
0.000000000000000000e+00 4.375000000000000000e-01
0.000000000000000000e+00 7.402343750000000000e-01
1.000000000000000000e+00 1.035156250000000000e-01
0.000000000000000000e+00 3.750000000000000000e-01
0.000000000000000000e+00 3.085937500000000000e-01
0.000000000000000000e+00 1.562500000000000000e-01
0.000000000000000000e+00 2.011718750000000000e-01
0.000000000000000000e+00 2.031250000000000000e-01
1.000000000000000000e+00 7.656250000000000000e-01
0.000000000000000000e+00 9.511718750000000000e-01
1.000000000000000000e+00 8.437500000000000000e-01
1.000000000000000000e+00 3.242187500000000000e-01
1.000000000000000000e+00 8.828125000000000000e-01
1.000000000000000000e+00 1.230468750000000000e-01
0.000000000000000000e+00 5.585937500000000000e-01
0.000000000000000000e+00 9.277343750000000000e-01
1.000000000000000000e+00 2.089843750000000000e-01
0.000000000000000000e+00 5.859375000000000000e-01
0.000000000000000000e+00 3.906250000000000000e-01
0.000000000000000000e+00 3.496093750000000000e-01
1.000000000000000000e+00 9.921875000000000000e-01
1.000000000000000000e+00 5.625000000000000000e-01
1.000000000000000000e+00 1.523437500000000000e-01
0.000000000000000000e+00 4.726562500000000000e-01
0.000000000000000000e+00 7.265625000000000000e-01
0.000000000000000000e+00 6.250000000000000000e-01
0.000000000000000000e+00 2.167968750000000000e-01
0.000000000000000000e+00 5.078125000000000000e-02
0.000000000000000000e+00 7.109375000000000000e-01
1.000000000000000000e+00 7.617187500000000000e-01
1.000000000000000000e+00 1.171875000000000000e-02
1.000000000000000000e+00 5.468750000000000000e-01
0.000000000000000000e+00 1.855468750000000000e-01
1.000000000000000000e+00 8.886718750000000000e-01
1.000000000000000000e+00 2.773437500000000000e-01
1.000000000000000000e+00 8.945312500000000000e-01
1.000000000000000000e+00 5.449218750000000000e-01
1.000000000000000000e+00 1.699218750000000000e-01
1.000000000000000000e+00 9.492187500000000000e-01
1.000000000000000000e+00 8.554687500000000000e-01
0.000000000000000000e+00 2.929687500000000000e-01
1.000000000000000000e+00 1.484375000000000000e-01
0.000000000000000000e+00 4.746093750000000000e-01
1.000000000000000000e+00 6.054687500000000000e-01
0.000000000000000000e+00 5.820312500000000000e-01
0.000000000000000000e+00 3.417968750000000000e-01
1.000000000000000000e+00 1.386718750000000000e-01
0.000000000000000000e+00 5.390625000000000000e-01
0.000000000000000000e+00 5.996093750000000000e-01
1.000000000000000000e+00 6.679687500000000000e-01
0.000000000000000000e+00 4.277343750000000000e-01
1.000000000000000000e+00 6.367187500000000000e-01
0.000000000000000000e+00 7.089843750000000000e-01
1.000000000000000000e+00 6.796875000000000000e-01
0.000000000000000000e+00 3.808593750000000000e-01
0.000000000000000000e+00 4.902343750000000000e-01
0.000000000000000000e+00 1.289062500000000000e-01
1.000000000000000000e+00 1.445312500000000000e-01
1.000000000000000000e+00 7.792968750000000000e-01
0.000000000000000000e+00 4.218750000000000000e-01
0.000000000000000000e+00 4.121093750000000000e-01
0.000000000000000000e+00 7.597656250000000000e-01
0.000000000000000000e+00 8.359375000000000000e-01
0.000000000000000000e+00 3.906250000000000000e-02
1.000000000000000000e+00 4.101562500000000000e-01
1.000000000000000000e+00 5.761718750000000000e-01
1.000000000000000000e+00 6.074218750000000000e-01
1.000000000000000000e+00 3.359375000000000000e-01
0.000000000000000000e+00 7.871093750000000000e-01
1.000000000000000000e+00 4.062500000000000000e-01
1.000000000000000000e+00 8.593750000000000000e-02
1.000000000000000000e+00 9.824218750000000000e-01
0.000000000000000000e+00 3.027343750000000000e-01
1.000000000000000000e+00 3.554687500000000000e-01
0.000000000000000000e+00 3.886718750000000000e-01
1.000000000000000000e+00 9.804687500000000000e-01
0.000000000000000000e+00 4.804687500000000000e-01
1.000000000000000000e+00 2.460937500000000000e-01
0.000000000000000000e+00 9.218750000000000000e-01
1.000000000000000000e+00 1.542968750000000000e-01
0.000000000000000000e+00 4.882812500000000000e-01
0.000000000000000000e+00 9.589843750000000000e-01
0.000000000000000000e+00 9.121093750000000000e-01
0.000000000000000000e+00 6.699218750000000000e-01
0.000000000000000000e+00 9.765625000000000000e-03
1.000000000000000000e+00 6.230468750000000000e-01
1.000000000000000000e+00 5.078125000000000000e-01
0.000000000000000000e+00 9.375000000000000000e-02
0.000000000000000000e+00 5.097656250000000000e-01
0.000000000000000000e+00 5.195312500000000000e-01
0.000000000000000000e+00 6.132812500000000000e-01
0.000000000000000000e+00 6.640625000000000000e-02
0.000000000000000000e+00 8.242187500000000000e-01
1.000000000000000000e+00 9.453125000000000000e-01
1.000000000000000000e+00 4.980468750000000000e-01
1.000000000000000000e+00 5.000000000000000000e-01
1.000000000000000000e+00 3.046875000000000000e-01
0.000000000000000000e+00 5.039062500000000000e-01
0.000000000000000000e+00 4.414062500000000000e-01
1.000000000000000000e+00 8.027343750000000000e-01
0.000000000000000000e+00 2.734375000000000000e-02
0.000000000000000000e+00 9.101562500000000000e-01
1.000000000000000000e+00 1.757812500000000000e-01
0.000000000000000000e+00 9.726562500000000000e-01
0.000000000000000000e+00 5.859375000000000000e-02
0.000000000000000000e+00 2.929687500000000000e-02
0.000000000000000000e+00 3.105468750000000000e-01
1.000000000000000000e+00 9.257812500000000000e-01
1.000000000000000000e+00 8.789062500000000000e-01
1.000000000000000000e+00 1.367187500000000000e-02
1.000000000000000000e+00 7.734375000000000000e-01
1.000000000000000000e+00 5.507812500000000000e-01
1.000000000000000000e+00 4.570312500000000000e-01
0.000000000000000000e+00 3.320312500000000000e-01
0.000000000000000000e+00 8.398437500000000000e-02
1.000000000000000000e+00 1.347656250000000000e-01
1.000000000000000000e+00 7.578125000000000000e-01
0.000000000000000000e+00 5.371093750000000000e-01
1.000000000000000000e+00 6.855468750000000000e-01
1.000000000000000000e+00 5.527343750000000000e-01
0.000000000000000000e+00 9.609375000000000000e-01
1.000000000000000000e+00 3.593750000000000000e-01
0.000000000000000000e+00 8.281250000000000000e-01
0.000000000000000000e+00 9.335937500000000000e-01
0.000000000000000000e+00 4.433593750000000000e-01
1.000000000000000000e+00 1.328125000000000000e-01
0.000000000000000000e+00 5.917968750000000000e-01
1.000000000000000000e+00 8.730468750000000000e-01
0.000000000000000000e+00 4.042968750000000000e-01
0.000000000000000000e+00 5.605468750000000000e-01
0.000000000000000000e+00 9.980468750000000000e-01
0.000000000000000000e+00 7.617187500000000000e-02
1.000000000000000000e+00 2.636718750000000000e-01
0.000000000000000000e+00 2.851562500000000000e-01
1.000000000000000000e+00 6.601562500000000000e-01
0.000000000000000000e+00 7.343750000000000000e-01
1.000000000000000000e+00 2.968750000000000000e-01
0.000000000000000000e+00 6.777343750000000000e-01
1.000000000000000000e+00 9.648437500000000000e-01
0.000000000000000000e+00 7.031250000000000000e-02
0.000000000000000000e+00 7.460937500000000000e-01
0.000000000000000000e+00 1.308593750000000000e-01
0.000000000000000000e+00 9.433593750000000000e-01
0.000000000000000000e+00 3.476562500000000000e-01
0.000000000000000000e+00 6.933593750000000000e-01
0.000000000000000000e+00 3.281250000000000000e-01
1.000000000000000000e+00 9.179687500000000000e-01
0.000000000000000000e+00 8.339843750000000000e-01
1.000000000000000000e+00 9.687500000000000000e-01
0.000000000000000000e+00 9.023437500000000000e-01
0.000000000000000000e+00 6.152343750000000000e-01
1.000000000000000000e+00 3.652343750000000000e-01
1.000000000000000000e+00 3.339843750000000000e-01
0.000000000000000000e+00 3.398437500000000000e-01
1.000000000000000000e+00 3.632812500000000000e-01
1.000000000000000000e+00 7.011718750000000000e-01
1.000000000000000000e+00 7.304687500000000000e-01
1.000000000000000000e+00 4.667968750000000000e-01
1.000000000000000000e+00 8.398437500000000000e-01
1.000000000000000000e+00 5.273437500000000000e-02
1.000000000000000000e+00 8.476562500000000000e-01
1.000000000000000000e+00 7.968750000000000000e-01
1.000000000000000000e+00 9.765625000000000000e-02
0.000000000000000000e+00 7.070312500000000000e-01
0.000000000000000000e+00 9.296875000000000000e-01
0.000000000000000000e+00 7.773437500000000000e-01
0.000000000000000000e+00 3.164062500000000000e-01
0.000000000000000000e+00 2.324218750000000000e-01
1.000000000000000000e+00 5.839843750000000000e-01
0.000000000000000000e+00 4.492187500000000000e-01
0.000000000000000000e+00 7.949218750000000000e-01
0.000000000000000000e+00 7.246093750000000000e-01
1.000000000000000000e+00 8.750000000000000000e-01
0.000000000000000000e+00 7.812500000000000000e-01
1.000000000000000000e+00 8.964843750000000000e-01
1.000000000000000000e+00 8.105468750000000000e-01
0.000000000000000000e+00 8.203125000000000000e-02
0.000000000000000000e+00 5.742187500000000000e-01
1.000000000000000000e+00 8.203125000000000000e-01
1.000000000000000000e+00 1.718750000000000000e-01
0.000000000000000000e+00 2.304687500000000000e-01
1.000000000000000000e+00 4.199218750000000000e-01
0.000000000000000000e+00 1.406250000000000000e-01
1.000000000000000000e+00 8.652343750000000000e-01
1.000000000000000000e+00 6.445312500000000000e-01
1.000000000000000000e+00 5.214843750000000000e-01
1.000000000000000000e+00 1.796875000000000000e-01
0.000000000000000000e+00 9.960937500000000000e-01
0.000000000000000000e+00 6.523437500000000000e-01
1.000000000000000000e+00 4.824218750000000000e-01
0.000000000000000000e+00 8.867187500000000000e-01
1.000000000000000000e+00 8.085937500000000000e-01
0.000000000000000000e+00 3.222656250000000000e-01
0.000000000000000000e+00 7.929687500000000000e-01
0.000000000000000000e+00 7.421875000000000000e-01
1.000000000000000000e+00 2.109375000000000000e-01
1.000000000000000000e+00 6.757812500000000000e-01
0.000000000000000000e+00 6.718750000000000000e-01
1.000000000000000000e+00 5.898437500000000000e-01
0.000000000000000000e+00 4.335937500000000000e-01
0.000000000000000000e+00 9.843750000000000000e-01
0.000000000000000000e+00 6.015625000000000000e-01
0.000000000000000000e+00 3.710937500000000000e-02
0.000000000000000000e+00 5.136718750000000000e-01
0.000000000000000000e+00 4.531250000000000000e-01
0.000000000000000000e+00 4.609375000000000000e-01
0.000000000000000000e+00 2.187500000000000000e-01
0.000000000000000000e+00 7.812500000000000000e-03
1.000000000000000000e+00 1.621093750000000000e-01
1.000000000000000000e+00 3.867187500000000000e-01
1.000000000000000000e+00 4.023437500000000000e-01
1.000000000000000000e+00 7.812500000000000000e-02
1.000000000000000000e+00 1.953125000000000000e-02
0.000000000000000000e+00 9.179687500000000000e-02
1.000000000000000000e+00 1.132812500000000000e-01
1.000000000000000000e+00 1.171875000000000000e-01
0.000000000000000000e+00 9.960937500000000000e-02
0.000000000000000000e+00 4.179687500000000000e-01
0.000000000000000000e+00 6.875000000000000000e-01
1.000000000000000000e+00 3.261718750000000000e-01
0.000000000000000000e+00 9.199218750000000000e-01
1.000000000000000000e+00 1.152343750000000000e-01
0.000000000000000000e+00 8.164062500000000000e-01
1.000000000000000000e+00 5.781250000000000000e-01
1.000000000000000000e+00 7.500000000000000000e-01
0.000000000000000000e+00 7.558593750000000000e-01
0.000000000000000000e+00 3.945312500000000000e-01
1.000000000000000000e+00 4.257812500000000000e-01
1.000000000000000000e+00 9.355468750000000000e-01
0.000000000000000000e+00 6.289062500000000000e-01
0.000000000000000000e+00 7.031250000000000000e-01
1.000000000000000000e+00 5.234375000000000000e-01
1.000000000000000000e+00 2.343750000000000000e-02
1.000000000000000000e+00 1.210937500000000000e-01
1.000000000000000000e+00 4.140625000000000000e-01
1.000000000000000000e+00 9.472656250000000000e-01
0.000000000000000000e+00 6.210937500000000000e-01
1.000000000000000000e+00 8.515625000000000000e-01
0.000000000000000000e+00 3.906250000000000000e-03
1.000000000000000000e+00 8.007812500000000000e-01
0.000000000000000000e+00 3.847656250000000000e-01
0.000000000000000000e+00 2.070312500000000000e-01
1.000000000000000000e+00 1.015625000000000000e-01
0.000000000000000000e+00 4.296875000000000000e-01
1.000000000000000000e+00 2.148437500000000000e-01
0.000000000000000000e+00 7.226562500000000000e-01
0.000000000000000000e+00 5.058593750000000000e-01
0.000000000000000000e+00 2.890625000000000000e-01
0.000000000000000000e+00 8.710937500000000000e-01
1.000000000000000000e+00 2.734375000000000000e-01
0.000000000000000000e+00 4.648437500000000000e-01
0.000000000000000000e+00 9.062500000000000000e-01
0.000000000000000000e+00 5.351562500000000000e-01
0.000000000000000000e+00 6.562500000000000000e-01
1.000000000000000000e+00 2.343750000000000000e-01
1.000000000000000000e+00 6.386718750000000000e-01
0.000000000000000000e+00 1.835937500000000000e-01
1.000000000000000000e+00 3.789062500000000000e-01
1.000000000000000000e+00 2.500000000000000000e-01
1.000000000000000000e+00 7.187500000000000000e-01
0.000000000000000000e+00 6.992187500000000000e-01
1.000000000000000000e+00 9.746093750000000000e-01
1.000000000000000000e+00 5.976562500000000000e-01
0.000000000000000000e+00 6.464843750000000000e-01
1.000000000000000000e+00 3.828125000000000000e-01
0.000000000000000000e+00 2.382812500000000000e-01
0.000000000000000000e+00 8.222656250000000000e-01
0.000000000000000000e+00 2.148437500000000000e-02
1.000000000000000000e+00 2.656250000000000000e-01
0.000000000000000000e+00 5.156250000000000000e-01
1.000000000000000000e+00 9.882812500000000000e-01
0.000000000000000000e+00 3.515625000000000000e-02
0.000000000000000000e+00 7.714843750000000000e-01
0.000000000000000000e+00 3.964843750000000000e-01
0.000000000000000000e+00 4.589843750000000000e-01
0.000000000000000000e+00 6.054687500000000000e-02
0.000000000000000000e+00 5.468750000000000000e-02
1.000000000000000000e+00 1.601562500000000000e-01
1.000000000000000000e+00 3.437500000000000000e-01
0.000000000000000000e+00 4.765625000000000000e-01
0.000000000000000000e+00 4.492187500000000000e-02
0.000000000000000000e+00 6.621093750000000000e-01
1.000000000000000000e+00 2.597656250000000000e-01
0.000000000000000000e+00 1.953125000000000000e-01
1.000000000000000000e+00 8.847656250000000000e-01
0.000000000000000000e+00 5.117187500000000000e-01
1.000000000000000000e+00 2.558593750000000000e-01
1.000000000000000000e+00 7.636718750000000000e-01
1.000000000000000000e+00 7.890625000000000000e-01
0.000000000000000000e+00 4.511718750000000000e-01
1.000000000000000000e+00 1.054687500000000000e-01
1.000000000000000000e+00 2.480468750000000000e-01
1.000000000000000000e+00 8.125000000000000000e-01
1.000000000000000000e+00 3.125000000000000000e-01
0.000000000000000000e+00 8.496093750000000000e-01
0.000000000000000000e+00 7.167968750000000000e-01
1.000000000000000000e+00 1.640625000000000000e-01
1.000000000000000000e+00 5.664062500000000000e-01
1.000000000000000000e+00 3.710937500000000000e-01
0.000000000000000000e+00 5.429687500000000000e-01
0.000000000000000000e+00 2.949218750000000000e-01
0.000000000000000000e+00 6.953125000000000000e-01
1.000000000000000000e+00 1.914062500000000000e-01
1.000000000000000000e+00 8.593750000000000000e-01
0.000000000000000000e+00 3.515625000000000000e-01
1.000000000000000000e+00 8.671875000000000000e-01
0.000000000000000000e+00 7.851562500000000000e-01
0.000000000000000000e+00 7.421875000000000000e-02
1.000000000000000000e+00 6.640625000000000000e-01
1.000000000000000000e+00 4.843750000000000000e-01
1.000000000000000000e+00 1.367187500000000000e-01
0.000000000000000000e+00 5.292968750000000000e-01
1.000000000000000000e+00 6.484375000000000000e-01
1.000000000000000000e+00 2.695312500000000000e-01
0.000000000000000000e+00 4.296875000000000000e-02
0.000000000000000000e+00 1.972656250000000000e-01
1.000000000000000000e+00 4.960937500000000000e-01
1.000000000000000000e+00 3.125000000000000000e-02
1.000000000000000000e+00 2.617187500000000000e-01
1.000000000000000000e+00 8.808593750000000000e-01
0.000000000000000000e+00 1.074218750000000000e-01
0.000000000000000000e+00 7.324218750000000000e-01
0.000000000000000000e+00 6.835937500000000000e-01
1.000000000000000000e+00 3.984375000000000000e-01
1.000000000000000000e+00 2.871093750000000000e-01
1.000000000000000000e+00 8.632812500000000000e-01
0.000000000000000000e+00 5.683593750000000000e-01
1.000000000000000000e+00 9.531250000000000000e-01
1.000000000000000000e+00 4.921875000000000000e-01
1.000000000000000000e+00 3.730468750000000000e-01
1.000000000000000000e+00 8.574218750000000000e-01
1.000000000000000000e+00 1.250000000000000000e-01
0.000000000000000000e+00 4.472656250000000000e-01
0.000000000000000000e+00 2.226562500000000000e-01
0.000000000000000000e+00 4.355468750000000000e-01
0.000000000000000000e+00 1.777343750000000000e-01
1.000000000000000000e+00 7.695312500000000000e-01
1.000000000000000000e+00 6.093750000000000000e-01
0.000000000000000000e+00 8.320312500000000000e-01
0.000000000000000000e+00 4.687500000000000000e-02
1.000000000000000000e+00 9.042968750000000000e-01
0.000000000000000000e+00 9.414062500000000000e-01
1.000000000000000000e+00 9.902343750000000000e-01
1.000000000000000000e+00 6.328125000000000000e-01
1.000000000000000000e+00 2.246093750000000000e-01
1.000000000000000000e+00 8.984375000000000000e-01
1.000000000000000000e+00 2.714843750000000000e-01
0.000000000000000000e+00 7.382812500000000000e-01
1.000000000000000000e+00 2.265625000000000000e-01
1.000000000000000000e+00 2.539062500000000000e-01
1.000000000000000000e+00 9.140625000000000000e-01
1.000000000000000000e+00 5.546875000000000000e-01
1.000000000000000000e+00 4.453125000000000000e-01
1.000000000000000000e+00 6.406250000000000000e-01
1.000000000000000000e+00 5.859375000000000000e-03
1.000000000000000000e+00 5.722656250000000000e-01
1.000000000000000000e+00 1.562500000000000000e-02
1.000000000000000000e+00 1.464843750000000000e-01
0.000000000000000000e+00 2.578125000000000000e-01
1.000000000000000000e+00 1.679687500000000000e-01
0.000000000000000000e+00 6.835937500000000000e-02
1.000000000000000000e+00 3.007812500000000000e-01
1.000000000000000000e+00 3.183593750000000000e-01
1.000000000000000000e+00 8.906250000000000000e-01
1.000000000000000000e+00 6.347656250000000000e-01
0.000000000000000000e+00 4.687500000000000000e-01
1.000000000000000000e+00 1.875000000000000000e-01
0.000000000000000000e+00 9.570312500000000000e-01
1.000000000000000000e+00 6.308593750000000000e-01
1.000000000000000000e+00 5.312500000000000000e-01
1.000000000000000000e+00 7.148437500000000000e-01
5.000000000000000000e-01 5.000000000000000000e-01
7.500000000000000000e-01 2.500000000000000000e-01
2.500000000000000000e-01 7.500000000000000000e-01
3.750000000000000000e-01 3.750000000000000000e-01
8.750000000000000000e-01 8.750000000000000000e-01
6.250000000000000000e-01 1.250000000000000000e-01
1.250000000000000000e-01 6.250000000000000000e-01
1.875000000000000000e-01 3.125000000000000000e-01
6.875000000000000000e-01 8.125000000000000000e-01
9.375000000000000000e-01 6.250000000000000000e-02
4.375000000000000000e-01 5.625000000000000000e-01
3.125000000000000000e-01 1.875000000000000000e-01
8.125000000000000000e-01 6.875000000000000000e-01
5.625000000000000000e-01 4.375000000000000000e-01
6.250000000000000000e-02 9.375000000000000000e-01
9.375000000000000000e-02 4.687500000000000000e-01
5.937500000000000000e-01 9.687500000000000000e-01
8.437500000000000000e-01 2.187500000000000000e-01
3.437500000000000000e-01 7.187500000000000000e-01
4.687500000000000000e-01 9.375000000000000000e-02
9.687500000000000000e-01 5.937500000000000000e-01
7.187500000000000000e-01 3.437500000000000000e-01
2.187500000000000000e-01 8.437500000000000000e-01
1.562500000000000000e-01 1.562500000000000000e-01
6.562500000000000000e-01 6.562500000000000000e-01
9.062500000000000000e-01 4.062500000000000000e-01
4.062500000000000000e-01 9.062500000000000000e-01
2.812500000000000000e-01 2.812500000000000000e-01
7.812500000000000000e-01 7.812500000000000000e-01
5.312500000000000000e-01 3.125000000000000000e-02
3.125000000000000000e-02 5.312500000000000000e-01
4.687500000000000000e-02 2.656250000000000000e-01
5.468750000000000000e-01 7.656250000000000000e-01
7.968750000000000000e-01 1.562500000000000000e-02
2.968750000000000000e-01 5.156250000000000000e-01
4.218750000000000000e-01 1.406250000000000000e-01
9.218750000000000000e-01 6.406250000000000000e-01
6.718750000000000000e-01 3.906250000000000000e-01
1.718750000000000000e-01 8.906250000000000000e-01
2.343750000000000000e-01 7.812500000000000000e-02
7.343750000000000000e-01 5.781250000000000000e-01
9.843750000000000000e-01 3.281250000000000000e-01
4.843750000000000000e-01 8.281250000000000000e-01
3.593750000000000000e-01 4.531250000000000000e-01
8.593750000000000000e-01 9.531250000000000000e-01
6.093750000000000000e-01 2.031250000000000000e-01
1.093750000000000000e-01 7.031250000000000000e-01
7.812500000000000000e-02 2.343750000000000000e-01
5.781250000000000000e-01 7.343750000000000000e-01
8.281250000000000000e-01 4.843750000000000000e-01
3.281250000000000000e-01 9.843750000000000000e-01
4.531250000000000000e-01 3.593750000000000000e-01
9.531250000000000000e-01 8.593750000000000000e-01
7.031250000000000000e-01 1.093750000000000000e-01
2.031250000000000000e-01 6.093750000000000000e-01
1.406250000000000000e-01 4.218750000000000000e-01
6.406250000000000000e-01 9.218750000000000000e-01
8.906250000000000000e-01 1.718750000000000000e-01
3.906250000000000000e-01 6.718750000000000000e-01
2.656250000000000000e-01 4.687500000000000000e-02
7.656250000000000000e-01 5.468750000000000000e-01
5.156250000000000000e-01 2.968750000000000000e-01
1.562500000000000000e-02 7.968750000000000000e-01
2.343750000000000000e-02 3.984375000000000000e-01
5.234375000000000000e-01 8.984375000000000000e-01
7.734375000000000000e-01 1.484375000000000000e-01
2.734375000000000000e-01 6.484375000000000000e-01
3.984375000000000000e-01 2.343750000000000000e-02
8.984375000000000000e-01 5.234375000000000000e-01
6.484375000000000000e-01 2.734375000000000000e-01
1.484375000000000000e-01 7.734375000000000000e-01
2.109375000000000000e-01 2.109375000000000000e-01
7.109375000000000000e-01 7.109375000000000000e-01
9.609375000000000000e-01 4.609375000000000000e-01
4.609375000000000000e-01 9.609375000000000000e-01
3.359375000000000000e-01 3.359375000000000000e-01
8.359375000000000000e-01 8.359375000000000000e-01
5.859375000000000000e-01 8.593750000000000000e-02
8.593750000000000000e-02 5.859375000000000000e-01
1.171875000000000000e-01 1.171875000000000000e-01
6.171875000000000000e-01 6.171875000000000000e-01
8.671875000000000000e-01 3.671875000000000000e-01
3.671875000000000000e-01 8.671875000000000000e-01
4.921875000000000000e-01 4.921875000000000000e-01
9.921875000000000000e-01 9.921875000000000000e-01
7.421875000000000000e-01 2.421875000000000000e-01
2.421875000000000000e-01 7.421875000000000000e-01
1.796875000000000000e-01 3.046875000000000000e-01
6.796875000000000000e-01 8.046875000000000000e-01
9.296875000000000000e-01 5.468750000000000000e-02
4.296875000000000000e-01 5.546875000000000000e-01
3.046875000000000000e-01 1.796875000000000000e-01
8.046875000000000000e-01 6.796875000000000000e-01
5.546875000000000000e-01 4.296875000000000000e-01
5.468750000000000000e-02 9.296875000000000000e-01
3.906250000000000000e-02 1.328125000000000000e-01
5.390625000000000000e-01 6.328125000000000000e-01
7.890625000000000000e-01 3.828125000000000000e-01
2.890625000000000000e-01 8.828125000000000000e-01
4.140625000000000000e-01 2.578125000000000000e-01
9.140625000000000000e-01 7.578125000000000000e-01
6.640625000000000000e-01 7.812500000000000000e-03
1.640625000000000000e-01 5.078125000000000000e-01
2.265625000000000000e-01 4.453125000000000000e-01
7.265625000000000000e-01 9.453125000000000000e-01
9.765625000000000000e-01 1.953125000000000000e-01
4.765625000000000000e-01 6.953125000000000000e-01
3.515625000000000000e-01 7.031250000000000000e-02
8.515625000000000000e-01 5.703125000000000000e-01
6.015625000000000000e-01 3.203125000000000000e-01
1.015625000000000000e-01 8.203125000000000000e-01
7.031250000000000000e-02 3.515625000000000000e-01
5.703125000000000000e-01 8.515625000000000000e-01
8.203125000000000000e-01 1.015625000000000000e-01
3.203125000000000000e-01 6.015625000000000000e-01
4.453125000000000000e-01 2.265625000000000000e-01
9.453125000000000000e-01 7.265625000000000000e-01
6.953125000000000000e-01 4.765625000000000000e-01
1.953125000000000000e-01 9.765625000000000000e-01
1.328125000000000000e-01 3.906250000000000000e-02
6.328125000000000000e-01 5.390625000000000000e-01
8.828125000000000000e-01 2.890625000000000000e-01
3.828125000000000000e-01 7.890625000000000000e-01
2.578125000000000000e-01 4.140625000000000000e-01
7.578125000000000000e-01 9.140625000000000000e-01
5.078125000000000000e-01 1.640625000000000000e-01
7.812500000000000000e-03 6.640625000000000000e-01
1.171875000000000000e-02 3.320312500000000000e-01
5.117187500000000000e-01 8.320312500000000000e-01
7.617187500000000000e-01 8.203125000000000000e-02
2.617187500000000000e-01 5.820312500000000000e-01
3.867187500000000000e-01 2.070312500000000000e-01
8.867187500000000000e-01 7.070312500000000000e-01
6.367187500000000000e-01 4.570312500000000000e-01
1.367187500000000000e-01 9.570312500000000000e-01
1.992187500000000000e-01 1.953125000000000000e-02
6.992187500000000000e-01 5.195312500000000000e-01
9.492187500000000000e-01 2.695312500000000000e-01
4.492187500000000000e-01 7.695312500000000000e-01
3.242187500000000000e-01 3.945312500000000000e-01
8.242187500000000000e-01 8.945312500000000000e-01
5.742187500000000000e-01 1.445312500000000000e-01
7.421875000000000000e-02 6.445312500000000000e-01
1.054687500000000000e-01 1.757812500000000000e-01
6.054687500000000000e-01 6.757812500000000000e-01
8.554687500000000000e-01 4.257812500000000000e-01
3.554687500000000000e-01 9.257812500000000000e-01
4.804687500000000000e-01 3.007812500000000000e-01
9.804687500000000000e-01 8.007812500000000000e-01
7.304687500000000000e-01 5.078125000000000000e-02
2.304687500000000000e-01 5.507812500000000000e-01
1.679687500000000000e-01 4.882812500000000000e-01
6.679687500000000000e-01 9.882812500000000000e-01
9.179687500000000000e-01 2.382812500000000000e-01
4.179687500000000000e-01 7.382812500000000000e-01
2.929687500000000000e-01 1.132812500000000000e-01
7.929687500000000000e-01 6.132812500000000000e-01
5.429687500000000000e-01 3.632812500000000000e-01
4.296875000000000000e-02 8.632812500000000000e-01
5.859375000000000000e-02 6.640625000000000000e-02
5.585937500000000000e-01 5.664062500000000000e-01
8.085937500000000000e-01 3.164062500000000000e-01
3.085937500000000000e-01 8.164062500000000000e-01
4.335937500000000000e-01 4.414062500000000000e-01
9.335937500000000000e-01 9.414062500000000000e-01
6.835937500000000000e-01 1.914062500000000000e-01
1.835937500000000000e-01 6.914062500000000000e-01
2.460937500000000000e-01 2.539062500000000000e-01
7.460937500000000000e-01 7.539062500000000000e-01
9.960937500000000000e-01 3.906250000000000000e-03
4.960937500000000000e-01 5.039062500000000000e-01
3.710937500000000000e-01 1.289062500000000000e-01
8.710937500000000000e-01 6.289062500000000000e-01
6.210937500000000000e-01 3.789062500000000000e-01
1.210937500000000000e-01 8.789062500000000000e-01
8.984375000000000000e-02 4.101562500000000000e-01
5.898437500000000000e-01 9.101562500000000000e-01
8.398437500000000000e-01 1.601562500000000000e-01
3.398437500000000000e-01 6.601562500000000000e-01
4.648437500000000000e-01 3.515625000000000000e-02
9.648437500000000000e-01 5.351562500000000000e-01
7.148437500000000000e-01 2.851562500000000000e-01
2.148437500000000000e-01 7.851562500000000000e-01
1.523437500000000000e-01 2.226562500000000000e-01
6.523437500000000000e-01 7.226562500000000000e-01
9.023437500000000000e-01 4.726562500000000000e-01
4.023437500000000000e-01 9.726562500000000000e-01
2.773437500000000000e-01 3.476562500000000000e-01
7.773437500000000000e-01 8.476562500000000000e-01
5.273437500000000000e-01 9.765625000000000000e-02
2.734375000000000000e-02 5.976562500000000000e-01
1.953125000000000000e-02 1.992187500000000000e-01
5.195312500000000000e-01 6.992187500000000000e-01
7.695312500000000000e-01 4.492187500000000000e-01
2.695312500000000000e-01 9.492187500000000000e-01
3.945312500000000000e-01 3.242187500000000000e-01
8.945312500000000000e-01 8.242187500000000000e-01
6.445312500000000000e-01 7.421875000000000000e-02
1.445312500000000000e-01 5.742187500000000000e-01
2.070312500000000000e-01 3.867187500000000000e-01
7.070312500000000000e-01 8.867187500000000000e-01
9.570312500000000000e-01 1.367187500000000000e-01
4.570312500000000000e-01 6.367187500000000000e-01
3.320312500000000000e-01 1.171875000000000000e-02
8.320312500000000000e-01 5.117187500000000000e-01
5.820312500000000000e-01 2.617187500000000000e-01
8.203125000000000000e-02 7.617187500000000000e-01
1.132812500000000000e-01 2.929687500000000000e-01
6.132812500000000000e-01 7.929687500000000000e-01
8.632812500000000000e-01 4.296875000000000000e-02
3.632812500000000000e-01 5.429687500000000000e-01
4.882812500000000000e-01 1.679687500000000000e-01
9.882812500000000000e-01 6.679687500000000000e-01
7.382812500000000000e-01 4.179687500000000000e-01
2.382812500000000000e-01 9.179687500000000000e-01
1.757812500000000000e-01 1.054687500000000000e-01
6.757812500000000000e-01 6.054687500000000000e-01
9.257812500000000000e-01 3.554687500000000000e-01
4.257812500000000000e-01 8.554687500000000000e-01
3.007812500000000000e-01 4.804687500000000000e-01
8.007812500000000000e-01 9.804687500000000000e-01
5.507812500000000000e-01 2.304687500000000000e-01
5.078125000000000000e-02 7.304687500000000000e-01
3.515625000000000000e-02 4.648437500000000000e-01
5.351562500000000000e-01 9.648437500000000000e-01
7.851562500000000000e-01 2.148437500000000000e-01
2.851562500000000000e-01 7.148437500000000000e-01
4.101562500000000000e-01 8.984375000000000000e-02
9.101562500000000000e-01 5.898437500000000000e-01
6.601562500000000000e-01 3.398437500000000000e-01
1.601562500000000000e-01 8.398437500000000000e-01
2.226562500000000000e-01 1.523437500000000000e-01
7.226562500000000000e-01 6.523437500000000000e-01
9.726562500000000000e-01 4.023437500000000000e-01
4.726562500000000000e-01 9.023437500000000000e-01
3.476562500000000000e-01 2.773437500000000000e-01
8.476562500000000000e-01 7.773437500000000000e-01
5.976562500000000000e-01 2.734375000000000000e-02
9.765625000000000000e-02 5.273437500000000000e-01
6.640625000000000000e-02 5.859375000000000000e-02
5.664062500000000000e-01 5.585937500000000000e-01
8.164062500000000000e-01 3.085937500000000000e-01
3.164062500000000000e-01 8.085937500000000000e-01
4.414062500000000000e-01 4.335937500000000000e-01
9.414062500000000000e-01 9.335937500000000000e-01
6.914062500000000000e-01 1.835937500000000000e-01
1.914062500000000000e-01 6.835937500000000000e-01
1.289062500000000000e-01 3.710937500000000000e-01
6.289062500000000000e-01 8.710937500000000000e-01
8.789062500000000000e-01 1.210937500000000000e-01
3.789062500000000000e-01 6.210937500000000000e-01
2.539062500000000000e-01 2.460937500000000000e-01
7.539062500000000000e-01 7.460937500000000000e-01
5.039062500000000000e-01 4.960937500000000000e-01
3.906250000000000000e-03 9.960937500000000000e-01
5.859375000000000000e-03 4.980468750000000000e-01
5.058593750000000000e-01 9.980468750000000000e-01
7.558593750000000000e-01 2.480468750000000000e-01
2.558593750000000000e-01 7.480468750000000000e-01
3.808593750000000000e-01 1.230468750000000000e-01
8.808593750000000000e-01 6.230468750000000000e-01
6.308593750000000000e-01 3.730468750000000000e-01
1.308593750000000000e-01 8.730468750000000000e-01
1.933593750000000000e-01 1.855468750000000000e-01
6.933593750000000000e-01 6.855468750000000000e-01
9.433593750000000000e-01 4.355468750000000000e-01
4.433593750000000000e-01 9.355468750000000000e-01
3.183593750000000000e-01 3.105468750000000000e-01
8.183593750000000000e-01 8.105468750000000000e-01
5.683593750000000000e-01 6.054687500000000000e-02
6.835937500000000000e-02 5.605468750000000000e-01
9.960937500000000000e-02 2.929687500000000000e-02
5.996093750000000000e-01 5.292968750000000000e-01
8.496093750000000000e-01 2.792968750000000000e-01
3.496093750000000000e-01 7.792968750000000000e-01
4.746093750000000000e-01 4.042968750000000000e-01
9.746093750000000000e-01 9.042968750000000000e-01
7.246093750000000000e-01 1.542968750000000000e-01
2.246093750000000000e-01 6.542968750000000000e-01
1.621093750000000000e-01 3.417968750000000000e-01
6.621093750000000000e-01 8.417968750000000000e-01
9.121093750000000000e-01 9.179687500000000000e-02
4.121093750000000000e-01 5.917968750000000000e-01
2.871093750000000000e-01 2.167968750000000000e-01
7.871093750000000000e-01 7.167968750000000000e-01
5.371093750000000000e-01 4.667968750000000000e-01
3.710937500000000000e-02 9.667968750000000000e-01
5.273437500000000000e-02 2.324218750000000000e-01
5.527343750000000000e-01 7.324218750000000000e-01
8.027343750000000000e-01 4.824218750000000000e-01
3.027343750000000000e-01 9.824218750000000000e-01
4.277343750000000000e-01 3.574218750000000000e-01
9.277343750000000000e-01 8.574218750000000000e-01
6.777343750000000000e-01 1.074218750000000000e-01
1.777343750000000000e-01 6.074218750000000000e-01
2.402343750000000000e-01 4.199218750000000000e-01
7.402343750000000000e-01 9.199218750000000000e-01
9.902343750000000000e-01 1.699218750000000000e-01
4.902343750000000000e-01 6.699218750000000000e-01
3.652343750000000000e-01 4.492187500000000000e-02
8.652343750000000000e-01 5.449218750000000000e-01
6.152343750000000000e-01 2.949218750000000000e-01
1.152343750000000000e-01 7.949218750000000000e-01
8.398437500000000000e-02 2.636718750000000000e-01
5.839843750000000000e-01 7.636718750000000000e-01
8.339843750000000000e-01 1.367187500000000000e-02
3.339843750000000000e-01 5.136718750000000000e-01
4.589843750000000000e-01 1.386718750000000000e-01
9.589843750000000000e-01 6.386718750000000000e-01
7.089843750000000000e-01 3.886718750000000000e-01
2.089843750000000000e-01 8.886718750000000000e-01
1.464843750000000000e-01 7.617187500000000000e-02
6.464843750000000000e-01 5.761718750000000000e-01
8.964843750000000000e-01 3.261718750000000000e-01
3.964843750000000000e-01 8.261718750000000000e-01
2.714843750000000000e-01 4.511718750000000000e-01
7.714843750000000000e-01 9.511718750000000000e-01
5.214843750000000000e-01 2.011718750000000000e-01
2.148437500000000000e-02 7.011718750000000000e-01
2.929687500000000000e-02 9.960937500000000000e-02
5.292968750000000000e-01 5.996093750000000000e-01
7.792968750000000000e-01 3.496093750000000000e-01
2.792968750000000000e-01 8.496093750000000000e-01
4.042968750000000000e-01 4.746093750000000000e-01
9.042968750000000000e-01 9.746093750000000000e-01
6.542968750000000000e-01 2.246093750000000000e-01
1.542968750000000000e-01 7.246093750000000000e-01
2.167968750000000000e-01 2.871093750000000000e-01
7.167968750000000000e-01 7.871093750000000000e-01
9.667968750000000000e-01 3.710937500000000000e-02
4.667968750000000000e-01 5.371093750000000000e-01
3.417968750000000000e-01 1.621093750000000000e-01
8.417968750000000000e-01 6.621093750000000000e-01
5.917968750000000000e-01 4.121093750000000000e-01
9.179687500000000000e-02 9.121093750000000000e-01
1.230468750000000000e-01 3.808593750000000000e-01
6.230468750000000000e-01 8.808593750000000000e-01
8.730468750000000000e-01 1.308593750000000000e-01
3.730468750000000000e-01 6.308593750000000000e-01
4.980468750000000000e-01 5.859375000000000000e-03
9.980468750000000000e-01 5.058593750000000000e-01
7.480468750000000000e-01 2.558593750000000000e-01
2.480468750000000000e-01 7.558593750000000000e-01
1.855468750000000000e-01 1.933593750000000000e-01
6.855468750000000000e-01 6.933593750000000000e-01
9.355468750000000000e-01 4.433593750000000000e-01
4.355468750000000000e-01 9.433593750000000000e-01
3.105468750000000000e-01 3.183593750000000000e-01
8.105468750000000000e-01 8.183593750000000000e-01
5.605468750000000000e-01 6.835937500000000000e-02
6.054687500000000000e-02 5.683593750000000000e-01
4.492187500000000000e-02 3.652343750000000000e-01
5.449218750000000000e-01 8.652343750000000000e-01
7.949218750000000000e-01 1.152343750000000000e-01
2.949218750000000000e-01 6.152343750000000000e-01
4.199218750000000000e-01 2.402343750000000000e-01
9.199218750000000000e-01 7.402343750000000000e-01
6.699218750000000000e-01 4.902343750000000000e-01
1.699218750000000000e-01 9.902343750000000000e-01
2.324218750000000000e-01 5.273437500000000000e-02
7.324218750000000000e-01 5.527343750000000000e-01
9.824218750000000000e-01 3.027343750000000000e-01
4.824218750000000000e-01 8.027343750000000000e-01
3.574218750000000000e-01 4.277343750000000000e-01
8.574218750000000000e-01 9.277343750000000000e-01
6.074218750000000000e-01 1.777343750000000000e-01
1.074218750000000000e-01 6.777343750000000000e-01
7.617187500000000000e-02 1.464843750000000000e-01
5.761718750000000000e-01 6.464843750000000000e-01
8.261718750000000000e-01 3.964843750000000000e-01
3.261718750000000000e-01 8.964843750000000000e-01
4.511718750000000000e-01 2.714843750000000000e-01
9.511718750000000000e-01 7.714843750000000000e-01
7.011718750000000000e-01 2.148437500000000000e-02
2.011718750000000000e-01 5.214843750000000000e-01
1.386718750000000000e-01 4.589843750000000000e-01
6.386718750000000000e-01 9.589843750000000000e-01
8.886718750000000000e-01 2.089843750000000000e-01
3.886718750000000000e-01 7.089843750000000000e-01
2.636718750000000000e-01 8.398437500000000000e-02
7.636718750000000000e-01 5.839843750000000000e-01
5.136718750000000000e-01 3.339843750000000000e-01
1.367187500000000000e-02 8.339843750000000000e-01
9.765625000000000000e-03 1.660156250000000000e-01
5.097656250000000000e-01 6.660156250000000000e-01
7.597656250000000000e-01 4.160156250000000000e-01
2.597656250000000000e-01 9.160156250000000000e-01
3.847656250000000000e-01 2.910156250000000000e-01
8.847656250000000000e-01 7.910156250000000000e-01
6.347656250000000000e-01 4.101562500000000000e-02
1.347656250000000000e-01 5.410156250000000000e-01
1.972656250000000000e-01 4.785156250000000000e-01
6.972656250000000000e-01 9.785156250000000000e-01
9.472656250000000000e-01 2.285156250000000000e-01
4.472656250000000000e-01 7.285156250000000000e-01
3.222656250000000000e-01 1.035156250000000000e-01
8.222656250000000000e-01 6.035156250000000000e-01
5.722656250000000000e-01 3.535156250000000000e-01
7.226562500000000000e-02 8.535156250000000000e-01
1.035156250000000000e-01 3.222656250000000000e-01
6.035156250000000000e-01 8.222656250000000000e-01
8.535156250000000000e-01 7.226562500000000000e-02
3.535156250000000000e-01 5.722656250000000000e-01
4.785156250000000000e-01 1.972656250000000000e-01
9.785156250000000000e-01 6.972656250000000000e-01
7.285156250000000000e-01 4.472656250000000000e-01
2.285156250000000000e-01 9.472656250000000000e-01
1.660156250000000000e-01 9.765625000000000000e-03
6.660156250000000000e-01 5.097656250000000000e-01
9.160156250000000000e-01 2.597656250000000000e-01
4.160156250000000000e-01 7.597656250000000000e-01
2.910156250000000000e-01 3.847656250000000000e-01
7.910156250000000000e-01 8.847656250000000000e-01
5.410156250000000000e-01 1.347656250000000000e-01
4.101562500000000000e-02 6.347656250000000000e-01
5.664062500000000000e-02 4.316406250000000000e-01
5.566406250000000000e-01 9.316406250000000000e-01
8.066406250000000000e-01 1.816406250000000000e-01
3.066406250000000000e-01 6.816406250000000000e-01
4.316406250000000000e-01 5.664062500000000000e-02
9.316406250000000000e-01 5.566406250000000000e-01
6.816406250000000000e-01 3.066406250000000000e-01
1.816406250000000000e-01 8.066406250000000000e-01
2.441406250000000000e-01 2.441406250000000000e-01
7.441406250000000000e-01 7.441406250000000000e-01
9.941406250000000000e-01 4.941406250000000000e-01
4.941406250000000000e-01 9.941406250000000000e-01
3.691406250000000000e-01 3.691406250000000000e-01
8.691406250000000000e-01 8.691406250000000000e-01
6.191406250000000000e-01 1.191406250000000000e-01
1.191406250000000000e-01 6.191406250000000000e-01
8.789062500000000000e-02 8.789062500000000000e-02
5.878906250000000000e-01 5.878906250000000000e-01
8.378906250000000000e-01 3.378906250000000000e-01
3.378906250000000000e-01 8.378906250000000000e-01
4.628906250000000000e-01 4.628906250000000000e-01
9.628906250000000000e-01 9.628906250000000000e-01
7.128906250000000000e-01 2.128906250000000000e-01
2.128906250000000000e-01 7.128906250000000000e-01
1.503906250000000000e-01 2.753906250000000000e-01
6.503906250000000000e-01 7.753906250000000000e-01
9.003906250000000000e-01 2.539062500000000000e-02
4.003906250000000000e-01 5.253906250000000000e-01
2.753906250000000000e-01 1.503906250000000000e-01
7.753906250000000000e-01 6.503906250000000000e-01
5.253906250000000000e-01 4.003906250000000000e-01
2.539062500000000000e-02 9.003906250000000000e-01
1.757812500000000000e-02 2.988281250000000000e-01
5.175781250000000000e-01 7.988281250000000000e-01
7.675781250000000000e-01 4.882812500000000000e-02
2.675781250000000000e-01 5.488281250000000000e-01
3.925781250000000000e-01 1.738281250000000000e-01
8.925781250000000000e-01 6.738281250000000000e-01
6.425781250000000000e-01 4.238281250000000000e-01
1.425781250000000000e-01 9.238281250000000000e-01
2.050781250000000000e-01 1.113281250000000000e-01
7.050781250000000000e-01 6.113281250000000000e-01
9.550781250000000000e-01 3.613281250000000000e-01
4.550781250000000000e-01 8.613281250000000000e-01
3.300781250000000000e-01 4.863281250000000000e-01
8.300781250000000000e-01 9.863281250000000000e-01
5.800781250000000000e-01 2.363281250000000000e-01
8.007812500000000000e-02 7.363281250000000000e-01
1.113281250000000000e-01 2.050781250000000000e-01
6.113281250000000000e-01 7.050781250000000000e-01
8.613281250000000000e-01 4.550781250000000000e-01
3.613281250000000000e-01 9.550781250000000000e-01
4.863281250000000000e-01 3.300781250000000000e-01
9.863281250000000000e-01 8.300781250000000000e-01
7.363281250000000000e-01 8.007812500000000000e-02
2.363281250000000000e-01 5.800781250000000000e-01
1.738281250000000000e-01 3.925781250000000000e-01
6.738281250000000000e-01 8.925781250000000000e-01
9.238281250000000000e-01 1.425781250000000000e-01
4.238281250000000000e-01 6.425781250000000000e-01
2.988281250000000000e-01 1.757812500000000000e-02
7.988281250000000000e-01 5.175781250000000000e-01
5.488281250000000000e-01 2.675781250000000000e-01
4.882812500000000000e-02 7.675781250000000000e-01
3.320312500000000000e-02 3.320312500000000000e-02
5.332031250000000000e-01 5.332031250000000000e-01
7.832031250000000000e-01 2.832031250000000000e-01
2.832031250000000000e-01 7.832031250000000000e-01
4.082031250000000000e-01 4.082031250000000000e-01
9.082031250000000000e-01 9.082031250000000000e-01
6.582031250000000000e-01 1.582031250000000000e-01
1.582031250000000000e-01 6.582031250000000000e-01
2.207031250000000000e-01 3.457031250000000000e-01
7.207031250000000000e-01 8.457031250000000000e-01
9.707031250000000000e-01 9.570312500000000000e-02
4.707031250000000000e-01 5.957031250000000000e-01
3.457031250000000000e-01 2.207031250000000000e-01
8.457031250000000000e-01 7.207031250000000000e-01
5.957031250000000000e-01 4.707031250000000000e-01
9.570312500000000000e-02 9.707031250000000000e-01
6.445312500000000000e-02 4.394531250000000000e-01
5.644531250000000000e-01 9.394531250000000000e-01
8.144531250000000000e-01 1.894531250000000000e-01
3.144531250000000000e-01 6.894531250000000000e-01
4.394531250000000000e-01 6.445312500000000000e-02
9.394531250000000000e-01 5.644531250000000000e-01
6.894531250000000000e-01 3.144531250000000000e-01
1.894531250000000000e-01 8.144531250000000000e-01
1.269531250000000000e-01 1.269531250000000000e-01
6.269531250000000000e-01 6.269531250000000000e-01
8.769531250000000000e-01 3.769531250000000000e-01
3.769531250000000000e-01 8.769531250000000000e-01
2.519531250000000000e-01 2.519531250000000000e-01
7.519531250000000000e-01 7.519531250000000000e-01
5.019531250000000000e-01 1.953125000000000000e-03
1.953125000000000000e-03 5.019531250000000000e-01
2.929687500000000000e-03 2.509765625000000000e-01
5.029296875000000000e-01 7.509765625000000000e-01
7.529296875000000000e-01 9.765625000000000000e-04
2.529296875000000000e-01 5.009765625000000000e-01
3.779296875000000000e-01 1.259765625000000000e-01
8.779296875000000000e-01 6.259765625000000000e-01
6.279296875000000000e-01 3.759765625000000000e-01
1.279296875000000000e-01 8.759765625000000000e-01
1.904296875000000000e-01 6.347656250000000000e-02
6.904296875000000000e-01 5.634765625000000000e-01
9.404296875000000000e-01 3.134765625000000000e-01
4.404296875000000000e-01 8.134765625000000000e-01
3.154296875000000000e-01 4.384765625000000000e-01
8.154296875000000000e-01 9.384765625000000000e-01
5.654296875000000000e-01 1.884765625000000000e-01
6.542968750000000000e-02 6.884765625000000000e-01
9.667968750000000000e-02 2.197265625000000000e-01
5.966796875000000000e-01 7.197265625000000000e-01
8.466796875000000000e-01 4.697265625000000000e-01
3.466796875000000000e-01 9.697265625000000000e-01
4.716796875000000000e-01 3.447265625000000000e-01
9.716796875000000000e-01 8.447265625000000000e-01
7.216796875000000000e-01 9.472656250000000000e-02
2.216796875000000000e-01 5.947265625000000000e-01
1.591796875000000000e-01 4.072265625000000000e-01
6.591796875000000000e-01 9.072265625000000000e-01
9.091796875000000000e-01 1.572265625000000000e-01
4.091796875000000000e-01 6.572265625000000000e-01
2.841796875000000000e-01 3.222656250000000000e-02
7.841796875000000000e-01 5.322265625000000000e-01
5.341796875000000000e-01 2.822265625000000000e-01
3.417968750000000000e-02 7.822265625000000000e-01
4.980468750000000000e-02 1.660156250000000000e-02
5.498046875000000000e-01 5.166015625000000000e-01
7.998046875000000000e-01 2.666015625000000000e-01
2.998046875000000000e-01 7.666015625000000000e-01
4.248046875000000000e-01 3.916015625000000000e-01
9.248046875000000000e-01 8.916015625000000000e-01
6.748046875000000000e-01 1.416015625000000000e-01
1.748046875000000000e-01 6.416015625000000000e-01
2.373046875000000000e-01 3.291015625000000000e-01
7.373046875000000000e-01 8.291015625000000000e-01
9.873046875000000000e-01 7.910156250000000000e-02
4.873046875000000000e-01 5.791015625000000000e-01
3.623046875000000000e-01 2.041015625000000000e-01
8.623046875000000000e-01 7.041015625000000000e-01
6.123046875000000000e-01 4.541015625000000000e-01
1.123046875000000000e-01 9.541015625000000000e-01
8.105468750000000000e-02 4.853515625000000000e-01
5.810546875000000000e-01 9.853515625000000000e-01
8.310546875000000000e-01 2.353515625000000000e-01
3.310546875000000000e-01 7.353515625000000000e-01
4.560546875000000000e-01 1.103515625000000000e-01
9.560546875000000000e-01 6.103515625000000000e-01
7.060546875000000000e-01 3.603515625000000000e-01
2.060546875000000000e-01 8.603515625000000000e-01
1.435546875000000000e-01 1.728515625000000000e-01
6.435546875000000000e-01 6.728515625000000000e-01
8.935546875000000000e-01 4.228515625000000000e-01
3.935546875000000000e-01 9.228515625000000000e-01
2.685546875000000000e-01 2.978515625000000000e-01
7.685546875000000000e-01 7.978515625000000000e-01
5.185546875000000000e-01 4.785156250000000000e-02
1.855468750000000000e-02 5.478515625000000000e-01
2.636718750000000000e-02 1.494140625000000000e-01
5.263671875000000000e-01 6.494140625000000000e-01
7.763671875000000000e-01 3.994140625000000000e-01
2.763671875000000000e-01 8.994140625000000000e-01
4.013671875000000000e-01 2.744140625000000000e-01
9.013671875000000000e-01 7.744140625000000000e-01
6.513671875000000000e-01 2.441406250000000000e-02
1.513671875000000000e-01 5.244140625000000000e-01
2.138671875000000000e-01 4.619140625000000000e-01
7.138671875000000000e-01 9.619140625000000000e-01
9.638671875000000000e-01 2.119140625000000000e-01
4.638671875000000000e-01 7.119140625000000000e-01
3.388671875000000000e-01 8.691406250000000000e-02
8.388671875000000000e-01 5.869140625000000000e-01
5.888671875000000000e-01 3.369140625000000000e-01
8.886718750000000000e-02 8.369140625000000000e-01
1.201171875000000000e-01 3.681640625000000000e-01
6.201171875000000000e-01 8.681640625000000000e-01
8.701171875000000000e-01 1.181640625000000000e-01
3.701171875000000000e-01 6.181640625000000000e-01
4.951171875000000000e-01 2.431640625000000000e-01
9.951171875000000000e-01 7.431640625000000000e-01
7.451171875000000000e-01 4.931640625000000000e-01
2.451171875000000000e-01 9.931640625000000000e-01
1.826171875000000000e-01 5.566406250000000000e-02
6.826171875000000000e-01 5.556640625000000000e-01
9.326171875000000000e-01 3.056640625000000000e-01
4.326171875000000000e-01 8.056640625000000000e-01
3.076171875000000000e-01 4.306640625000000000e-01
8.076171875000000000e-01 9.306640625000000000e-01
5.576171875000000000e-01 1.806640625000000000e-01
5.761718750000000000e-02 6.806640625000000000e-01
4.199218750000000000e-02 3.837890625000000000e-01
5.419921875000000000e-01 8.837890625000000000e-01
7.919921875000000000e-01 1.337890625000000000e-01
2.919921875000000000e-01 6.337890625000000000e-01
4.169921875000000000e-01 8.789062500000000000e-03
9.169921875000000000e-01 5.087890625000000000e-01
6.669921875000000000e-01 2.587890625000000000e-01
1.669921875000000000e-01 7.587890625000000000e-01
2.294921875000000000e-01 1.962890625000000000e-01
7.294921875000000000e-01 6.962890625000000000e-01
9.794921875000000000e-01 4.462890625000000000e-01
4.794921875000000000e-01 9.462890625000000000e-01
3.544921875000000000e-01 3.212890625000000000e-01
8.544921875000000000e-01 8.212890625000000000e-01
6.044921875000000000e-01 7.128906250000000000e-02
1.044921875000000000e-01 5.712890625000000000e-01
7.324218750000000000e-02 1.025390625000000000e-01
5.732421875000000000e-01 6.025390625000000000e-01
8.232421875000000000e-01 3.525390625000000000e-01
3.232421875000000000e-01 8.525390625000000000e-01
4.482421875000000000e-01 4.775390625000000000e-01
9.482421875000000000e-01 9.775390625000000000e-01
6.982421875000000000e-01 2.275390625000000000e-01
1.982421875000000000e-01 7.275390625000000000e-01
1.357421875000000000e-01 2.900390625000000000e-01
6.357421875000000000e-01 7.900390625000000000e-01
8.857421875000000000e-01 4.003906250000000000e-02
3.857421875000000000e-01 5.400390625000000000e-01
2.607421875000000000e-01 1.650390625000000000e-01
7.607421875000000000e-01 6.650390625000000000e-01
5.107421875000000000e-01 4.150390625000000000e-01
1.074218750000000000e-02 9.150390625000000000e-01
1.464843750000000000e-02 8.300781250000000000e-02
5.146484375000000000e-01 5.830078125000000000e-01
7.646484375000000000e-01 3.330078125000000000e-01
2.646484375000000000e-01 8.330078125000000000e-01
3.896484375000000000e-01 4.580078125000000000e-01
8.896484375000000000e-01 9.580078125000000000e-01
6.396484375000000000e-01 2.080078125000000000e-01
1.396484375000000000e-01 7.080078125000000000e-01
2.021484375000000000e-01 2.705078125000000000e-01
7.021484375000000000e-01 7.705078125000000000e-01
9.521484375000000000e-01 2.050781250000000000e-02
4.521484375000000000e-01 5.205078125000000000e-01
3.271484375000000000e-01 1.455078125000000000e-01
8.271484375000000000e-01 6.455078125000000000e-01
5.771484375000000000e-01 3.955078125000000000e-01
7.714843750000000000e-02 8.955078125000000000e-01
1.083984375000000000e-01 4.267578125000000000e-01
6.083984375000000000e-01 9.267578125000000000e-01
8.583984375000000000e-01 1.767578125000000000e-01
3.583984375000000000e-01 6.767578125000000000e-01
4.833984375000000000e-01 5.175781250000000000e-02
9.833984375000000000e-01 5.517578125000000000e-01
7.333984375000000000e-01 3.017578125000000000e-01
2.333984375000000000e-01 8.017578125000000000e-01
1.708984375000000000e-01 2.392578125000000000e-01
6.708984375000000000e-01 7.392578125000000000e-01
9.208984375000000000e-01 4.892578125000000000e-01
4.208984375000000000e-01 9.892578125000000000e-01
2.958984375000000000e-01 3.642578125000000000e-01
7.958984375000000000e-01 8.642578125000000000e-01
5.458984375000000000e-01 1.142578125000000000e-01
4.589843750000000000e-02 6.142578125000000000e-01
6.152343750000000000e-02 3.173828125000000000e-01
5.615234375000000000e-01 8.173828125000000000e-01
8.115234375000000000e-01 6.738281250000000000e-02
3.115234375000000000e-01 5.673828125000000000e-01
4.365234375000000000e-01 1.923828125000000000e-01
9.365234375000000000e-01 6.923828125000000000e-01
6.865234375000000000e-01 4.423828125000000000e-01
1.865234375000000000e-01 9.423828125000000000e-01
2.490234375000000000e-01 4.882812500000000000e-03
7.490234375000000000e-01 5.048828125000000000e-01
9.990234375000000000e-01 2.548828125000000000e-01
4.990234375000000000e-01 7.548828125000000000e-01
3.740234375000000000e-01 3.798828125000000000e-01
8.740234375000000000e-01 8.798828125000000000e-01
6.240234375000000000e-01 1.298828125000000000e-01
1.240234375000000000e-01 6.298828125000000000e-01
9.277343750000000000e-02 1.611328125000000000e-01
5.927734375000000000e-01 6.611328125000000000e-01
8.427734375000000000e-01 4.111328125000000000e-01
3.427734375000000000e-01 9.111328125000000000e-01
4.677734375000000000e-01 2.861328125000000000e-01
9.677734375000000000e-01 7.861328125000000000e-01
7.177734375000000000e-01 3.613281250000000000e-02
2.177734375000000000e-01 5.361328125000000000e-01
1.552734375000000000e-01 4.736328125000000000e-01
6.552734375000000000e-01 9.736328125000000000e-01
9.052734375000000000e-01 2.236328125000000000e-01
4.052734375000000000e-01 7.236328125000000000e-01
2.802734375000000000e-01 9.863281250000000000e-02
7.802734375000000000e-01 5.986328125000000000e-01
5.302734375000000000e-01 3.486328125000000000e-01
3.027343750000000000e-02 8.486328125000000000e-01
2.246093750000000000e-02 4.501953125000000000e-01
5.224609375000000000e-01 9.501953125000000000e-01
7.724609375000000000e-01 2.001953125000000000e-01
2.724609375000000000e-01 7.001953125000000000e-01
3.974609375000000000e-01 7.519531250000000000e-02
8.974609375000000000e-01 5.751953125000000000e-01
6.474609375000000000e-01 3.251953125000000000e-01
1.474609375000000000e-01 8.251953125000000000e-01
2.099609375000000000e-01 1.376953125000000000e-01
7.099609375000000000e-01 6.376953125000000000e-01
9.599609375000000000e-01 3.876953125000000000e-01
4.599609375000000000e-01 8.876953125000000000e-01
3.349609375000000000e-01 2.626953125000000000e-01
8.349609375000000000e-01 7.626953125000000000e-01
5.849609375000000000e-01 1.269531250000000000e-02
8.496093750000000000e-02 5.126953125000000000e-01
1.162109375000000000e-01 4.394531250000000000e-02
6.162109375000000000e-01 5.439453125000000000e-01
8.662109375000000000e-01 2.939453125000000000e-01
3.662109375000000000e-01 7.939453125000000000e-01
4.912109375000000000e-01 4.189453125000000000e-01
9.912109375000000000e-01 9.189453125000000000e-01
7.412109375000000000e-01 1.689453125000000000e-01
2.412109375000000000e-01 6.689453125000000000e-01
1.787109375000000000e-01 3.564453125000000000e-01
6.787109375000000000e-01 8.564453125000000000e-01
9.287109375000000000e-01 1.064453125000000000e-01
4.287109375000000000e-01 6.064453125000000000e-01
3.037109375000000000e-01 2.314453125000000000e-01
8.037109375000000000e-01 7.314453125000000000e-01
5.537109375000000000e-01 4.814453125000000000e-01
5.371093750000000000e-02 9.814453125000000000e-01
3.808593750000000000e-02 2.158203125000000000e-01
5.380859375000000000e-01 7.158203125000000000e-01
7.880859375000000000e-01 4.658203125000000000e-01
2.880859375000000000e-01 9.658203125000000000e-01
4.130859375000000000e-01 3.408203125000000000e-01
9.130859375000000000e-01 8.408203125000000000e-01
6.630859375000000000e-01 9.082031250000000000e-02
1.630859375000000000e-01 5.908203125000000000e-01
2.255859375000000000e-01 4.033203125000000000e-01
7.255859375000000000e-01 9.033203125000000000e-01
9.755859375000000000e-01 1.533203125000000000e-01
4.755859375000000000e-01 6.533203125000000000e-01
3.505859375000000000e-01 2.832031250000000000e-02
8.505859375000000000e-01 5.283203125000000000e-01
6.005859375000000000e-01 2.783203125000000000e-01
1.005859375000000000e-01 7.783203125000000000e-01
6.933593750000000000e-02 3.095703125000000000e-01
5.693359375000000000e-01 8.095703125000000000e-01
8.193359375000000000e-01 5.957031250000000000e-02
3.193359375000000000e-01 5.595703125000000000e-01
4.443359375000000000e-01 1.845703125000000000e-01
9.443359375000000000e-01 6.845703125000000000e-01
6.943359375000000000e-01 4.345703125000000000e-01
1.943359375000000000e-01 9.345703125000000000e-01
1.318359375000000000e-01 1.220703125000000000e-01
6.318359375000000000e-01 6.220703125000000000e-01
8.818359375000000000e-01 3.720703125000000000e-01
3.818359375000000000e-01 8.720703125000000000e-01
2.568359375000000000e-01 4.970703125000000000e-01
7.568359375000000000e-01 9.970703125000000000e-01
5.068359375000000000e-01 2.470703125000000000e-01
6.835937500000000000e-03 7.470703125000000000e-01
4.882812500000000000e-03 2.490234375000000000e-01
5.048828125000000000e-01 7.490234375000000000e-01
7.548828125000000000e-01 4.990234375000000000e-01
2.548828125000000000e-01 9.990234375000000000e-01
3.798828125000000000e-01 3.740234375000000000e-01
8.798828125000000000e-01 8.740234375000000000e-01
6.298828125000000000e-01 1.240234375000000000e-01
1.298828125000000000e-01 6.240234375000000000e-01
1.923828125000000000e-01 4.365234375000000000e-01
6.923828125000000000e-01 9.365234375000000000e-01
9.423828125000000000e-01 1.865234375000000000e-01
4.423828125000000000e-01 6.865234375000000000e-01
3.173828125000000000e-01 6.152343750000000000e-02
8.173828125000000000e-01 5.615234375000000000e-01
5.673828125000000000e-01 3.115234375000000000e-01
6.738281250000000000e-02 8.115234375000000000e-01
9.863281250000000000e-02 2.802734375000000000e-01
5.986328125000000000e-01 7.802734375000000000e-01
8.486328125000000000e-01 3.027343750000000000e-02
3.486328125000000000e-01 5.302734375000000000e-01
4.736328125000000000e-01 1.552734375000000000e-01
9.736328125000000000e-01 6.552734375000000000e-01
7.236328125000000000e-01 4.052734375000000000e-01
2.236328125000000000e-01 9.052734375000000000e-01
1.611328125000000000e-01 9.277343750000000000e-02
6.611328125000000000e-01 5.927734375000000000e-01
9.111328125000000000e-01 3.427734375000000000e-01
4.111328125000000000e-01 8.427734375000000000e-01
2.861328125000000000e-01 4.677734375000000000e-01
7.861328125000000000e-01 9.677734375000000000e-01
5.361328125000000000e-01 2.177734375000000000e-01
3.613281250000000000e-02 7.177734375000000000e-01
5.175781250000000000e-02 4.833984375000000000e-01
5.517578125000000000e-01 9.833984375000000000e-01
8.017578125000000000e-01 2.333984375000000000e-01
3.017578125000000000e-01 7.333984375000000000e-01
4.267578125000000000e-01 1.083984375000000000e-01
9.267578125000000000e-01 6.083984375000000000e-01
6.767578125000000000e-01 3.583984375000000000e-01
1.767578125000000000e-01 8.583984375000000000e-01
2.392578125000000000e-01 1.708984375000000000e-01
7.392578125000000000e-01 6.708984375000000000e-01
9.892578125000000000e-01 4.208984375000000000e-01
4.892578125000000000e-01 9.208984375000000000e-01
3.642578125000000000e-01 2.958984375000000000e-01
8.642578125000000000e-01 7.958984375000000000e-01
6.142578125000000000e-01 4.589843750000000000e-02
1.142578125000000000e-01 5.458984375000000000e-01
8.300781250000000000e-02 1.464843750000000000e-02
5.830078125000000000e-01 5.146484375000000000e-01
8.330078125000000000e-01 2.646484375000000000e-01
3.330078125000000000e-01 7.646484375000000000e-01
4.580078125000000000e-01 3.896484375000000000e-01
9.580078125000000000e-01 8.896484375000000000e-01
7.080078125000000000e-01 1.396484375000000000e-01
2.080078125000000000e-01 6.396484375000000000e-01
1.455078125000000000e-01 3.271484375000000000e-01
6.455078125000000000e-01 8.271484375000000000e-01
8.955078125000000000e-01 7.714843750000000000e-02
3.955078125000000000e-01 5.771484375000000000e-01
2.705078125000000000e-01 2.021484375000000000e-01
7.705078125000000000e-01 7.021484375000000000e-01
5.205078125000000000e-01 4.521484375000000000e-01
2.050781250000000000e-02 9.521484375000000000e-01
2.832031250000000000e-02 3.505859375000000000e-01
5.283203125000000000e-01 8.505859375000000000e-01
7.783203125000000000e-01 1.005859375000000000e-01
2.783203125000000000e-01 6.005859375000000000e-01
4.033203125000000000e-01 2.255859375000000000e-01
9.033203125000000000e-01 7.255859375000000000e-01
6.533203125000000000e-01 4.755859375000000000e-01
1.533203125000000000e-01 9.755859375000000000e-01
2.158203125000000000e-01 3.808593750000000000e-02
7.158203125000000000e-01 5.380859375000000000e-01
9.658203125000000000e-01 2.880859375000000000e-01
4.658203125000000000e-01 7.880859375000000000e-01
3.408203125000000000e-01 4.130859375000000000e-01
8.408203125000000000e-01 9.130859375000000000e-01
5.908203125000000000e-01 1.630859375000000000e-01
9.082031250000000000e-02 6.630859375000000000e-01
1.220703125000000000e-01 1.318359375000000000e-01
6.220703125000000000e-01 6.318359375000000000e-01
8.720703125000000000e-01 3.818359375000000000e-01
3.720703125000000000e-01 8.818359375000000000e-01
4.970703125000000000e-01 2.568359375000000000e-01
9.970703125000000000e-01 7.568359375000000000e-01
7.470703125000000000e-01 6.835937500000000000e-03
2.470703125000000000e-01 5.068359375000000000e-01
1.845703125000000000e-01 4.443359375000000000e-01
6.845703125000000000e-01 9.443359375000000000e-01
9.345703125000000000e-01 1.943359375000000000e-01
4.345703125000000000e-01 6.943359375000000000e-01
3.095703125000000000e-01 6.933593750000000000e-02
8.095703125000000000e-01 5.693359375000000000e-01
5.595703125000000000e-01 3.193359375000000000e-01
5.957031250000000000e-02 8.193359375000000000e-01
4.394531250000000000e-02 1.162109375000000000e-01
5.439453125000000000e-01 6.162109375000000000e-01
7.939453125000000000e-01 3.662109375000000000e-01
2.939453125000000000e-01 8.662109375000000000e-01
4.189453125000000000e-01 4.912109375000000000e-01
9.189453125000000000e-01 9.912109375000000000e-01
6.689453125000000000e-01 2.412109375000000000e-01
1.689453125000000000e-01 7.412109375000000000e-01
2.314453125000000000e-01 3.037109375000000000e-01
7.314453125000000000e-01 8.037109375000000000e-01
9.814453125000000000e-01 5.371093750000000000e-02
4.814453125000000000e-01 5.537109375000000000e-01
3.564453125000000000e-01 1.787109375000000000e-01
8.564453125000000000e-01 6.787109375000000000e-01
6.064453125000000000e-01 4.287109375000000000e-01
1.064453125000000000e-01 9.287109375000000000e-01
7.519531250000000000e-02 3.974609375000000000e-01
5.751953125000000000e-01 8.974609375000000000e-01
8.251953125000000000e-01 1.474609375000000000e-01
3.251953125000000000e-01 6.474609375000000000e-01
4.501953125000000000e-01 2.246093750000000000e-02
9.501953125000000000e-01 5.224609375000000000e-01
7.001953125000000000e-01 2.724609375000000000e-01
2.001953125000000000e-01 7.724609375000000000e-01
1.376953125000000000e-01 2.099609375000000000e-01
6.376953125000000000e-01 7.099609375000000000e-01
8.876953125000000000e-01 4.599609375000000000e-01
3.876953125000000000e-01 9.599609375000000000e-01
2.626953125000000000e-01 3.349609375000000000e-01
7.626953125000000000e-01 8.349609375000000000e-01
5.126953125000000000e-01 8.496093750000000000e-02
1.269531250000000000e-02 5.849609375000000000e-01
8.789062500000000000e-03 4.169921875000000000e-01
5.087890625000000000e-01 9.169921875000000000e-01
7.587890625000000000e-01 1.669921875000000000e-01
2.587890625000000000e-01 6.669921875000000000e-01
3.837890625000000000e-01 4.199218750000000000e-02
8.837890625000000000e-01 5.419921875000000000e-01
6.337890625000000000e-01 2.919921875000000000e-01
1.337890625000000000e-01 7.919921875000000000e-01
1.962890625000000000e-01 2.294921875000000000e-01
6.962890625000000000e-01 7.294921875000000000e-01
9.462890625000000000e-01 4.794921875000000000e-01
4.462890625000000000e-01 9.794921875000000000e-01
3.212890625000000000e-01 3.544921875000000000e-01
8.212890625000000000e-01 8.544921875000000000e-01
5.712890625000000000e-01 1.044921875000000000e-01
7.128906250000000000e-02 6.044921875000000000e-01
1.025390625000000000e-01 7.324218750000000000e-02
6.025390625000000000e-01 5.732421875000000000e-01
8.525390625000000000e-01 3.232421875000000000e-01
3.525390625000000000e-01 8.232421875000000000e-01
4.775390625000000000e-01 4.482421875000000000e-01
9.775390625000000000e-01 9.482421875000000000e-01
7.275390625000000000e-01 1.982421875000000000e-01
2.275390625000000000e-01 6.982421875000000000e-01
1.650390625000000000e-01 2.607421875000000000e-01
6.650390625000000000e-01 7.607421875000000000e-01
9.150390625000000000e-01 1.074218750000000000e-02
4.150390625000000000e-01 5.107421875000000000e-01
2.900390625000000000e-01 1.357421875000000000e-01
7.900390625000000000e-01 6.357421875000000000e-01
5.400390625000000000e-01 3.857421875000000000e-01
4.003906250000000000e-02 8.857421875000000000e-01
5.566406250000000000e-02 1.826171875000000000e-01
5.556640625000000000e-01 6.826171875000000000e-01
8.056640625000000000e-01 4.326171875000000000e-01
3.056640625000000000e-01 9.326171875000000000e-01
4.306640625000000000e-01 3.076171875000000000e-01
9.306640625000000000e-01 8.076171875000000000e-01
6.806640625000000000e-01 5.761718750000000000e-02
1.806640625000000000e-01 5.576171875000000000e-01
2.431640625000000000e-01 4.951171875000000000e-01
7.431640625000000000e-01 9.951171875000000000e-01
9.931640625000000000e-01 2.451171875000000000e-01
4.931640625000000000e-01 7.451171875000000000e-01
3.681640625000000000e-01 1.201171875000000000e-01
8.681640625000000000e-01 6.201171875000000000e-01
6.181640625000000000e-01 3.701171875000000000e-01
1.181640625000000000e-01 8.701171875000000000e-01
8.691406250000000000e-02 3.388671875000000000e-01
5.869140625000000000e-01 8.388671875000000000e-01
8.369140625000000000e-01 8.886718750000000000e-02
3.369140625000000000e-01 5.888671875000000000e-01
4.619140625000000000e-01 2.138671875000000000e-01
9.619140625000000000e-01 7.138671875000000000e-01
7.119140625000000000e-01 4.638671875000000000e-01
2.119140625000000000e-01 9.638671875000000000e-01
1.494140625000000000e-01 2.636718750000000000e-02
6.494140625000000000e-01 5.263671875000000000e-01
8.994140625000000000e-01 2.763671875000000000e-01
3.994140625000000000e-01 7.763671875000000000e-01
2.744140625000000000e-01 4.013671875000000000e-01
7.744140625000000000e-01 9.013671875000000000e-01
5.244140625000000000e-01 1.513671875000000000e-01
2.441406250000000000e-02 6.513671875000000000e-01
1.660156250000000000e-02 4.980468750000000000e-02
5.166015625000000000e-01 5.498046875000000000e-01
7.666015625000000000e-01 2.998046875000000000e-01
2.666015625000000000e-01 7.998046875000000000e-01
3.916015625000000000e-01 4.248046875000000000e-01
8.916015625000000000e-01 9.248046875000000000e-01
6.416015625000000000e-01 1.748046875000000000e-01
1.416015625000000000e-01 6.748046875000000000e-01
2.041015625000000000e-01 3.623046875000000000e-01
7.041015625000000000e-01 8.623046875000000000e-01
9.541015625000000000e-01 1.123046875000000000e-01
4.541015625000000000e-01 6.123046875000000000e-01
3.291015625000000000e-01 2.373046875000000000e-01
8.291015625000000000e-01 7.373046875000000000e-01
5.791015625000000000e-01 4.873046875000000000e-01
7.910156250000000000e-02 9.873046875000000000e-01
1.103515625000000000e-01 4.560546875000000000e-01
6.103515625000000000e-01 9.560546875000000000e-01
8.603515625000000000e-01 2.060546875000000000e-01
3.603515625000000000e-01 7.060546875000000000e-01
4.853515625000000000e-01 8.105468750000000000e-02
9.853515625000000000e-01 5.810546875000000000e-01
7.353515625000000000e-01 3.310546875000000000e-01
2.353515625000000000e-01 8.310546875000000000e-01
1.728515625000000000e-01 1.435546875000000000e-01
6.728515625000000000e-01 6.435546875000000000e-01
9.228515625000000000e-01 3.935546875000000000e-01
4.228515625000000000e-01 8.935546875000000000e-01
2.978515625000000000e-01 2.685546875000000000e-01
7.978515625000000000e-01 7.685546875000000000e-01
5.478515625000000000e-01 1.855468750000000000e-02
4.785156250000000000e-02 5.185546875000000000e-01
3.222656250000000000e-02 2.841796875000000000e-01
5.322265625000000000e-01 7.841796875000000000e-01
7.822265625000000000e-01 3.417968750000000000e-02
2.822265625000000000e-01 5.341796875000000000e-01
4.072265625000000000e-01 1.591796875000000000e-01
9.072265625000000000e-01 6.591796875000000000e-01
6.572265625000000000e-01 4.091796875000000000e-01
1.572265625000000000e-01 9.091796875000000000e-01
2.197265625000000000e-01 9.667968750000000000e-02
7.197265625000000000e-01 5.966796875000000000e-01
9.697265625000000000e-01 3.466796875000000000e-01
4.697265625000000000e-01 8.466796875000000000e-01
3.447265625000000000e-01 4.716796875000000000e-01
8.447265625000000000e-01 9.716796875000000000e-01
5.947265625000000000e-01 2.216796875000000000e-01
9.472656250000000000e-02 7.216796875000000000e-01
6.347656250000000000e-02 1.904296875000000000e-01
5.634765625000000000e-01 6.904296875000000000e-01
8.134765625000000000e-01 4.404296875000000000e-01
3.134765625000000000e-01 9.404296875000000000e-01
4.384765625000000000e-01 3.154296875000000000e-01
9.384765625000000000e-01 8.154296875000000000e-01
6.884765625000000000e-01 6.542968750000000000e-02
1.884765625000000000e-01 5.654296875000000000e-01
1.259765625000000000e-01 3.779296875000000000e-01
6.259765625000000000e-01 8.779296875000000000e-01
8.759765625000000000e-01 1.279296875000000000e-01
3.759765625000000000e-01 6.279296875000000000e-01
2.509765625000000000e-01 2.929687500000000000e-03
7.509765625000000000e-01 5.029296875000000000e-01
5.009765625000000000e-01 2.529296875000000000e-01
9.765625000000000000e-04 7.529296875000000000e-01
1.464843750000000000e-03 3.764648437500000000e-01
5.014648437500000000e-01 8.764648437500000000e-01
7.514648437500000000e-01 1.264648437500000000e-01
2.514648437500000000e-01 6.264648437500000000e-01
3.764648437500000000e-01 1.464843750000000000e-03
8.764648437500000000e-01 5.014648437500000000e-01
6.264648437500000000e-01 2.514648437500000000e-01
1.264648437500000000e-01 7.514648437500000000e-01
1.889648437500000000e-01 1.889648437500000000e-01
6.889648437500000000e-01 6.889648437500000000e-01
9.389648437500000000e-01 4.389648437500000000e-01
4.389648437500000000e-01 9.389648437500000000e-01
3.139648437500000000e-01 3.139648437500000000e-01
8.139648437500000000e-01 8.139648437500000000e-01
5.639648437500000000e-01 6.396484375000000000e-02
6.396484375000000000e-02 5.639648437500000000e-01
9.521484375000000000e-02 9.521484375000000000e-02
5.952148437500000000e-01 5.952148437500000000e-01
8.452148437500000000e-01 3.452148437500000000e-01
3.452148437500000000e-01 8.452148437500000000e-01
4.702148437500000000e-01 4.702148437500000000e-01
9.702148437500000000e-01 9.702148437500000000e-01
7.202148437500000000e-01 2.202148437500000000e-01
2.202148437500000000e-01 7.202148437500000000e-01
1.577148437500000000e-01 2.827148437500000000e-01
6.577148437500000000e-01 7.827148437500000000e-01
9.077148437500000000e-01 3.271484375000000000e-02
4.077148437500000000e-01 5.327148437500000000e-01
2.827148437500000000e-01 1.577148437500000000e-01
7.827148437500000000e-01 6.577148437500000000e-01
5.327148437500000000e-01 4.077148437500000000e-01
3.271484375000000000e-02 9.077148437500000000e-01
4.833984375000000000e-02 1.420898437500000000e-01
5.483398437500000000e-01 6.420898437500000000e-01
7.983398437500000000e-01 3.920898437500000000e-01
2.983398437500000000e-01 8.920898437500000000e-01
4.233398437500000000e-01 2.670898437500000000e-01
9.233398437500000000e-01 7.670898437500000000e-01
6.733398437500000000e-01 1.708984375000000000e-02
1.733398437500000000e-01 5.170898437500000000e-01
2.358398437500000000e-01 4.545898437500000000e-01
7.358398437500000000e-01 9.545898437500000000e-01
9.858398437500000000e-01 2.045898437500000000e-01
4.858398437500000000e-01 7.045898437500000000e-01
3.608398437500000000e-01 7.958984375000000000e-02
8.608398437500000000e-01 5.795898437500000000e-01
6.108398437500000000e-01 3.295898437500000000e-01
1.108398437500000000e-01 8.295898437500000000e-01
7.958984375000000000e-02 3.608398437500000000e-01
5.795898437500000000e-01 8.608398437500000000e-01
8.295898437500000000e-01 1.108398437500000000e-01
3.295898437500000000e-01 6.108398437500000000e-01
4.545898437500000000e-01 2.358398437500000000e-01
9.545898437500000000e-01 7.358398437500000000e-01
7.045898437500000000e-01 4.858398437500000000e-01
2.045898437500000000e-01 9.858398437500000000e-01
1.420898437500000000e-01 4.833984375000000000e-02
6.420898437500000000e-01 5.483398437500000000e-01
8.920898437500000000e-01 2.983398437500000000e-01
3.920898437500000000e-01 7.983398437500000000e-01
2.670898437500000000e-01 4.233398437500000000e-01
7.670898437500000000e-01 9.233398437500000000e-01
5.170898437500000000e-01 1.733398437500000000e-01
1.708984375000000000e-02 6.733398437500000000e-01
2.490234375000000000e-02 2.490234375000000000e-02
5.249023437500000000e-01 5.249023437500000000e-01
7.749023437500000000e-01 2.749023437500000000e-01
2.749023437500000000e-01 7.749023437500000000e-01
3.999023437500000000e-01 3.999023437500000000e-01
8.999023437500000000e-01 8.999023437500000000e-01
6.499023437500000000e-01 1.499023437500000000e-01
1.499023437500000000e-01 6.499023437500000000e-01
2.124023437500000000e-01 3.374023437500000000e-01
7.124023437500000000e-01 8.374023437500000000e-01
9.624023437500000000e-01 8.740234375000000000e-02
4.624023437500000000e-01 5.874023437500000000e-01
3.374023437500000000e-01 2.124023437500000000e-01
8.374023437500000000e-01 7.124023437500000000e-01
5.874023437500000000e-01 4.624023437500000000e-01
8.740234375000000000e-02 9.624023437500000000e-01
1.186523437500000000e-01 4.936523437500000000e-01
6.186523437500000000e-01 9.936523437500000000e-01
8.686523437500000000e-01 2.436523437500000000e-01
3.686523437500000000e-01 7.436523437500000000e-01
4.936523437500000000e-01 1.186523437500000000e-01
9.936523437500000000e-01 6.186523437500000000e-01
7.436523437500000000e-01 3.686523437500000000e-01
2.436523437500000000e-01 8.686523437500000000e-01
1.811523437500000000e-01 1.811523437500000000e-01
6.811523437500000000e-01 6.811523437500000000e-01
9.311523437500000000e-01 4.311523437500000000e-01
4.311523437500000000e-01 9.311523437500000000e-01
3.061523437500000000e-01 3.061523437500000000e-01
8.061523437500000000e-01 8.061523437500000000e-01
5.561523437500000000e-01 5.615234375000000000e-02
5.615234375000000000e-02 5.561523437500000000e-01
4.052734375000000000e-02 2.592773437500000000e-01
5.405273437500000000e-01 7.592773437500000000e-01
7.905273437500000000e-01 9.277343750000000000e-03
2.905273437500000000e-01 5.092773437500000000e-01
4.155273437500000000e-01 1.342773437500000000e-01
9.155273437500000000e-01 6.342773437500000000e-01
6.655273437500000000e-01 3.842773437500000000e-01
1.655273437500000000e-01 8.842773437500000000e-01
2.280273437500000000e-01 7.177734375000000000e-02
7.280273437500000000e-01 5.717773437500000000e-01
9.780273437500000000e-01 3.217773437500000000e-01
4.780273437500000000e-01 8.217773437500000000e-01
3.530273437500000000e-01 4.467773437500000000e-01
8.530273437500000000e-01 9.467773437500000000e-01
6.030273437500000000e-01 1.967773437500000000e-01
1.030273437500000000e-01 6.967773437500000000e-01
7.177734375000000000e-02 2.280273437500000000e-01
5.717773437500000000e-01 7.280273437500000000e-01
8.217773437500000000e-01 4.780273437500000000e-01
3.217773437500000000e-01 9.780273437500000000e-01
4.467773437500000000e-01 3.530273437500000000e-01
9.467773437500000000e-01 8.530273437500000000e-01
6.967773437500000000e-01 1.030273437500000000e-01
1.967773437500000000e-01 6.030273437500000000e-01
1.342773437500000000e-01 4.155273437500000000e-01
6.342773437500000000e-01 9.155273437500000000e-01
8.842773437500000000e-01 1.655273437500000000e-01
3.842773437500000000e-01 6.655273437500000000e-01
2.592773437500000000e-01 4.052734375000000000e-02
7.592773437500000000e-01 5.405273437500000000e-01
5.092773437500000000e-01 2.905273437500000000e-01
9.277343750000000000e-03 7.905273437500000000e-01
1.318359375000000000e-02 2.084960937500000000e-01
5.131835937500000000e-01 7.084960937500000000e-01
7.631835937500000000e-01 4.584960937500000000e-01
2.631835937500000000e-01 9.584960937500000000e-01
3.881835937500000000e-01 3.334960937500000000e-01
8.881835937500000000e-01 8.334960937500000000e-01
6.381835937500000000e-01 8.349609375000000000e-02
1.381835937500000000e-01 5.834960937500000000e-01
2.006835937500000000e-01 3.959960937500000000e-01
7.006835937500000000e-01 8.959960937500000000e-01
9.506835937500000000e-01 1.459960937500000000e-01
4.506835937500000000e-01 6.459960937500000000e-01
3.256835937500000000e-01 2.099609375000000000e-02
8.256835937500000000e-01 5.209960937500000000e-01
5.756835937500000000e-01 2.709960937500000000e-01
7.568359375000000000e-02 7.709960937500000000e-01
1.069335937500000000e-01 3.022460937500000000e-01
6.069335937500000000e-01 8.022460937500000000e-01
8.569335937500000000e-01 5.224609375000000000e-02
3.569335937500000000e-01 5.522460937500000000e-01
4.819335937500000000e-01 1.772460937500000000e-01
9.819335937500000000e-01 6.772460937500000000e-01
7.319335937500000000e-01 4.272460937500000000e-01
2.319335937500000000e-01 9.272460937500000000e-01
1.694335937500000000e-01 1.147460937500000000e-01
6.694335937500000000e-01 6.147460937500000000e-01
9.194335937500000000e-01 3.647460937500000000e-01
4.194335937500000000e-01 8.647460937500000000e-01
2.944335937500000000e-01 4.897460937500000000e-01
7.944335937500000000e-01 9.897460937500000000e-01
5.444335937500000000e-01 2.397460937500000000e-01
4.443359375000000000e-02 7.397460937500000000e-01
6.005859375000000000e-02 4.428710937500000000e-01
5.600585937500000000e-01 9.428710937500000000e-01
8.100585937500000000e-01 1.928710937500000000e-01
3.100585937500000000e-01 6.928710937500000000e-01
4.350585937500000000e-01 6.787109375000000000e-02
9.350585937500000000e-01 5.678710937500000000e-01
6.850585937500000000e-01 3.178710937500000000e-01
1.850585937500000000e-01 8.178710937500000000e-01
2.475585937500000000e-01 1.303710937500000000e-01
7.475585937500000000e-01 6.303710937500000000e-01
9.975585937500000000e-01 3.803710937500000000e-01
4.975585937500000000e-01 8.803710937500000000e-01
3.725585937500000000e-01 2.553710937500000000e-01
8.725585937500000000e-01 7.553710937500000000e-01
6.225585937500000000e-01 5.371093750000000000e-03
1.225585937500000000e-01 5.053710937500000000e-01
9.130859375000000000e-02 3.662109375000000000e-02
5.913085937500000000e-01 5.366210937500000000e-01
8.413085937500000000e-01 2.866210937500000000e-01
3.413085937500000000e-01 7.866210937500000000e-01
4.663085937500000000e-01 4.116210937500000000e-01
9.663085937500000000e-01 9.116210937500000000e-01
7.163085937500000000e-01 1.616210937500000000e-01
2.163085937500000000e-01 6.616210937500000000e-01
1.538085937500000000e-01 3.491210937500000000e-01
6.538085937500000000e-01 8.491210937500000000e-01
9.038085937500000000e-01 9.912109375000000000e-02
4.038085937500000000e-01 5.991210937500000000e-01
2.788085937500000000e-01 2.241210937500000000e-01
7.788085937500000000e-01 7.241210937500000000e-01
5.288085937500000000e-01 4.741210937500000000e-01
2.880859375000000000e-02 9.741210937500000000e-01
2.099609375000000000e-02 3.256835937500000000e-01
5.209960937500000000e-01 8.256835937500000000e-01
7.709960937500000000e-01 7.568359375000000000e-02
2.709960937500000000e-01 5.756835937500000000e-01
3.959960937500000000e-01 2.006835937500000000e-01
8.959960937500000000e-01 7.006835937500000000e-01
6.459960937500000000e-01 4.506835937500000000e-01
1.459960937500000000e-01 9.506835937500000000e-01
2.084960937500000000e-01 1.318359375000000000e-02
7.084960937500000000e-01 5.131835937500000000e-01
9.584960937500000000e-01 2.631835937500000000e-01
4.584960937500000000e-01 7.631835937500000000e-01
3.334960937500000000e-01 3.881835937500000000e-01
8.334960937500000000e-01 8.881835937500000000e-01
5.834960937500000000e-01 1.381835937500000000e-01
8.349609375000000000e-02 6.381835937500000000e-01
1.147460937500000000e-01 1.694335937500000000e-01
6.147460937500000000e-01 6.694335937500000000e-01
8.647460937500000000e-01 4.194335937500000000e-01
3.647460937500000000e-01 9.194335937500000000e-01
4.897460937500000000e-01 2.944335937500000000e-01
9.897460937500000000e-01 7.944335937500000000e-01
7.397460937500000000e-01 4.443359375000000000e-02
2.397460937500000000e-01 5.444335937500000000e-01
1.772460937500000000e-01 4.819335937500000000e-01
6.772460937500000000e-01 9.819335937500000000e-01
9.272460937500000000e-01 2.319335937500000000e-01
4.272460937500000000e-01 7.319335937500000000e-01
3.022460937500000000e-01 1.069335937500000000e-01
8.022460937500000000e-01 6.069335937500000000e-01
5.522460937500000000e-01 3.569335937500000000e-01
5.224609375000000000e-02 8.569335937500000000e-01
3.662109375000000000e-02 9.130859375000000000e-02
5.366210937500000000e-01 5.913085937500000000e-01
7.866210937500000000e-01 3.413085937500000000e-01
2.866210937500000000e-01 8.413085937500000000e-01
4.116210937500000000e-01 4.663085937500000000e-01
9.116210937500000000e-01 9.663085937500000000e-01
6.616210937500000000e-01 2.163085937500000000e-01
1.616210937500000000e-01 7.163085937500000000e-01
2.241210937500000000e-01 2.788085937500000000e-01
7.241210937500000000e-01 7.788085937500000000e-01
9.741210937500000000e-01 2.880859375000000000e-02
4.741210937500000000e-01 5.288085937500000000e-01
3.491210937500000000e-01 1.538085937500000000e-01
8.491210937500000000e-01 6.538085937500000000e-01
5.991210937500000000e-01 4.038085937500000000e-01
9.912109375000000000e-02 9.038085937500000000e-01
6.787109375000000000e-02 4.350585937500000000e-01
5.678710937500000000e-01 9.350585937500000000e-01
8.178710937500000000e-01 1.850585937500000000e-01
3.178710937500000000e-01 6.850585937500000000e-01
4.428710937500000000e-01 6.005859375000000000e-02
9.428710937500000000e-01 5.600585937500000000e-01
6.928710937500000000e-01 3.100585937500000000e-01
1.928710937500000000e-01 8.100585937500000000e-01
1.303710937500000000e-01 2.475585937500000000e-01
6.303710937500000000e-01 7.475585937500000000e-01
8.803710937500000000e-01 4.975585937500000000e-01
3.803710937500000000e-01 9.975585937500000000e-01
2.553710937500000000e-01 3.725585937500000000e-01
7.553710937500000000e-01 8.725585937500000000e-01
5.053710937500000000e-01 1.225585937500000000e-01
5.371093750000000000e-03 6.225585937500000000e-01
7.324218750000000000e-03 1.245117187500000000e-01
5.073242187500000000e-01 6.245117187500000000e-01
7.573242187500000000e-01 3.745117187500000000e-01
2.573242187500000000e-01 8.745117187500000000e-01
3.823242187500000000e-01 4.995117187500000000e-01
8.823242187500000000e-01 9.995117187500000000e-01
6.323242187500000000e-01 2.495117187500000000e-01
1.323242187500000000e-01 7.495117187500000000e-01
1.948242187500000000e-01 3.120117187500000000e-01
6.948242187500000000e-01 8.120117187500000000e-01
9.448242187500000000e-01 6.201171875000000000e-02
4.448242187500000000e-01 5.620117187500000000e-01
3.198242187500000000e-01 1.870117187500000000e-01
8.198242187500000000e-01 6.870117187500000000e-01
5.698242187500000000e-01 4.370117187500000000e-01
6.982421875000000000e-02 9.370117187500000000e-01
1.010742187500000000e-01 4.057617187500000000e-01
6.010742187500000000e-01 9.057617187500000000e-01
8.510742187500000000e-01 1.557617187500000000e-01
3.510742187500000000e-01 6.557617187500000000e-01
4.760742187500000000e-01 3.076171875000000000e-02
9.760742187500000000e-01 5.307617187500000000e-01
7.260742187500000000e-01 2.807617187500000000e-01
2.260742187500000000e-01 7.807617187500000000e-01
1.635742187500000000e-01 2.182617187500000000e-01
6.635742187500000000e-01 7.182617187500000000e-01
9.135742187500000000e-01 4.682617187500000000e-01
4.135742187500000000e-01 9.682617187500000000e-01
2.885742187500000000e-01 3.432617187500000000e-01
7.885742187500000000e-01 8.432617187500000000e-01
5.385742187500000000e-01 9.326171875000000000e-02
3.857421875000000000e-02 5.932617187500000000e-01
5.419921875000000000e-02 3.588867187500000000e-01
5.541992187500000000e-01 8.588867187500000000e-01
8.041992187500000000e-01 1.088867187500000000e-01
3.041992187500000000e-01 6.088867187500000000e-01
4.291992187500000000e-01 2.338867187500000000e-01
9.291992187500000000e-01 7.338867187500000000e-01
6.791992187500000000e-01 4.838867187500000000e-01
1.791992187500000000e-01 9.838867187500000000e-01
2.416992187500000000e-01 4.638671875000000000e-02
7.416992187500000000e-01 5.463867187500000000e-01
9.916992187500000000e-01 2.963867187500000000e-01
4.916992187500000000e-01 7.963867187500000000e-01
3.666992187500000000e-01 4.213867187500000000e-01
8.666992187500000000e-01 9.213867187500000000e-01
6.166992187500000000e-01 1.713867187500000000e-01
1.166992187500000000e-01 6.713867187500000000e-01
8.544921875000000000e-02 1.401367187500000000e-01
5.854492187500000000e-01 6.401367187500000000e-01
8.354492187500000000e-01 3.901367187500000000e-01
3.354492187500000000e-01 8.901367187500000000e-01
4.604492187500000000e-01 2.651367187500000000e-01
9.604492187500000000e-01 7.651367187500000000e-01
7.104492187500000000e-01 1.513671875000000000e-02
2.104492187500000000e-01 5.151367187500000000e-01
1.479492187500000000e-01 4.526367187500000000e-01
6.479492187500000000e-01 9.526367187500000000e-01
8.979492187500000000e-01 2.026367187500000000e-01
3.979492187500000000e-01 7.026367187500000000e-01
2.729492187500000000e-01 7.763671875000000000e-02
7.729492187500000000e-01 5.776367187500000000e-01
5.229492187500000000e-01 3.276367187500000000e-01
2.294921875000000000e-02 8.276367187500000000e-01
3.076171875000000000e-02 4.760742187500000000e-01
5.307617187500000000e-01 9.760742187500000000e-01
7.807617187500000000e-01 2.260742187500000000e-01
2.807617187500000000e-01 7.260742187500000000e-01
4.057617187500000000e-01 1.010742187500000000e-01
9.057617187500000000e-01 6.010742187500000000e-01
6.557617187500000000e-01 3.510742187500000000e-01
1.557617187500000000e-01 8.510742187500000000e-01
2.182617187500000000e-01 1.635742187500000000e-01
7.182617187500000000e-01 6.635742187500000000e-01
9.682617187500000000e-01 4.135742187500000000e-01
4.682617187500000000e-01 9.135742187500000000e-01
3.432617187500000000e-01 2.885742187500000000e-01
8.432617187500000000e-01 7.885742187500000000e-01
5.932617187500000000e-01 3.857421875000000000e-02
9.326171875000000000e-02 5.385742187500000000e-01
1.245117187500000000e-01 7.324218750000000000e-03
6.245117187500000000e-01 5.073242187500000000e-01
8.745117187500000000e-01 2.573242187500000000e-01
3.745117187500000000e-01 7.573242187500000000e-01
4.995117187500000000e-01 3.823242187500000000e-01
9.995117187500000000e-01 8.823242187500000000e-01
7.495117187500000000e-01 1.323242187500000000e-01
2.495117187500000000e-01 6.323242187500000000e-01
1.870117187500000000e-01 3.198242187500000000e-01
6.870117187500000000e-01 8.198242187500000000e-01
9.370117187500000000e-01 6.982421875000000000e-02
4.370117187500000000e-01 5.698242187500000000e-01
3.120117187500000000e-01 1.948242187500000000e-01
8.120117187500000000e-01 6.948242187500000000e-01
5.620117187500000000e-01 4.448242187500000000e-01
6.201171875000000000e-02 9.448242187500000000e-01
4.638671875000000000e-02 2.416992187500000000e-01
5.463867187500000000e-01 7.416992187500000000e-01
7.963867187500000000e-01 4.916992187500000000e-01
2.963867187500000000e-01 9.916992187500000000e-01
4.213867187500000000e-01 3.666992187500000000e-01
9.213867187500000000e-01 8.666992187500000000e-01
6.713867187500000000e-01 1.166992187500000000e-01
1.713867187500000000e-01 6.166992187500000000e-01
2.338867187500000000e-01 4.291992187500000000e-01
7.338867187500000000e-01 9.291992187500000000e-01
9.838867187500000000e-01 1.791992187500000000e-01
4.838867187500000000e-01 6.791992187500000000e-01
3.588867187500000000e-01 5.419921875000000000e-02
8.588867187500000000e-01 5.541992187500000000e-01
6.088867187500000000e-01 3.041992187500000000e-01
1.088867187500000000e-01 8.041992187500000000e-01
7.763671875000000000e-02 2.729492187500000000e-01
5.776367187500000000e-01 7.729492187500000000e-01
8.276367187500000000e-01 2.294921875000000000e-02
3.276367187500000000e-01 5.229492187500000000e-01
4.526367187500000000e-01 1.479492187500000000e-01
9.526367187500000000e-01 6.479492187500000000e-01
7.026367187500000000e-01 3.979492187500000000e-01
2.026367187500000000e-01 8.979492187500000000e-01
1.401367187500000000e-01 8.544921875000000000e-02
6.401367187500000000e-01 5.854492187500000000e-01
8.901367187500000000e-01 3.354492187500000000e-01
3.901367187500000000e-01 8.354492187500000000e-01
2.651367187500000000e-01 4.604492187500000000e-01
7.651367187500000000e-01 9.604492187500000000e-01
5.151367187500000000e-01 2.104492187500000000e-01
1.513671875000000000e-02 7.104492187500000000e-01
1.123046875000000000e-02 2.924804687500000000e-01
5.112304687500000000e-01 7.924804687500000000e-01
7.612304687500000000e-01 4.248046875000000000e-02
2.612304687500000000e-01 5.424804687500000000e-01
3.862304687500000000e-01 1.674804687500000000e-01
8.862304687500000000e-01 6.674804687500000000e-01
6.362304687500000000e-01 4.174804687500000000e-01
1.362304687500000000e-01 9.174804687500000000e-01
1.987304687500000000e-01 1.049804687500000000e-01
6.987304687500000000e-01 6.049804687500000000e-01
9.487304687500000000e-01 3.549804687500000000e-01
4.487304687500000000e-01 8.549804687500000000e-01
3.237304687500000000e-01 4.799804687500000000e-01
8.237304687500000000e-01 9.799804687500000000e-01
5.737304687500000000e-01 2.299804687500000000e-01
7.373046875000000000e-02 7.299804687500000000e-01
1.049804687500000000e-01 1.987304687500000000e-01
6.049804687500000000e-01 6.987304687500000000e-01
8.549804687500000000e-01 4.487304687500000000e-01
3.549804687500000000e-01 9.487304687500000000e-01
4.799804687500000000e-01 3.237304687500000000e-01
9.799804687500000000e-01 8.237304687500000000e-01
7.299804687500000000e-01 7.373046875000000000e-02
2.299804687500000000e-01 5.737304687500000000e-01
1.674804687500000000e-01 3.862304687500000000e-01
6.674804687500000000e-01 8.862304687500000000e-01
9.174804687500000000e-01 1.362304687500000000e-01
4.174804687500000000e-01 6.362304687500000000e-01
2.924804687500000000e-01 1.123046875000000000e-02
7.924804687500000000e-01 5.112304687500000000e-01
5.424804687500000000e-01 2.612304687500000000e-01
4.248046875000000000e-02 7.612304687500000000e-01
5.810546875000000000e-02 5.810546875000000000e-02
5.581054687500000000e-01 5.581054687500000000e-01
8.081054687500000000e-01 3.081054687500000000e-01
3.081054687500000000e-01 8.081054687500000000e-01
4.331054687500000000e-01 4.331054687500000000e-01
9.331054687500000000e-01 9.331054687500000000e-01
6.831054687500000000e-01 1.831054687500000000e-01
1.831054687500000000e-01 6.831054687500000000e-01
2.456054687500000000e-01 3.706054687500000000e-01
7.456054687500000000e-01 8.706054687500000000e-01
9.956054687500000000e-01 1.206054687500000000e-01
4.956054687500000000e-01 6.206054687500000000e-01
3.706054687500000000e-01 2.456054687500000000e-01
8.706054687500000000e-01 7.456054687500000000e-01
6.206054687500000000e-01 4.956054687500000000e-01
1.206054687500000000e-01 9.956054687500000000e-01
8.935546875000000000e-02 4.643554687500000000e-01
5.893554687500000000e-01 9.643554687500000000e-01
8.393554687500000000e-01 2.143554687500000000e-01
3.393554687500000000e-01 7.143554687500000000e-01
4.643554687500000000e-01 8.935546875000000000e-02
9.643554687500000000e-01 5.893554687500000000e-01
7.143554687500000000e-01 3.393554687500000000e-01
2.143554687500000000e-01 8.393554687500000000e-01
1.518554687500000000e-01 1.518554687500000000e-01
6.518554687500000000e-01 6.518554687500000000e-01
9.018554687500000000e-01 4.018554687500000000e-01
4.018554687500000000e-01 9.018554687500000000e-01
2.768554687500000000e-01 2.768554687500000000e-01
7.768554687500000000e-01 7.768554687500000000e-01
5.268554687500000000e-01 2.685546875000000000e-02
2.685546875000000000e-02 5.268554687500000000e-01
1.904296875000000000e-02 1.752929687500000000e-01
5.190429687500000000e-01 6.752929687500000000e-01
7.690429687500000000e-01 4.252929687500000000e-01
2.690429687500000000e-01 9.252929687500000000e-01
3.940429687500000000e-01 3.002929687500000000e-01
8.940429687500000000e-01 8.002929687500000000e-01
6.440429687500000000e-01 5.029296875000000000e-02
1.440429687500000000e-01 5.502929687500000000e-01
2.065429687500000000e-01 4.877929687500000000e-01
7.065429687500000000e-01 9.877929687500000000e-01
9.565429687500000000e-01 2.377929687500000000e-01
4.565429687500000000e-01 7.377929687500000000e-01
3.315429687500000000e-01 1.127929687500000000e-01
8.315429687500000000e-01 6.127929687500000000e-01
5.815429687500000000e-01 3.627929687500000000e-01
8.154296875000000000e-02 8.627929687500000000e-01
1.127929687500000000e-01 3.315429687500000000e-01
6.127929687500000000e-01 8.315429687500000000e-01
8.627929687500000000e-01 8.154296875000000000e-02
3.627929687500000000e-01 5.815429687500000000e-01
4.877929687500000000e-01 2.065429687500000000e-01
9.877929687500000000e-01 7.065429687500000000e-01
7.377929687500000000e-01 4.565429687500000000e-01
2.377929687500000000e-01 9.565429687500000000e-01
1.752929687500000000e-01 1.904296875000000000e-02
6.752929687500000000e-01 5.190429687500000000e-01
9.252929687500000000e-01 2.690429687500000000e-01
4.252929687500000000e-01 7.690429687500000000e-01
3.002929687500000000e-01 3.940429687500000000e-01
8.002929687500000000e-01 8.940429687500000000e-01
5.502929687500000000e-01 1.440429687500000000e-01
5.029296875000000000e-02 6.440429687500000000e-01
3.466796875000000000e-02 4.096679687500000000e-01
5.346679687500000000e-01 9.096679687500000000e-01
7.846679687500000000e-01 1.596679687500000000e-01
2.846679687500000000e-01 6.596679687500000000e-01
4.096679687500000000e-01 3.466796875000000000e-02
9.096679687500000000e-01 5.346679687500000000e-01
6.596679687500000000e-01 2.846679687500000000e-01
1.596679687500000000e-01 7.846679687500000000e-01
2.221679687500000000e-01 2.221679687500000000e-01
7.221679687500000000e-01 7.221679687500000000e-01
9.721679687500000000e-01 4.721679687500000000e-01
4.721679687500000000e-01 9.721679687500000000e-01
3.471679687500000000e-01 3.471679687500000000e-01
8.471679687500000000e-01 8.471679687500000000e-01
5.971679687500000000e-01 9.716796875000000000e-02
9.716796875000000000e-02 5.971679687500000000e-01
6.591796875000000000e-02 6.591796875000000000e-02
5.659179687500000000e-01 5.659179687500000000e-01
8.159179687500000000e-01 3.159179687500000000e-01
3.159179687500000000e-01 8.159179687500000000e-01
4.409179687500000000e-01 4.409179687500000000e-01
9.409179687500000000e-01 9.409179687500000000e-01
6.909179687500000000e-01 1.909179687500000000e-01
1.909179687500000000e-01 6.909179687500000000e-01
1.284179687500000000e-01 2.534179687500000000e-01
6.284179687500000000e-01 7.534179687500000000e-01
8.784179687500000000e-01 3.417968750000000000e-03
3.784179687500000000e-01 5.034179687500000000e-01
2.534179687500000000e-01 1.284179687500000000e-01
7.534179687500000000e-01 6.284179687500000000e-01
5.034179687500000000e-01 3.784179687500000000e-01
3.417968750000000000e-03 8.784179687500000000e-01
2.441406250000000000e-03 1.254882812500000000e-01
5.024414062500000000e-01 6.254882812500000000e-01
7.524414062500000000e-01 3.754882812500000000e-01
2.524414062500000000e-01 8.754882812500000000e-01
3.774414062500000000e-01 2.504882812500000000e-01
8.774414062500000000e-01 7.504882812500000000e-01
6.274414062500000000e-01 4.882812500000000000e-04
1.274414062500000000e-01 5.004882812500000000e-01
1.899414062500000000e-01 4.379882812500000000e-01
6.899414062500000000e-01 9.379882812500000000e-01
9.399414062500000000e-01 1.879882812500000000e-01
4.399414062500000000e-01 6.879882812500000000e-01
3.149414062500000000e-01 6.298828125000000000e-02
8.149414062500000000e-01 5.629882812500000000e-01
5.649414062500000000e-01 3.129882812500000000e-01
6.494140625000000000e-02 8.129882812500000000e-01
9.619140625000000000e-02 3.442382812500000000e-01
5.961914062500000000e-01 8.442382812500000000e-01
8.461914062500000000e-01 9.423828125000000000e-02
3.461914062500000000e-01 5.942382812500000000e-01
4.711914062500000000e-01 2.192382812500000000e-01
9.711914062500000000e-01 7.192382812500000000e-01
7.211914062500000000e-01 4.692382812500000000e-01
2.211914062500000000e-01 9.692382812500000000e-01
1.586914062500000000e-01 3.173828125000000000e-02
6.586914062500000000e-01 5.317382812500000000e-01
9.086914062500000000e-01 2.817382812500000000e-01
4.086914062500000000e-01 7.817382812500000000e-01
2.836914062500000000e-01 4.067382812500000000e-01
7.836914062500000000e-01 9.067382812500000000e-01
5.336914062500000000e-01 1.567382812500000000e-01
3.369140625000000000e-02 6.567382812500000000e-01
4.931640625000000000e-02 3.911132812500000000e-01
5.493164062500000000e-01 8.911132812500000000e-01
7.993164062500000000e-01 1.411132812500000000e-01
2.993164062500000000e-01 6.411132812500000000e-01
4.243164062500000000e-01 1.611328125000000000e-02
9.243164062500000000e-01 5.161132812500000000e-01
6.743164062500000000e-01 2.661132812500000000e-01
1.743164062500000000e-01 7.661132812500000000e-01
2.368164062500000000e-01 2.036132812500000000e-01
7.368164062500000000e-01 7.036132812500000000e-01
9.868164062500000000e-01 4.536132812500000000e-01
4.868164062500000000e-01 9.536132812500000000e-01
3.618164062500000000e-01 3.286132812500000000e-01
8.618164062500000000e-01 8.286132812500000000e-01
6.118164062500000000e-01 7.861328125000000000e-02
1.118164062500000000e-01 5.786132812500000000e-01
8.056640625000000000e-02 1.098632812500000000e-01
5.805664062500000000e-01 6.098632812500000000e-01
8.305664062500000000e-01 3.598632812500000000e-01
3.305664062500000000e-01 8.598632812500000000e-01
4.555664062500000000e-01 4.848632812500000000e-01
9.555664062500000000e-01 9.848632812500000000e-01
7.055664062500000000e-01 2.348632812500000000e-01
2.055664062500000000e-01 7.348632812500000000e-01
1.430664062500000000e-01 2.973632812500000000e-01
6.430664062500000000e-01 7.973632812500000000e-01
8.930664062500000000e-01 4.736328125000000000e-02
3.930664062500000000e-01 5.473632812500000000e-01
2.680664062500000000e-01 1.723632812500000000e-01
7.680664062500000000e-01 6.723632812500000000e-01
5.180664062500000000e-01 4.223632812500000000e-01
1.806640625000000000e-02 9.223632812500000000e-01
2.587890625000000000e-02 2.739257812500000000e-01
5.258789062500000000e-01 7.739257812500000000e-01
7.758789062500000000e-01 2.392578125000000000e-02
2.758789062500000000e-01 5.239257812500000000e-01
4.008789062500000000e-01 1.489257812500000000e-01
9.008789062500000000e-01 6.489257812500000000e-01
6.508789062500000000e-01 3.989257812500000000e-01
1.508789062500000000e-01 8.989257812500000000e-01
2.133789062500000000e-01 8.642578125000000000e-02
7.133789062500000000e-01 5.864257812500000000e-01
9.633789062500000000e-01 3.364257812500000000e-01
4.633789062500000000e-01 8.364257812500000000e-01
3.383789062500000000e-01 4.614257812500000000e-01
8.383789062500000000e-01 9.614257812500000000e-01
5.883789062500000000e-01 2.114257812500000000e-01
8.837890625000000000e-02 7.114257812500000000e-01
1.196289062500000000e-01 2.426757812500000000e-01
6.196289062500000000e-01 7.426757812500000000e-01
8.696289062500000000e-01 4.926757812500000000e-01
3.696289062500000000e-01 9.926757812500000000e-01
4.946289062500000000e-01 3.676757812500000000e-01
9.946289062500000000e-01 8.676757812500000000e-01
7.446289062500000000e-01 1.176757812500000000e-01
2.446289062500000000e-01 6.176757812500000000e-01
1.821289062500000000e-01 4.301757812500000000e-01
6.821289062500000000e-01 9.301757812500000000e-01
9.321289062500000000e-01 1.801757812500000000e-01
4.321289062500000000e-01 6.801757812500000000e-01
3.071289062500000000e-01 5.517578125000000000e-02
8.071289062500000000e-01 5.551757812500000000e-01
5.571289062500000000e-01 3.051757812500000000e-01
5.712890625000000000e-02 8.051757812500000000e-01
4.150390625000000000e-02 8.300781250000000000e-03
5.415039062500000000e-01 5.083007812500000000e-01
7.915039062500000000e-01 2.583007812500000000e-01
2.915039062500000000e-01 7.583007812500000000e-01
4.165039062500000000e-01 3.833007812500000000e-01
9.165039062500000000e-01 8.833007812500000000e-01
6.665039062500000000e-01 1.333007812500000000e-01
1.665039062500000000e-01 6.333007812500000000e-01
2.290039062500000000e-01 3.208007812500000000e-01
7.290039062500000000e-01 8.208007812500000000e-01
9.790039062500000000e-01 7.080078125000000000e-02
4.790039062500000000e-01 5.708007812500000000e-01
3.540039062500000000e-01 1.958007812500000000e-01
8.540039062500000000e-01 6.958007812500000000e-01
6.040039062500000000e-01 4.458007812500000000e-01
1.040039062500000000e-01 9.458007812500000000e-01
7.275390625000000000e-02 4.770507812500000000e-01
5.727539062500000000e-01 9.770507812500000000e-01
8.227539062500000000e-01 2.270507812500000000e-01
3.227539062500000000e-01 7.270507812500000000e-01
4.477539062500000000e-01 1.020507812500000000e-01
9.477539062500000000e-01 6.020507812500000000e-01
6.977539062500000000e-01 3.520507812500000000e-01
1.977539062500000000e-01 8.520507812500000000e-01
1.352539062500000000e-01 1.645507812500000000e-01
6.352539062500000000e-01 6.645507812500000000e-01
8.852539062500000000e-01 4.145507812500000000e-01
3.852539062500000000e-01 9.145507812500000000e-01
2.602539062500000000e-01 2.895507812500000000e-01
7.602539062500000000e-01 7.895507812500000000e-01
5.102539062500000000e-01 3.955078125000000000e-02
1.025390625000000000e-02 5.395507812500000000e-01
1.416015625000000000e-02 4.575195312500000000e-01
5.141601562500000000e-01 9.575195312500000000e-01
7.641601562500000000e-01 2.075195312500000000e-01
2.641601562500000000e-01 7.075195312500000000e-01
3.891601562500000000e-01 8.251953125000000000e-02
8.891601562500000000e-01 5.825195312500000000e-01
6.391601562500000000e-01 3.325195312500000000e-01
1.391601562500000000e-01 8.325195312500000000e-01
2.016601562500000000e-01 1.450195312500000000e-01
7.016601562500000000e-01 6.450195312500000000e-01
9.516601562500000000e-01 3.950195312500000000e-01
4.516601562500000000e-01 8.950195312500000000e-01
3.266601562500000000e-01 2.700195312500000000e-01
8.266601562500000000e-01 7.700195312500000000e-01
5.766601562500000000e-01 2.001953125000000000e-02
7.666015625000000000e-02 5.200195312500000000e-01
1.079101562500000000e-01 5.126953125000000000e-02
6.079101562500000000e-01 5.512695312500000000e-01
8.579101562500000000e-01 3.012695312500000000e-01
3.579101562500000000e-01 8.012695312500000000e-01
4.829101562500000000e-01 4.262695312500000000e-01
9.829101562500000000e-01 9.262695312500000000e-01
7.329101562500000000e-01 1.762695312500000000e-01
2.329101562500000000e-01 6.762695312500000000e-01
1.704101562500000000e-01 3.637695312500000000e-01
6.704101562500000000e-01 8.637695312500000000e-01
9.204101562500000000e-01 1.137695312500000000e-01
4.204101562500000000e-01 6.137695312500000000e-01
2.954101562500000000e-01 2.387695312500000000e-01
7.954101562500000000e-01 7.387695312500000000e-01
5.454101562500000000e-01 4.887695312500000000e-01
4.541015625000000000e-02 9.887695312500000000e-01
6.103515625000000000e-02 1.918945312500000000e-01
5.610351562500000000e-01 6.918945312500000000e-01
8.110351562500000000e-01 4.418945312500000000e-01
3.110351562500000000e-01 9.418945312500000000e-01
4.360351562500000000e-01 3.168945312500000000e-01
9.360351562500000000e-01 8.168945312500000000e-01
6.860351562500000000e-01 6.689453125000000000e-02
1.860351562500000000e-01 5.668945312500000000e-01
2.485351562500000000e-01 3.793945312500000000e-01
7.485351562500000000e-01 8.793945312500000000e-01
9.985351562500000000e-01 1.293945312500000000e-01
4.985351562500000000e-01 6.293945312500000000e-01
3.735351562500000000e-01 4.394531250000000000e-03
8.735351562500000000e-01 5.043945312500000000e-01
6.235351562500000000e-01 2.543945312500000000e-01
1.235351562500000000e-01 7.543945312500000000e-01
9.228515625000000000e-02 2.856445312500000000e-01
5.922851562500000000e-01 7.856445312500000000e-01
8.422851562500000000e-01 3.564453125000000000e-02
3.422851562500000000e-01 5.356445312500000000e-01
4.672851562500000000e-01 1.606445312500000000e-01
9.672851562500000000e-01 6.606445312500000000e-01
7.172851562500000000e-01 4.106445312500000000e-01
2.172851562500000000e-01 9.106445312500000000e-01
1.547851562500000000e-01 9.814453125000000000e-02
6.547851562500000000e-01 5.981445312500000000e-01
9.047851562500000000e-01 3.481445312500000000e-01
4.047851562500000000e-01 8.481445312500000000e-01
2.797851562500000000e-01 4.731445312500000000e-01
7.797851562500000000e-01 9.731445312500000000e-01
5.297851562500000000e-01 2.231445312500000000e-01
2.978515625000000000e-02 7.231445312500000000e-01
2.197265625000000000e-02 7.470703125000000000e-02
5.219726562500000000e-01 5.747070312500000000e-01
7.719726562500000000e-01 3.247070312500000000e-01
2.719726562500000000e-01 8.247070312500000000e-01
3.969726562500000000e-01 4.497070312500000000e-01
8.969726562500000000e-01 9.497070312500000000e-01
6.469726562500000000e-01 1.997070312500000000e-01
1.469726562500000000e-01 6.997070312500000000e-01
2.094726562500000000e-01 2.622070312500000000e-01
7.094726562500000000e-01 7.622070312500000000e-01
9.594726562500000000e-01 1.220703125000000000e-02
4.594726562500000000e-01 5.122070312500000000e-01
3.344726562500000000e-01 1.372070312500000000e-01
8.344726562500000000e-01 6.372070312500000000e-01
5.844726562500000000e-01 3.872070312500000000e-01
8.447265625000000000e-02 8.872070312500000000e-01
1.157226562500000000e-01 4.184570312500000000e-01
6.157226562500000000e-01 9.184570312500000000e-01
8.657226562500000000e-01 1.684570312500000000e-01
3.657226562500000000e-01 6.684570312500000000e-01
4.907226562500000000e-01 4.345703125000000000e-02
9.907226562500000000e-01 5.434570312500000000e-01
7.407226562500000000e-01 2.934570312500000000e-01
2.407226562500000000e-01 7.934570312500000000e-01
1.782226562500000000e-01 2.309570312500000000e-01
6.782226562500000000e-01 7.309570312500000000e-01
9.282226562500000000e-01 4.809570312500000000e-01
4.282226562500000000e-01 9.809570312500000000e-01
3.032226562500000000e-01 3.559570312500000000e-01
8.032226562500000000e-01 8.559570312500000000e-01
5.532226562500000000e-01 1.059570312500000000e-01
5.322265625000000000e-02 6.059570312500000000e-01
3.759765625000000000e-02 3.403320312500000000e-01
5.375976562500000000e-01 8.403320312500000000e-01
7.875976562500000000e-01 9.033203125000000000e-02
2.875976562500000000e-01 5.903320312500000000e-01
4.125976562500000000e-01 2.153320312500000000e-01
9.125976562500000000e-01 7.153320312500000000e-01
6.625976562500000000e-01 4.653320312500000000e-01
1.625976562500000000e-01 9.653320312500000000e-01
2.250976562500000000e-01 2.783203125000000000e-02
7.250976562500000000e-01 5.278320312500000000e-01
9.750976562500000000e-01 2.778320312500000000e-01
4.750976562500000000e-01 7.778320312500000000e-01
3.500976562500000000e-01 4.028320312500000000e-01
8.500976562500000000e-01 9.028320312500000000e-01
6.000976562500000000e-01 1.528320312500000000e-01
1.000976562500000000e-01 6.528320312500000000e-01
6.884765625000000000e-02 1.840820312500000000e-01
5.688476562500000000e-01 6.840820312500000000e-01
8.188476562500000000e-01 4.340820312500000000e-01
3.188476562500000000e-01 9.340820312500000000e-01
4.438476562500000000e-01 3.090820312500000000e-01
9.438476562500000000e-01 8.090820312500000000e-01
6.938476562500000000e-01 5.908203125000000000e-02
1.938476562500000000e-01 5.590820312500000000e-01
1.313476562500000000e-01 4.965820312500000000e-01
6.313476562500000000e-01 9.965820312500000000e-01
8.813476562500000000e-01 2.465820312500000000e-01
3.813476562500000000e-01 7.465820312500000000e-01
2.563476562500000000e-01 1.215820312500000000e-01
7.563476562500000000e-01 6.215820312500000000e-01
5.063476562500000000e-01 3.715820312500000000e-01
6.347656250000000000e-03 8.715820312500000000e-01
4.394531250000000000e-03 3.735351562500000000e-01
5.043945312500000000e-01 8.735351562500000000e-01
7.543945312500000000e-01 1.235351562500000000e-01
2.543945312500000000e-01 6.235351562500000000e-01
3.793945312500000000e-01 2.485351562500000000e-01
8.793945312500000000e-01 7.485351562500000000e-01
6.293945312500000000e-01 4.985351562500000000e-01
1.293945312500000000e-01 9.985351562500000000e-01
1.918945312500000000e-01 6.103515625000000000e-02
6.918945312500000000e-01 5.610351562500000000e-01
9.418945312500000000e-01 3.110351562500000000e-01
4.418945312500000000e-01 8.110351562500000000e-01
3.168945312500000000e-01 4.360351562500000000e-01
8.168945312500000000e-01 9.360351562500000000e-01
5.668945312500000000e-01 1.860351562500000000e-01
6.689453125000000000e-02 6.860351562500000000e-01
9.814453125000000000e-02 1.547851562500000000e-01
5.981445312500000000e-01 6.547851562500000000e-01
8.481445312500000000e-01 4.047851562500000000e-01
3.481445312500000000e-01 9.047851562500000000e-01
4.731445312500000000e-01 2.797851562500000000e-01
9.731445312500000000e-01 7.797851562500000000e-01
7.231445312500000000e-01 2.978515625000000000e-02
2.231445312500000000e-01 5.297851562500000000e-01
1.606445312500000000e-01 4.672851562500000000e-01
6.606445312500000000e-01 9.672851562500000000e-01
9.106445312500000000e-01 2.172851562500000000e-01
4.106445312500000000e-01 7.172851562500000000e-01
2.856445312500000000e-01 9.228515625000000000e-02
7.856445312500000000e-01 5.922851562500000000e-01
5.356445312500000000e-01 3.422851562500000000e-01
3.564453125000000000e-02 8.422851562500000000e-01
5.126953125000000000e-02 1.079101562500000000e-01
5.512695312500000000e-01 6.079101562500000000e-01
8.012695312500000000e-01 3.579101562500000000e-01
3.012695312500000000e-01 8.579101562500000000e-01
4.262695312500000000e-01 4.829101562500000000e-01
9.262695312500000000e-01 9.829101562500000000e-01
6.762695312500000000e-01 2.329101562500000000e-01
1.762695312500000000e-01 7.329101562500000000e-01
2.387695312500000000e-01 2.954101562500000000e-01
7.387695312500000000e-01 7.954101562500000000e-01
9.887695312500000000e-01 4.541015625000000000e-02
4.887695312500000000e-01 5.454101562500000000e-01
3.637695312500000000e-01 1.704101562500000000e-01
8.637695312500000000e-01 6.704101562500000000e-01
6.137695312500000000e-01 4.204101562500000000e-01
1.137695312500000000e-01 9.204101562500000000e-01
8.251953125000000000e-02 3.891601562500000000e-01
5.825195312500000000e-01 8.891601562500000000e-01
8.325195312500000000e-01 1.391601562500000000e-01
3.325195312500000000e-01 6.391601562500000000e-01
4.575195312500000000e-01 1.416015625000000000e-02
9.575195312500000000e-01 5.141601562500000000e-01
7.075195312500000000e-01 2.641601562500000000e-01
2.075195312500000000e-01 7.641601562500000000e-01
1.450195312500000000e-01 2.016601562500000000e-01
6.450195312500000000e-01 7.016601562500000000e-01
8.950195312500000000e-01 4.516601562500000000e-01
3.950195312500000000e-01 9.516601562500000000e-01
2.700195312500000000e-01 3.266601562500000000e-01
7.700195312500000000e-01 8.266601562500000000e-01
5.200195312500000000e-01 7.666015625000000000e-02
2.001953125000000000e-02 5.766601562500000000e-01
2.783203125000000000e-02 2.250976562500000000e-01
5.278320312500000000e-01 7.250976562500000000e-01
7.778320312500000000e-01 4.750976562500000000e-01
2.778320312500000000e-01 9.750976562500000000e-01
4.028320312500000000e-01 3.500976562500000000e-01
9.028320312500000000e-01 8.500976562500000000e-01
6.528320312500000000e-01 1.000976562500000000e-01
1.528320312500000000e-01 6.000976562500000000e-01
2.153320312500000000e-01 4.125976562500000000e-01
7.153320312500000000e-01 9.125976562500000000e-01
9.653320312500000000e-01 1.625976562500000000e-01
4.653320312500000000e-01 6.625976562500000000e-01
3.403320312500000000e-01 3.759765625000000000e-02
8.403320312500000000e-01 5.375976562500000000e-01
5.903320312500000000e-01 2.875976562500000000e-01
9.033203125000000000e-02 7.875976562500000000e-01
1.215820312500000000e-01 2.563476562500000000e-01
6.215820312500000000e-01 7.563476562500000000e-01
8.715820312500000000e-01 6.347656250000000000e-03
3.715820312500000000e-01 5.063476562500000000e-01
4.965820312500000000e-01 1.313476562500000000e-01
9.965820312500000000e-01 6.313476562500000000e-01
7.465820312500000000e-01 3.813476562500000000e-01
2.465820312500000000e-01 8.813476562500000000e-01
1.840820312500000000e-01 6.884765625000000000e-02
6.840820312500000000e-01 5.688476562500000000e-01
9.340820312500000000e-01 3.188476562500000000e-01
4.340820312500000000e-01 8.188476562500000000e-01
3.090820312500000000e-01 4.438476562500000000e-01
8.090820312500000000e-01 9.438476562500000000e-01
5.590820312500000000e-01 1.938476562500000000e-01
5.908203125000000000e-02 6.938476562500000000e-01
4.345703125000000000e-02 4.907226562500000000e-01
5.434570312500000000e-01 9.907226562500000000e-01
7.934570312500000000e-01 2.407226562500000000e-01
2.934570312500000000e-01 7.407226562500000000e-01
4.184570312500000000e-01 1.157226562500000000e-01
9.184570312500000000e-01 6.157226562500000000e-01
6.684570312500000000e-01 3.657226562500000000e-01
1.684570312500000000e-01 8.657226562500000000e-01
2.309570312500000000e-01 1.782226562500000000e-01
7.309570312500000000e-01 6.782226562500000000e-01
9.809570312500000000e-01 4.282226562500000000e-01
4.809570312500000000e-01 9.282226562500000000e-01
3.559570312500000000e-01 3.032226562500000000e-01
8.559570312500000000e-01 8.032226562500000000e-01
6.059570312500000000e-01 5.322265625000000000e-02
1.059570312500000000e-01 5.532226562500000000e-01
7.470703125000000000e-02 2.197265625000000000e-02
5.747070312500000000e-01 5.219726562500000000e-01
8.247070312500000000e-01 2.719726562500000000e-01
3.247070312500000000e-01 7.719726562500000000e-01
4.497070312500000000e-01 3.969726562500000000e-01
9.497070312500000000e-01 8.969726562500000000e-01
6.997070312500000000e-01 1.469726562500000000e-01
1.997070312500000000e-01 6.469726562500000000e-01
1.372070312500000000e-01 3.344726562500000000e-01
6.372070312500000000e-01 8.344726562500000000e-01
8.872070312500000000e-01 8.447265625000000000e-02
3.872070312500000000e-01 5.844726562500000000e-01
2.622070312500000000e-01 2.094726562500000000e-01
7.622070312500000000e-01 7.094726562500000000e-01
5.122070312500000000e-01 4.594726562500000000e-01
1.220703125000000000e-02 9.594726562500000000e-01
8.300781250000000000e-03 4.150390625000000000e-02
5.083007812500000000e-01 5.415039062500000000e-01
7.583007812500000000e-01 2.915039062500000000e-01
2.583007812500000000e-01 7.915039062500000000e-01
3.833007812500000000e-01 4.165039062500000000e-01
8.833007812500000000e-01 9.165039062500000000e-01
6.333007812500000000e-01 1.665039062500000000e-01
1.333007812500000000e-01 6.665039062500000000e-01
1.958007812500000000e-01 3.540039062500000000e-01
6.958007812500000000e-01 8.540039062500000000e-01
9.458007812500000000e-01 1.040039062500000000e-01
4.458007812500000000e-01 6.040039062500000000e-01
3.208007812500000000e-01 2.290039062500000000e-01
8.208007812500000000e-01 7.290039062500000000e-01
5.708007812500000000e-01 4.790039062500000000e-01
7.080078125000000000e-02 9.790039062500000000e-01
1.020507812500000000e-01 4.477539062500000000e-01
6.020507812500000000e-01 9.477539062500000000e-01
8.520507812500000000e-01 1.977539062500000000e-01
3.520507812500000000e-01 6.977539062500000000e-01
4.770507812500000000e-01 7.275390625000000000e-02
9.770507812500000000e-01 5.727539062500000000e-01
7.270507812500000000e-01 3.227539062500000000e-01
2.270507812500000000e-01 8.227539062500000000e-01
1.645507812500000000e-01 1.352539062500000000e-01
6.645507812500000000e-01 6.352539062500000000e-01
9.145507812500000000e-01 3.852539062500000000e-01
4.145507812500000000e-01 8.852539062500000000e-01
2.895507812500000000e-01 2.602539062500000000e-01
7.895507812500000000e-01 7.602539062500000000e-01
5.395507812500000000e-01 1.025390625000000000e-02
3.955078125000000000e-02 5.102539062500000000e-01
5.517578125000000000e-02 3.071289062500000000e-01
5.551757812500000000e-01 8.071289062500000000e-01
8.051757812500000000e-01 5.712890625000000000e-02
3.051757812500000000e-01 5.571289062500000000e-01
4.301757812500000000e-01 1.821289062500000000e-01
9.301757812500000000e-01 6.821289062500000000e-01
6.801757812500000000e-01 4.321289062500000000e-01
1.801757812500000000e-01 9.321289062500000000e-01
2.426757812500000000e-01 1.196289062500000000e-01
7.426757812500000000e-01 6.196289062500000000e-01
9.926757812500000000e-01 3.696289062500000000e-01
4.926757812500000000e-01 8.696289062500000000e-01
3.676757812500000000e-01 4.946289062500000000e-01
8.676757812500000000e-01 9.946289062500000000e-01
6.176757812500000000e-01 2.446289062500000000e-01
1.176757812500000000e-01 7.446289062500000000e-01
8.642578125000000000e-02 2.133789062500000000e-01
5.864257812500000000e-01 7.133789062500000000e-01
8.364257812500000000e-01 4.633789062500000000e-01
3.364257812500000000e-01 9.633789062500000000e-01
4.614257812500000000e-01 3.383789062500000000e-01
9.614257812500000000e-01 8.383789062500000000e-01
7.114257812500000000e-01 8.837890625000000000e-02
2.114257812500000000e-01 5.883789062500000000e-01
1.489257812500000000e-01 4.008789062500000000e-01
6.489257812500000000e-01 9.008789062500000000e-01
8.989257812500000000e-01 1.508789062500000000e-01
3.989257812500000000e-01 6.508789062500000000e-01
2.739257812500000000e-01 2.587890625000000000e-02
7.739257812500000000e-01 5.258789062500000000e-01
5.239257812500000000e-01 2.758789062500000000e-01
2.392578125000000000e-02 7.758789062500000000e-01
1.611328125000000000e-02 4.243164062500000000e-01
5.161132812500000000e-01 9.243164062500000000e-01
7.661132812500000000e-01 1.743164062500000000e-01
2.661132812500000000e-01 6.743164062500000000e-01
3.911132812500000000e-01 4.931640625000000000e-02
8.911132812500000000e-01 5.493164062500000000e-01
6.411132812500000000e-01 2.993164062500000000e-01
1.411132812500000000e-01 7.993164062500000000e-01
2.036132812500000000e-01 2.368164062500000000e-01
7.036132812500000000e-01 7.368164062500000000e-01
9.536132812500000000e-01 4.868164062500000000e-01
4.536132812500000000e-01 9.868164062500000000e-01
3.286132812500000000e-01 3.618164062500000000e-01
8.286132812500000000e-01 8.618164062500000000e-01
5.786132812500000000e-01 1.118164062500000000e-01
7.861328125000000000e-02 6.118164062500000000e-01
1.098632812500000000e-01 8.056640625000000000e-02
